[INFO] Scanning for projects...
[INFO] Artifact org.springframework.boot:spring-boot-starter-parent:pom:2.0.0.RELEASE is present in the local repository, but cached from a remote repository ID that is unavailable in current build context, verifying that is downloadable from [central-only (https://repo.maven.apache.org/maven2, default, releases)]
[INFO] Artifact org.springframework.boot:spring-boot-starter-parent:pom:2.0.0.RELEASE is present in the local repository, but cached from a remote repository ID that is unavailable in current build context, verifying that is downloadable from [central-only (https://repo.maven.apache.org/maven2, default, releases)]
[INFO] Downloading from central-only: https://repo.maven.apache.org/maven2/org/springframework/boot/spring-boot-starter-parent/2.0.0.RELEASE/spring-boot-starter-parent-2.0.0.RELEASE.pom
[INFO] Downloaded from central-only: https://repo.maven.apache.org/maven2/org/springframework/boot/spring-boot-starter-parent/2.0.0.RELEASE/spring-boot-starter-parent-2.0.0.RELEASE.pom (0 B at 0 B/s)
[INFO] Artifact org.springframework.boot:spring-boot-dependencies:pom:2.0.0.RELEASE is present in the local repository, but cached from a remote repository ID that is unavailable in current build context, verifying that is downloadable from [central-only (https://repo.maven.apache.org/maven2, default, releases)]
[INFO] Artifact org.springframework.boot:spring-boot-dependencies:pom:2.0.0.RELEASE is present in the local repository, but cached from a remote repository ID that is unavailable in current build context, verifying that is downloadable from [central-only (https://repo.maven.apache.org/maven2, default, releases)]
[INFO] Downloading from central-only: https://repo.maven.apache.org/maven2/org/springframework/boot/spring-boot-dependencies/2.0.0.RELEASE/spring-boot-dependencies-2.0.0.RELEASE.pom
[INFO] Downloaded from central-only: https://repo.maven.apache.org/maven2/org/springframework/boot/spring-boot-dependencies/2.0.0.RELEASE/spring-boot-dependencies-2.0.0.RELEASE.pom (0 B at 0 B/s)
[INFO] Artifact com.fasterxml.jackson:jackson-bom:pom:2.9.4 is present in the local repository, but cached from a remote repository ID that is unavailable in current build context, verifying that is downloadable from [central-only (https://repo.maven.apache.org/maven2, default, releases+snapshots)]
[INFO] Artifact com.fasterxml.jackson:jackson-bom:pom:2.9.4 is present in the local repository, but cached from a remote repository ID that is unavailable in current build context, verifying that is downloadable from [central-only (https://repo.maven.apache.org/maven2, default, releases+snapshots)]
[INFO] Downloading from central-only: https://repo.maven.apache.org/maven2/com/fasterxml/jackson/jackson-bom/2.9.4/jackson-bom-2.9.4.pom
[INFO] Downloaded from central-only: https://repo.maven.apache.org/maven2/com/fasterxml/jackson/jackson-bom/2.9.4/jackson-bom-2.9.4.pom (0 B at 0 B/s)
[INFO] Artifact com.fasterxml.jackson:jackson-parent:pom:2.9.1 is present in the local repository, but cached from a remote repository ID that is unavailable in current build context, verifying that is downloadable from [central-only (https://repo.maven.apache.org/maven2, default, releases+snapshots)]
[INFO] Artifact com.fasterxml.jackson:jackson-parent:pom:2.9.1 is present in the local repository, but cached from a remote repository ID that is unavailable in current build context, verifying that is downloadable from [central-only (https://repo.maven.apache.org/maven2, default, releases+snapshots)]
[INFO] Downloading from central-only: https://repo.maven.apache.org/maven2/com/fasterxml/jackson/jackson-parent/2.9.1/jackson-parent-2.9.1.pom
[INFO] Downloaded from central-only: https://repo.maven.apache.org/maven2/com/fasterxml/jackson/jackson-parent/2.9.1/jackson-parent-2.9.1.pom (0 B at 0 B/s)
[INFO] Artifact com.fasterxml:oss-parent:pom:30 is present in the local repository, but cached from a remote repository ID that is unavailable in current build context, verifying that is downloadable from [central-only (https://repo.maven.apache.org/maven2, default, releases+snapshots)]
[INFO] Artifact com.fasterxml:oss-parent:pom:30 is present in the local repository, but cached from a remote repository ID that is unavailable in current build context, verifying that is downloadable from [central-only (https://repo.maven.apache.org/maven2, default, releases+snapshots)]
[INFO] Downloading from central-only: https://repo.maven.apache.org/maven2/com/fasterxml/oss-parent/30/oss-parent-30.pom
[INFO] Downloaded from central-only: https://repo.maven.apache.org/maven2/com/fasterxml/oss-parent/30/oss-parent-30.pom (0 B at 0 B/s)
[INFO] Artifact io.netty:netty-bom:pom:4.1.22.Final is present in the local repository, but cached from a remote repository ID that is unavailable in current build context, verifying that is downloadable from [central-only (https://repo.maven.apache.org/maven2, default, releases+snapshots)]
[INFO] Artifact io.netty:netty-bom:pom:4.1.22.Final is present in the local repository, but cached from a remote repository ID that is unavailable in current build context, verifying that is downloadable from [central-only (https://repo.maven.apache.org/maven2, default, releases+snapshots)]
[INFO] Downloading from central-only: https://repo.maven.apache.org/maven2/io/netty/netty-bom/4.1.22.Final/netty-bom-4.1.22.Final.pom
[INFO] Downloaded from central-only: https://repo.maven.apache.org/maven2/io/netty/netty-bom/4.1.22.Final/netty-bom-4.1.22.Final.pom (0 B at 0 B/s)
[INFO] Artifact org.sonatype.oss:oss-parent:pom:7 is present in the local repository, but cached from a remote repository ID that is unavailable in current build context, verifying that is downloadable from [central-only (https://repo.maven.apache.org/maven2, default, releases+snapshots)]
[INFO] Artifact org.sonatype.oss:oss-parent:pom:7 is present in the local repository, but cached from a remote repository ID that is unavailable in current build context, verifying that is downloadable from [central-only (https://repo.maven.apache.org/maven2, default, releases+snapshots)]
[INFO] Downloading from central-only: https://repo.maven.apache.org/maven2/org/sonatype/oss/oss-parent/7/oss-parent-7.pom
[INFO] Downloaded from central-only: https://repo.maven.apache.org/maven2/org/sonatype/oss/oss-parent/7/oss-parent-7.pom (0 B at 0 B/s)
[INFO] Artifact io.projectreactor:reactor-bom:pom:Bismuth-SR7 is present in the local repository, but cached from a remote repository ID that is unavailable in current build context, verifying that is downloadable from [central-only (https://repo.maven.apache.org/maven2, default, releases+snapshots)]
[INFO] Artifact io.projectreactor:reactor-bom:pom:Bismuth-SR7 is present in the local repository, but cached from a remote repository ID that is unavailable in current build context, verifying that is downloadable from [central-only (https://repo.maven.apache.org/maven2, default, releases+snapshots)]
[INFO] Downloading from central-only: https://repo.maven.apache.org/maven2/io/projectreactor/reactor-bom/Bismuth-SR7/reactor-bom-Bismuth-SR7.pom
[INFO] Downloaded from central-only: https://repo.maven.apache.org/maven2/io/projectreactor/reactor-bom/Bismuth-SR7/reactor-bom-Bismuth-SR7.pom (0 B at 0 B/s)
[INFO] Artifact org.apache.logging.log4j:log4j-bom:pom:2.10.0 is present in the local repository, but cached from a remote repository ID that is unavailable in current build context, verifying that is downloadable from [central-only (https://repo.maven.apache.org/maven2, default, releases+snapshots)]
[INFO] Artifact org.apache.logging.log4j:log4j-bom:pom:2.10.0 is present in the local repository, but cached from a remote repository ID that is unavailable in current build context, verifying that is downloadable from [central-only (https://repo.maven.apache.org/maven2, default, releases+snapshots)]
[INFO] Downloading from central-only: https://repo.maven.apache.org/maven2/org/apache/logging/log4j/log4j-bom/2.10.0/log4j-bom-2.10.0.pom
[INFO] Downloaded from central-only: https://repo.maven.apache.org/maven2/org/apache/logging/log4j/log4j-bom/2.10.0/log4j-bom-2.10.0.pom (0 B at 0 B/s)
[INFO] Artifact org.apache.logging:logging-parent:pom:1 is present in the local repository, but cached from a remote repository ID that is unavailable in current build context, verifying that is downloadable from [central-only (https://repo.maven.apache.org/maven2, default, releases+snapshots)]
[INFO] Artifact org.apache.logging:logging-parent:pom:1 is present in the local repository, but cached from a remote repository ID that is unavailable in current build context, verifying that is downloadable from [central-only (https://repo.maven.apache.org/maven2, default, releases+snapshots)]
[INFO] Downloading from central-only: https://repo.maven.apache.org/maven2/org/apache/logging/logging-parent/1/logging-parent-1.pom
[INFO] Downloaded from central-only: https://repo.maven.apache.org/maven2/org/apache/logging/logging-parent/1/logging-parent-1.pom (0 B at 0 B/s)
[INFO] Artifact org.apache:apache:pom:18 is present in the local repository, but cached from a remote repository ID that is unavailable in current build context, verifying that is downloadable from [central-only (https://repo.maven.apache.org/maven2, default, releases+snapshots)]
[INFO] Artifact org.apache:apache:pom:18 is present in the local repository, but cached from a remote repository ID that is unavailable in current build context, verifying that is downloadable from [central-only (https://repo.maven.apache.org/maven2, default, releases+snapshots)]
[INFO] Downloading from central-only: https://repo.maven.apache.org/maven2/org/apache/apache/18/apache-18.pom
[INFO] Downloaded from central-only: https://repo.maven.apache.org/maven2/org/apache/apache/18/apache-18.pom (0 B at 0 B/s)
[INFO] Artifact org.eclipse.jetty:jetty-bom:pom:9.4.8.v20171121 is present in the local repository, but cached from a remote repository ID that is unavailable in current build context, verifying that is downloadable from [central-only (https://repo.maven.apache.org/maven2, default, releases+snapshots)]
[INFO] Artifact org.eclipse.jetty:jetty-bom:pom:9.4.8.v20171121 is present in the local repository, but cached from a remote repository ID that is unavailable in current build context, verifying that is downloadable from [central-only (https://repo.maven.apache.org/maven2, default, releases+snapshots)]
[INFO] Downloading from central-only: https://repo.maven.apache.org/maven2/org/eclipse/jetty/jetty-bom/9.4.8.v20171121/jetty-bom-9.4.8.v20171121.pom
[INFO] Downloaded from central-only: https://repo.maven.apache.org/maven2/org/eclipse/jetty/jetty-bom/9.4.8.v20171121/jetty-bom-9.4.8.v20171121.pom (0 B at 0 B/s)
[INFO] Artifact org.springframework:spring-framework-bom:pom:5.0.4.RELEASE is present in the local repository, but cached from a remote repository ID that is unavailable in current build context, verifying that is downloadable from [central-only (https://repo.maven.apache.org/maven2, default, releases+snapshots)]
[INFO] Artifact org.springframework:spring-framework-bom:pom:5.0.4.RELEASE is present in the local repository, but cached from a remote repository ID that is unavailable in current build context, verifying that is downloadable from [central-only (https://repo.maven.apache.org/maven2, default, releases+snapshots)]
[INFO] Downloading from central-only: https://repo.maven.apache.org/maven2/org/springframework/spring-framework-bom/5.0.4.RELEASE/spring-framework-bom-5.0.4.RELEASE.pom
[INFO] Downloaded from central-only: https://repo.maven.apache.org/maven2/org/springframework/spring-framework-bom/5.0.4.RELEASE/spring-framework-bom-5.0.4.RELEASE.pom (0 B at 0 B/s)
[INFO] Artifact org.springframework.data:spring-data-releasetrain:pom:Kay-SR5 is present in the local repository, but cached from a remote repository ID that is unavailable in current build context, verifying that is downloadable from [central-only (https://repo.maven.apache.org/maven2, default, releases+snapshots)]
[INFO] Artifact org.springframework.data:spring-data-releasetrain:pom:Kay-SR5 is present in the local repository, but cached from a remote repository ID that is unavailable in current build context, verifying that is downloadable from [central-only (https://repo.maven.apache.org/maven2, default, releases+snapshots)]
[INFO] Downloading from central-only: https://repo.maven.apache.org/maven2/org/springframework/data/spring-data-releasetrain/Kay-SR5/spring-data-releasetrain-Kay-SR5.pom
[INFO] Downloaded from central-only: https://repo.maven.apache.org/maven2/org/springframework/data/spring-data-releasetrain/Kay-SR5/spring-data-releasetrain-Kay-SR5.pom (0 B at 0 B/s)
[INFO] Artifact org.springframework.data.build:spring-data-build:pom:2.0.5.RELEASE is present in the local repository, but cached from a remote repository ID that is unavailable in current build context, verifying that is downloadable from [central-only (https://repo.maven.apache.org/maven2, default, releases+snapshots)]
[INFO] Artifact org.springframework.data.build:spring-data-build:pom:2.0.5.RELEASE is present in the local repository, but cached from a remote repository ID that is unavailable in current build context, verifying that is downloadable from [central-only (https://repo.maven.apache.org/maven2, default, releases+snapshots)]
[INFO] Downloading from central-only: https://repo.maven.apache.org/maven2/org/springframework/data/build/spring-data-build/2.0.5.RELEASE/spring-data-build-2.0.5.RELEASE.pom
[INFO] Downloaded from central-only: https://repo.maven.apache.org/maven2/org/springframework/data/build/spring-data-build/2.0.5.RELEASE/spring-data-build-2.0.5.RELEASE.pom (0 B at 0 B/s)
[INFO] Artifact org.springframework.integration:spring-integration-bom:pom:5.0.3.RELEASE is present in the local repository, but cached from a remote repository ID that is unavailable in current build context, verifying that is downloadable from [central-only (https://repo.maven.apache.org/maven2, default, releases+snapshots)]
[INFO] Artifact org.springframework.integration:spring-integration-bom:pom:5.0.3.RELEASE is present in the local repository, but cached from a remote repository ID that is unavailable in current build context, verifying that is downloadable from [central-only (https://repo.maven.apache.org/maven2, default, releases+snapshots)]
[INFO] Downloading from central-only: https://repo.maven.apache.org/maven2/org/springframework/integration/spring-integration-bom/5.0.3.RELEASE/spring-integration-bom-5.0.3.RELEASE.pom
[INFO] Downloaded from central-only: https://repo.maven.apache.org/maven2/org/springframework/integration/spring-integration-bom/5.0.3.RELEASE/spring-integration-bom-5.0.3.RELEASE.pom (0 B at 0 B/s)
[INFO] Artifact org.springframework.security:spring-security-bom:pom:5.0.3.RELEASE is present in the local repository, but cached from a remote repository ID that is unavailable in current build context, verifying that is downloadable from [central-only (https://repo.maven.apache.org/maven2, default, releases+snapshots)]
[INFO] Artifact org.springframework.security:spring-security-bom:pom:5.0.3.RELEASE is present in the local repository, but cached from a remote repository ID that is unavailable in current build context, verifying that is downloadable from [central-only (https://repo.maven.apache.org/maven2, default, releases+snapshots)]
[INFO] Downloading from central-only: https://repo.maven.apache.org/maven2/org/springframework/security/spring-security-bom/5.0.3.RELEASE/spring-security-bom-5.0.3.RELEASE.pom
[INFO] Downloaded from central-only: https://repo.maven.apache.org/maven2/org/springframework/security/spring-security-bom/5.0.3.RELEASE/spring-security-bom-5.0.3.RELEASE.pom (0 B at 0 B/s)
[INFO] Artifact org.springframework.session:spring-session-bom:pom:Apple-SR1 is present in the local repository, but cached from a remote repository ID that is unavailable in current build context, verifying that is downloadable from [central-only (https://repo.maven.apache.org/maven2, default, releases+snapshots)]
[INFO] Artifact org.springframework.session:spring-session-bom:pom:Apple-SR1 is present in the local repository, but cached from a remote repository ID that is unavailable in current build context, verifying that is downloadable from [central-only (https://repo.maven.apache.org/maven2, default, releases+snapshots)]
[INFO] Downloading from central-only: https://repo.maven.apache.org/maven2/org/springframework/session/spring-session-bom/Apple-SR1/spring-session-bom-Apple-SR1.pom
[INFO] Downloaded from central-only: https://repo.maven.apache.org/maven2/org/springframework/session/spring-session-bom/Apple-SR1/spring-session-bom-Apple-SR1.pom (0 B at 0 B/s)
[INFO] 
[INFO] ------------------------< com.jsh:jshERP-boot >-------------------------
[INFO] Building jshERP-boot 3.6-SNAPSHOT
[INFO]   from pom.xml
[INFO] --------------------------------[ jar ]---------------------------------
[INFO] Artifact org.springframework.boot:spring-boot-maven-plugin:pom:2.0.3.RELEASE is present in the local repository, but cached from a remote repository ID that is unavailable in current build context, verifying that is downloadable from [central-only (https://repo.maven.apache.org/maven2, default, releases)]
[INFO] Artifact org.springframework.boot:spring-boot-maven-plugin:pom:2.0.3.RELEASE is present in the local repository, but cached from a remote repository ID that is unavailable in current build context, verifying that is downloadable from [central-only (https://repo.maven.apache.org/maven2, default, releases)]
[INFO] Downloading from central-only: https://repo.maven.apache.org/maven2/org/springframework/boot/spring-boot-maven-plugin/2.0.3.RELEASE/spring-boot-maven-plugin-2.0.3.RELEASE.pom
[INFO] Downloaded from central-only: https://repo.maven.apache.org/maven2/org/springframework/boot/spring-boot-maven-plugin/2.0.3.RELEASE/spring-boot-maven-plugin-2.0.3.RELEASE.pom (0 B at 0 B/s)
[INFO] Artifact org.springframework.boot:spring-boot-tools:pom:2.0.3.RELEASE is present in the local repository, but cached from a remote repository ID that is unavailable in current build context, verifying that is downloadable from [central-only (https://repo.maven.apache.org/maven2, default, releases)]
[INFO] Artifact org.springframework.boot:spring-boot-tools:pom:2.0.3.RELEASE is present in the local repository, but cached from a remote repository ID that is unavailable in current build context, verifying that is downloadable from [central-only (https://repo.maven.apache.org/maven2, default, releases)]
[INFO] Downloading from central-only: https://repo.maven.apache.org/maven2/org/springframework/boot/spring-boot-tools/2.0.3.RELEASE/spring-boot-tools-2.0.3.RELEASE.pom
[INFO] Downloaded from central-only: https://repo.maven.apache.org/maven2/org/springframework/boot/spring-boot-tools/2.0.3.RELEASE/spring-boot-tools-2.0.3.RELEASE.pom (0 B at 0 B/s)
[INFO] Artifact org.springframework.boot:spring-boot-parent:pom:2.0.3.RELEASE is present in the local repository, but cached from a remote repository ID that is unavailable in current build context, verifying that is downloadable from [central-only (https://repo.maven.apache.org/maven2, default, releases)]
[INFO] Artifact org.springframework.boot:spring-boot-parent:pom:2.0.3.RELEASE is present in the local repository, but cached from a remote repository ID that is unavailable in current build context, verifying that is downloadable from [central-only (https://repo.maven.apache.org/maven2, default, releases)]
[INFO] Downloading from central-only: https://repo.maven.apache.org/maven2/org/springframework/boot/spring-boot-parent/2.0.3.RELEASE/spring-boot-parent-2.0.3.RELEASE.pom
[INFO] Downloaded from central-only: https://repo.maven.apache.org/maven2/org/springframework/boot/spring-boot-parent/2.0.3.RELEASE/spring-boot-parent-2.0.3.RELEASE.pom (0 B at 0 B/s)
[INFO] Artifact org.springframework.boot:spring-boot-dependencies:pom:2.0.3.RELEASE is present in the local repository, but cached from a remote repository ID that is unavailable in current build context, verifying that is downloadable from [central-only (https://repo.maven.apache.org/maven2, default, releases)]
[INFO] Artifact org.springframework.boot:spring-boot-dependencies:pom:2.0.3.RELEASE is present in the local repository, but cached from a remote repository ID that is unavailable in current build context, verifying that is downloadable from [central-only (https://repo.maven.apache.org/maven2, default, releases)]
[INFO] Downloading from central-only: https://repo.maven.apache.org/maven2/org/springframework/boot/spring-boot-dependencies/2.0.3.RELEASE/spring-boot-dependencies-2.0.3.RELEASE.pom
[INFO] Downloaded from central-only: https://repo.maven.apache.org/maven2/org/springframework/boot/spring-boot-dependencies/2.0.3.RELEASE/spring-boot-dependencies-2.0.3.RELEASE.pom (0 B at 0 B/s)
[INFO] Artifact com.fasterxml.jackson:jackson-bom:pom:2.9.6 is present in the local repository, but cached from a remote repository ID that is unavailable in current build context, verifying that is downloadable from [central-only (https://repo.maven.apache.org/maven2, default, releases)]
[INFO] Artifact com.fasterxml.jackson:jackson-bom:pom:2.9.6 is present in the local repository, but cached from a remote repository ID that is unavailable in current build context, verifying that is downloadable from [central-only (https://repo.maven.apache.org/maven2, default, releases)]
[INFO] Downloading from central-only: https://repo.maven.apache.org/maven2/com/fasterxml/jackson/jackson-bom/2.9.6/jackson-bom-2.9.6.pom
[INFO] Downloaded from central-only: https://repo.maven.apache.org/maven2/com/fasterxml/jackson/jackson-bom/2.9.6/jackson-bom-2.9.6.pom (0 B at 0 B/s)
[INFO] Artifact com.fasterxml.jackson:jackson-parent:pom:2.9.1.1 is present in the local repository, but cached from a remote repository ID that is unavailable in current build context, verifying that is downloadable from [central-only (https://repo.maven.apache.org/maven2, default, releases)]
[INFO] Artifact com.fasterxml.jackson:jackson-parent:pom:2.9.1.1 is present in the local repository, but cached from a remote repository ID that is unavailable in current build context, verifying that is downloadable from [central-only (https://repo.maven.apache.org/maven2, default, releases)]
[INFO] Downloading from central-only: https://repo.maven.apache.org/maven2/com/fasterxml/jackson/jackson-parent/2.9.1.1/jackson-parent-2.9.1.1.pom
[INFO] Downloaded from central-only: https://repo.maven.apache.org/maven2/com/fasterxml/jackson/jackson-parent/2.9.1.1/jackson-parent-2.9.1.1.pom (0 B at 0 B/s)
[INFO] Artifact com.fasterxml:oss-parent:pom:33 is present in the local repository, but cached from a remote repository ID that is unavailable in current build context, verifying that is downloadable from [central-only (https://repo.maven.apache.org/maven2, default, releases)]
[INFO] Artifact com.fasterxml:oss-parent:pom:33 is present in the local repository, but cached from a remote repository ID that is unavailable in current build context, verifying that is downloadable from [central-only (https://repo.maven.apache.org/maven2, default, releases)]
[INFO] Downloading from central-only: https://repo.maven.apache.org/maven2/com/fasterxml/oss-parent/33/oss-parent-33.pom
[INFO] Downloaded from central-only: https://repo.maven.apache.org/maven2/com/fasterxml/oss-parent/33/oss-parent-33.pom (0 B at 0 B/s)
[INFO] Artifact io.netty:netty-bom:pom:4.1.25.Final is present in the local repository, but cached from a remote repository ID that is unavailable in current build context, verifying that is downloadable from [central-only (https://repo.maven.apache.org/maven2, default, releases)]
[INFO] Artifact io.netty:netty-bom:pom:4.1.25.Final is present in the local repository, but cached from a remote repository ID that is unavailable in current build context, verifying that is downloadable from [central-only (https://repo.maven.apache.org/maven2, default, releases)]
[INFO] Downloading from central-only: https://repo.maven.apache.org/maven2/io/netty/netty-bom/4.1.25.Final/netty-bom-4.1.25.Final.pom
[INFO] Downloaded from central-only: https://repo.maven.apache.org/maven2/io/netty/netty-bom/4.1.25.Final/netty-bom-4.1.25.Final.pom (0 B at 0 B/s)
[INFO] Artifact io.projectreactor:reactor-bom:pom:Bismuth-SR10 is present in the local repository, but cached from a remote repository ID that is unavailable in current build context, verifying that is downloadable from [central-only (https://repo.maven.apache.org/maven2, default, releases)]
[INFO] Artifact io.projectreactor:reactor-bom:pom:Bismuth-SR10 is present in the local repository, but cached from a remote repository ID that is unavailable in current build context, verifying that is downloadable from [central-only (https://repo.maven.apache.org/maven2, default, releases)]
[INFO] Downloading from central-only: https://repo.maven.apache.org/maven2/io/projectreactor/reactor-bom/Bismuth-SR10/reactor-bom-Bismuth-SR10.pom
[INFO] Downloaded from central-only: https://repo.maven.apache.org/maven2/io/projectreactor/reactor-bom/Bismuth-SR10/reactor-bom-Bismuth-SR10.pom (0 B at 0 B/s)
[INFO] Artifact org.eclipse.jetty:jetty-bom:pom:9.4.11.v20180605 is present in the local repository, but cached from a remote repository ID that is unavailable in current build context, verifying that is downloadable from [central-only (https://repo.maven.apache.org/maven2, default, releases)]
[INFO] Artifact org.eclipse.jetty:jetty-bom:pom:9.4.11.v20180605 is present in the local repository, but cached from a remote repository ID that is unavailable in current build context, verifying that is downloadable from [central-only (https://repo.maven.apache.org/maven2, default, releases)]
[INFO] Downloading from central-only: https://repo.maven.apache.org/maven2/org/eclipse/jetty/jetty-bom/9.4.11.v20180605/jetty-bom-9.4.11.v20180605.pom
[INFO] Downloaded from central-only: https://repo.maven.apache.org/maven2/org/eclipse/jetty/jetty-bom/9.4.11.v20180605/jetty-bom-9.4.11.v20180605.pom (0 B at 0 B/s)
[INFO] Artifact org.springframework:spring-framework-bom:pom:5.0.7.RELEASE is present in the local repository, but cached from a remote repository ID that is unavailable in current build context, verifying that is downloadable from [central-only (https://repo.maven.apache.org/maven2, default, releases)]
[INFO] Artifact org.springframework:spring-framework-bom:pom:5.0.7.RELEASE is present in the local repository, but cached from a remote repository ID that is unavailable in current build context, verifying that is downloadable from [central-only (https://repo.maven.apache.org/maven2, default, releases)]
[INFO] Downloading from central-only: https://repo.maven.apache.org/maven2/org/springframework/spring-framework-bom/5.0.7.RELEASE/spring-framework-bom-5.0.7.RELEASE.pom
[INFO] Downloaded from central-only: https://repo.maven.apache.org/maven2/org/springframework/spring-framework-bom/5.0.7.RELEASE/spring-framework-bom-5.0.7.RELEASE.pom (0 B at 0 B/s)
[INFO] Artifact org.springframework.data:spring-data-releasetrain:pom:Kay-SR8 is present in the local repository, but cached from a remote repository ID that is unavailable in current build context, verifying that is downloadable from [central-only (https://repo.maven.apache.org/maven2, default, releases)]
[INFO] Artifact org.springframework.data:spring-data-releasetrain:pom:Kay-SR8 is present in the local repository, but cached from a remote repository ID that is unavailable in current build context, verifying that is downloadable from [central-only (https://repo.maven.apache.org/maven2, default, releases)]
[INFO] Downloading from central-only: https://repo.maven.apache.org/maven2/org/springframework/data/spring-data-releasetrain/Kay-SR8/spring-data-releasetrain-Kay-SR8.pom
[INFO] Downloaded from central-only: https://repo.maven.apache.org/maven2/org/springframework/data/spring-data-releasetrain/Kay-SR8/spring-data-releasetrain-Kay-SR8.pom (0 B at 0 B/s)
[INFO] Artifact org.springframework.data.build:spring-data-build:pom:2.0.8.RELEASE is present in the local repository, but cached from a remote repository ID that is unavailable in current build context, verifying that is downloadable from [central-only (https://repo.maven.apache.org/maven2, default, releases)]
[INFO] Artifact org.springframework.data.build:spring-data-build:pom:2.0.8.RELEASE is present in the local repository, but cached from a remote repository ID that is unavailable in current build context, verifying that is downloadable from [central-only (https://repo.maven.apache.org/maven2, default, releases)]
[INFO] Downloading from central-only: https://repo.maven.apache.org/maven2/org/springframework/data/build/spring-data-build/2.0.8.RELEASE/spring-data-build-2.0.8.RELEASE.pom
[INFO] Downloaded from central-only: https://repo.maven.apache.org/maven2/org/springframework/data/build/spring-data-build/2.0.8.RELEASE/spring-data-build-2.0.8.RELEASE.pom (0 B at 0 B/s)
[INFO] Artifact org.springframework.integration:spring-integration-bom:pom:5.0.6.RELEASE is present in the local repository, but cached from a remote repository ID that is unavailable in current build context, verifying that is downloadable from [central-only (https://repo.maven.apache.org/maven2, default, releases)]
[INFO] Artifact org.springframework.integration:spring-integration-bom:pom:5.0.6.RELEASE is present in the local repository, but cached from a remote repository ID that is unavailable in current build context, verifying that is downloadable from [central-only (https://repo.maven.apache.org/maven2, default, releases)]
[INFO] Downloading from central-only: https://repo.maven.apache.org/maven2/org/springframework/integration/spring-integration-bom/5.0.6.RELEASE/spring-integration-bom-5.0.6.RELEASE.pom
[INFO] Downloaded from central-only: https://repo.maven.apache.org/maven2/org/springframework/integration/spring-integration-bom/5.0.6.RELEASE/spring-integration-bom-5.0.6.RELEASE.pom (0 B at 0 B/s)
[INFO] Artifact org.springframework.security:spring-security-bom:pom:5.0.6.RELEASE is present in the local repository, but cached from a remote repository ID that is unavailable in current build context, verifying that is downloadable from [central-only (https://repo.maven.apache.org/maven2, default, releases)]
[INFO] Artifact org.springframework.security:spring-security-bom:pom:5.0.6.RELEASE is present in the local repository, but cached from a remote repository ID that is unavailable in current build context, verifying that is downloadable from [central-only (https://repo.maven.apache.org/maven2, default, releases)]
[INFO] Downloading from central-only: https://repo.maven.apache.org/maven2/org/springframework/security/spring-security-bom/5.0.6.RELEASE/spring-security-bom-5.0.6.RELEASE.pom
[INFO] Downloaded from central-only: https://repo.maven.apache.org/maven2/org/springframework/security/spring-security-bom/5.0.6.RELEASE/spring-security-bom-5.0.6.RELEASE.pom (0 B at 0 B/s)
[INFO] Artifact org.springframework.session:spring-session-bom:pom:Apple-SR3 is present in the local repository, but cached from a remote repository ID that is unavailable in current build context, verifying that is downloadable from [central-only (https://repo.maven.apache.org/maven2, default, releases)]
[INFO] Artifact org.springframework.session:spring-session-bom:pom:Apple-SR3 is present in the local repository, but cached from a remote repository ID that is unavailable in current build context, verifying that is downloadable from [central-only (https://repo.maven.apache.org/maven2, default, releases)]
[INFO] Downloading from central-only: https://repo.maven.apache.org/maven2/org/springframework/session/spring-session-bom/Apple-SR3/spring-session-bom-Apple-SR3.pom
[INFO] Downloaded from central-only: https://repo.maven.apache.org/maven2/org/springframework/session/spring-session-bom/Apple-SR3/spring-session-bom-Apple-SR3.pom (0 B at 0 B/s)
[INFO] Artifact org.springframework.boot:spring-boot-maven-plugin:jar:2.0.3.RELEASE is present in the local repository, but cached from a remote repository ID that is unavailable in current build context, verifying that is downloadable from [central-only (https://repo.maven.apache.org/maven2, default, releases)]
[INFO] Artifact org.springframework.boot:spring-boot-maven-plugin:jar:2.0.3.RELEASE is present in the local repository, but cached from a remote repository ID that is unavailable in current build context, verifying that is downloadable from [central-only (https://repo.maven.apache.org/maven2, default, releases)]
[INFO] Downloading from central-only: https://repo.maven.apache.org/maven2/org/springframework/boot/spring-boot-maven-plugin/2.0.3.RELEASE/spring-boot-maven-plugin-2.0.3.RELEASE.jar
[INFO] Downloaded from central-only: https://repo.maven.apache.org/maven2/org/springframework/boot/spring-boot-maven-plugin/2.0.3.RELEASE/spring-boot-maven-plugin-2.0.3.RELEASE.jar (0 B at 0 B/s)
[INFO] Artifact org.apache.maven.plugins:maven-resources-plugin:pom:3.0.1 is present in the local repository, but cached from a remote repository ID that is unavailable in current build context, verifying that is downloadable from [central-only (https://repo.maven.apache.org/maven2, default, releases)]
[INFO] Artifact org.apache.maven.plugins:maven-resources-plugin:pom:3.0.1 is present in the local repository, but cached from a remote repository ID that is unavailable in current build context, verifying that is downloadable from [central-only (https://repo.maven.apache.org/maven2, default, releases)]
[INFO] Downloading from central-only: https://repo.maven.apache.org/maven2/org/apache/maven/plugins/maven-resources-plugin/3.0.1/maven-resources-plugin-3.0.1.pom
[INFO] Downloaded from central-only: https://repo.maven.apache.org/maven2/org/apache/maven/plugins/maven-resources-plugin/3.0.1/maven-resources-plugin-3.0.1.pom (0 B at 0 B/s)
[INFO] Artifact org.apache.maven.plugins:maven-plugins:pom:30 is present in the local repository, but cached from a remote repository ID that is unavailable in current build context, verifying that is downloadable from [central-only (https://repo.maven.apache.org/maven2, default, releases)]
[INFO] Artifact org.apache.maven.plugins:maven-plugins:pom:30 is present in the local repository, but cached from a remote repository ID that is unavailable in current build context, verifying that is downloadable from [central-only (https://repo.maven.apache.org/maven2, default, releases)]
[INFO] Downloading from central-only: https://repo.maven.apache.org/maven2/org/apache/maven/plugins/maven-plugins/30/maven-plugins-30.pom
[INFO] Downloaded from central-only: https://repo.maven.apache.org/maven2/org/apache/maven/plugins/maven-plugins/30/maven-plugins-30.pom (0 B at 0 B/s)
[INFO] Artifact org.apache.maven:maven-parent:pom:30 is present in the local repository, but cached from a remote repository ID that is unavailable in current build context, verifying that is downloadable from [central-only (https://repo.maven.apache.org/maven2, default, releases)]
[INFO] Artifact org.apache.maven:maven-parent:pom:30 is present in the local repository, but cached from a remote repository ID that is unavailable in current build context, verifying that is downloadable from [central-only (https://repo.maven.apache.org/maven2, default, releases)]
[INFO] Downloading from central-only: https://repo.maven.apache.org/maven2/org/apache/maven/maven-parent/30/maven-parent-30.pom
[INFO] Downloaded from central-only: https://repo.maven.apache.org/maven2/org/apache/maven/maven-parent/30/maven-parent-30.pom (0 B at 0 B/s)
[INFO] Artifact org.apache.maven.plugins:maven-resources-plugin:jar:3.0.1 is present in the local repository, but cached from a remote repository ID that is unavailable in current build context, verifying that is downloadable from [central-only (https://repo.maven.apache.org/maven2, default, releases)]
[INFO] Artifact org.apache.maven.plugins:maven-resources-plugin:jar:3.0.1 is present in the local repository, but cached from a remote repository ID that is unavailable in current build context, verifying that is downloadable from [central-only (https://repo.maven.apache.org/maven2, default, releases)]
[INFO] Downloading from central-only: https://repo.maven.apache.org/maven2/org/apache/maven/plugins/maven-resources-plugin/3.0.1/maven-resources-plugin-3.0.1.jar
[INFO] Downloaded from central-only: https://repo.maven.apache.org/maven2/org/apache/maven/plugins/maven-resources-plugin/3.0.1/maven-resources-plugin-3.0.1.jar (0 B at 0 B/s)
[INFO] Artifact org.apache.maven.plugins:maven-compiler-plugin:pom:3.7.0 is present in the local repository, but cached from a remote repository ID that is unavailable in current build context, verifying that is downloadable from [central-only (https://repo.maven.apache.org/maven2, default, releases)]
[INFO] Artifact org.apache.maven.plugins:maven-compiler-plugin:pom:3.7.0 is present in the local repository, but cached from a remote repository ID that is unavailable in current build context, verifying that is downloadable from [central-only (https://repo.maven.apache.org/maven2, default, releases)]
[INFO] Downloading from central-only: https://repo.maven.apache.org/maven2/org/apache/maven/plugins/maven-compiler-plugin/3.7.0/maven-compiler-plugin-3.7.0.pom
[INFO] Downloaded from central-only: https://repo.maven.apache.org/maven2/org/apache/maven/plugins/maven-compiler-plugin/3.7.0/maven-compiler-plugin-3.7.0.pom (0 B at 0 B/s)
[INFO] Artifact org.apache.maven.plugins:maven-compiler-plugin:jar:3.7.0 is present in the local repository, but cached from a remote repository ID that is unavailable in current build context, verifying that is downloadable from [central-only (https://repo.maven.apache.org/maven2, default, releases)]
[INFO] Artifact org.apache.maven.plugins:maven-compiler-plugin:jar:3.7.0 is present in the local repository, but cached from a remote repository ID that is unavailable in current build context, verifying that is downloadable from [central-only (https://repo.maven.apache.org/maven2, default, releases)]
[INFO] Downloading from central-only: https://repo.maven.apache.org/maven2/org/apache/maven/plugins/maven-compiler-plugin/3.7.0/maven-compiler-plugin-3.7.0.jar
[INFO] Downloaded from central-only: https://repo.maven.apache.org/maven2/org/apache/maven/plugins/maven-compiler-plugin/3.7.0/maven-compiler-plugin-3.7.0.jar (0 B at 0 B/s)
[INFO] Artifact org.apache.maven.plugins:maven-surefire-plugin:pom:2.20.1 is present in the local repository, but cached from a remote repository ID that is unavailable in current build context, verifying that is downloadable from [central-only (https://repo.maven.apache.org/maven2, default, releases)]
[INFO] Artifact org.apache.maven.plugins:maven-surefire-plugin:pom:2.20.1 is present in the local repository, but cached from a remote repository ID that is unavailable in current build context, verifying that is downloadable from [central-only (https://repo.maven.apache.org/maven2, default, releases)]
[INFO] Downloading from central-only: https://repo.maven.apache.org/maven2/org/apache/maven/plugins/maven-surefire-plugin/2.20.1/maven-surefire-plugin-2.20.1.pom
[INFO] Downloaded from central-only: https://repo.maven.apache.org/maven2/org/apache/maven/plugins/maven-surefire-plugin/2.20.1/maven-surefire-plugin-2.20.1.pom (0 B at 0 B/s)
[INFO] Artifact org.apache.maven.surefire:surefire:pom:2.20.1 is present in the local repository, but cached from a remote repository ID that is unavailable in current build context, verifying that is downloadable from [central-only (https://repo.maven.apache.org/maven2, default, releases)]
[INFO] Artifact org.apache.maven.surefire:surefire:pom:2.20.1 is present in the local repository, but cached from a remote repository ID that is unavailable in current build context, verifying that is downloadable from [central-only (https://repo.maven.apache.org/maven2, default, releases)]
[INFO] Downloading from central-only: https://repo.maven.apache.org/maven2/org/apache/maven/surefire/surefire/2.20.1/surefire-2.20.1.pom
[INFO] Downloaded from central-only: https://repo.maven.apache.org/maven2/org/apache/maven/surefire/surefire/2.20.1/surefire-2.20.1.pom (0 B at 0 B/s)
[INFO] Artifact org.apache.maven.plugins:maven-surefire-plugin:jar:2.20.1 is present in the local repository, but cached from a remote repository ID that is unavailable in current build context, verifying that is downloadable from [central-only (https://repo.maven.apache.org/maven2, default, releases)]
[INFO] Artifact org.apache.maven.plugins:maven-surefire-plugin:jar:2.20.1 is present in the local repository, but cached from a remote repository ID that is unavailable in current build context, verifying that is downloadable from [central-only (https://repo.maven.apache.org/maven2, default, releases)]
[INFO] Downloading from central-only: https://repo.maven.apache.org/maven2/org/apache/maven/plugins/maven-surefire-plugin/2.20.1/maven-surefire-plugin-2.20.1.jar
[INFO] Downloaded from central-only: https://repo.maven.apache.org/maven2/org/apache/maven/plugins/maven-surefire-plugin/2.20.1/maven-surefire-plugin-2.20.1.jar (0 B at 0 B/s)
[INFO] Artifact org.apache.maven.plugins:maven-jar-plugin:pom:3.0.2 is present in the local repository, but cached from a remote repository ID that is unavailable in current build context, verifying that is downloadable from [central-only (https://repo.maven.apache.org/maven2, default, releases)]
[INFO] Artifact org.apache.maven.plugins:maven-jar-plugin:pom:3.0.2 is present in the local repository, but cached from a remote repository ID that is unavailable in current build context, verifying that is downloadable from [central-only (https://repo.maven.apache.org/maven2, default, releases)]
[INFO] Downloading from central-only: https://repo.maven.apache.org/maven2/org/apache/maven/plugins/maven-jar-plugin/3.0.2/maven-jar-plugin-3.0.2.pom
[INFO] Downloaded from central-only: https://repo.maven.apache.org/maven2/org/apache/maven/plugins/maven-jar-plugin/3.0.2/maven-jar-plugin-3.0.2.pom (0 B at 0 B/s)
[INFO] Artifact org.apache.maven.plugins:maven-jar-plugin:jar:3.0.2 is present in the local repository, but cached from a remote repository ID that is unavailable in current build context, verifying that is downloadable from [central-only (https://repo.maven.apache.org/maven2, default, releases)]
[INFO] Artifact org.apache.maven.plugins:maven-jar-plugin:jar:3.0.2 is present in the local repository, but cached from a remote repository ID that is unavailable in current build context, verifying that is downloadable from [central-only (https://repo.maven.apache.org/maven2, default, releases)]
[INFO] Downloading from central-only: https://repo.maven.apache.org/maven2/org/apache/maven/plugins/maven-jar-plugin/3.0.2/maven-jar-plugin-3.0.2.jar
[INFO] Downloaded from central-only: https://repo.maven.apache.org/maven2/org/apache/maven/plugins/maven-jar-plugin/3.0.2/maven-jar-plugin-3.0.2.jar (0 B at 0 B/s)
[INFO] Artifact org.apache.maven.plugins:maven-assembly-plugin:pom:2.5.1 is present in the local repository, but cached from a remote repository ID that is unavailable in current build context, verifying that is downloadable from [central-only (https://repo.maven.apache.org/maven2, default, releases)]
[INFO] Artifact org.apache.maven.plugins:maven-assembly-plugin:pom:2.5.1 is present in the local repository, but cached from a remote repository ID that is unavailable in current build context, verifying that is downloadable from [central-only (https://repo.maven.apache.org/maven2, default, releases)]
[INFO] Downloading from central-only: https://repo.maven.apache.org/maven2/org/apache/maven/plugins/maven-assembly-plugin/2.5.1/maven-assembly-plugin-2.5.1.pom
[INFO] Downloaded from central-only: https://repo.maven.apache.org/maven2/org/apache/maven/plugins/maven-assembly-plugin/2.5.1/maven-assembly-plugin-2.5.1.pom (0 B at 0 B/s)
[INFO] Artifact org.apache.maven.plugins:maven-plugins:pom:25 is present in the local repository, but cached from a remote repository ID that is unavailable in current build context, verifying that is downloadable from [central-only (https://repo.maven.apache.org/maven2, default, releases)]
[INFO] Artifact org.apache.maven.plugins:maven-plugins:pom:25 is present in the local repository, but cached from a remote repository ID that is unavailable in current build context, verifying that is downloadable from [central-only (https://repo.maven.apache.org/maven2, default, releases)]
[INFO] Downloading from central-only: https://repo.maven.apache.org/maven2/org/apache/maven/plugins/maven-plugins/25/maven-plugins-25.pom
[INFO] Downloaded from central-only: https://repo.maven.apache.org/maven2/org/apache/maven/plugins/maven-plugins/25/maven-plugins-25.pom (0 B at 0 B/s)
[INFO] Artifact org.apache.maven:maven-parent:pom:24 is present in the local repository, but cached from a remote repository ID that is unavailable in current build context, verifying that is downloadable from [central-only (https://repo.maven.apache.org/maven2, default, releases+snapshots)]
[INFO] Artifact org.apache.maven:maven-parent:pom:24 is present in the local repository, but cached from a remote repository ID that is unavailable in current build context, verifying that is downloadable from [central-only (https://repo.maven.apache.org/maven2, default, releases+snapshots)]
[INFO] Downloading from central-only: https://repo.maven.apache.org/maven2/org/apache/maven/maven-parent/24/maven-parent-24.pom
[INFO] Downloaded from central-only: https://repo.maven.apache.org/maven2/org/apache/maven/maven-parent/24/maven-parent-24.pom (0 B at 0 B/s)
[INFO] Artifact org.apache:apache:pom:14 is present in the local repository, but cached from a remote repository ID that is unavailable in current build context, verifying that is downloadable from [central-only (https://repo.maven.apache.org/maven2, default, releases+snapshots)]
[INFO] Artifact org.apache:apache:pom:14 is present in the local repository, but cached from a remote repository ID that is unavailable in current build context, verifying that is downloadable from [central-only (https://repo.maven.apache.org/maven2, default, releases+snapshots)]
[INFO] Downloading from central-only: https://repo.maven.apache.org/maven2/org/apache/apache/14/apache-14.pom
[INFO] Downloaded from central-only: https://repo.maven.apache.org/maven2/org/apache/apache/14/apache-14.pom (0 B at 0 B/s)
[INFO] Artifact org.apache.maven.plugins:maven-assembly-plugin:jar:2.5.1 is present in the local repository, but cached from a remote repository ID that is unavailable in current build context, verifying that is downloadable from [central-only (https://repo.maven.apache.org/maven2, default, releases)]
[INFO] Artifact org.apache.maven.plugins:maven-assembly-plugin:jar:2.5.1 is present in the local repository, but cached from a remote repository ID that is unavailable in current build context, verifying that is downloadable from [central-only (https://repo.maven.apache.org/maven2, default, releases)]
[INFO] Downloading from central-only: https://repo.maven.apache.org/maven2/org/apache/maven/plugins/maven-assembly-plugin/2.5.1/maven-assembly-plugin-2.5.1.jar
[INFO] Downloaded from central-only: https://repo.maven.apache.org/maven2/org/apache/maven/plugins/maven-assembly-plugin/2.5.1/maven-assembly-plugin-2.5.1.jar (0 B at 0 B/s)
[INFO] Artifact com.gitee.starblues:springboot-plugin-framework:pom:2.2.1-RELEASE is present in the local repository, but cached from a remote repository ID that is unavailable in current build context, verifying that is downloadable from [central-only (https://repo.maven.apache.org/maven2, default, releases+snapshots)]
[INFO] Artifact com.gitee.starblues:springboot-plugin-framework:pom:2.2.1-RELEASE is present in the local repository, but cached from a remote repository ID that is unavailable in current build context, verifying that is downloadable from [central-only (https://repo.maven.apache.org/maven2, default, releases+snapshots)]
[INFO] Downloading from central-only: https://repo.maven.apache.org/maven2/com/gitee/starblues/springboot-plugin-framework/2.2.1-RELEASE/springboot-plugin-framework-2.2.1-RELEASE.pom
[INFO] Downloaded from central-only: https://repo.maven.apache.org/maven2/com/gitee/starblues/springboot-plugin-framework/2.2.1-RELEASE/springboot-plugin-framework-2.2.1-RELEASE.pom (0 B at 0 B/s)
[INFO] Artifact org.pf4j:pf4j:pom:3.1.0 is present in the local repository, but cached from a remote repository ID that is unavailable in current build context, verifying that is downloadable from [central-only (https://repo.maven.apache.org/maven2, default, releases+snapshots)]
[INFO] Artifact org.pf4j:pf4j:pom:3.1.0 is present in the local repository, but cached from a remote repository ID that is unavailable in current build context, verifying that is downloadable from [central-only (https://repo.maven.apache.org/maven2, default, releases+snapshots)]
[INFO] Downloading from central-only: https://repo.maven.apache.org/maven2/org/pf4j/pf4j/3.1.0/pf4j-3.1.0.pom
[INFO] Downloaded from central-only: https://repo.maven.apache.org/maven2/org/pf4j/pf4j/3.1.0/pf4j-3.1.0.pom (0 B at 0 B/s)
[INFO] Artifact org.pf4j:pf4j-parent:pom:3.1.0 is present in the local repository, but cached from a remote repository ID that is unavailable in current build context, verifying that is downloadable from [central-only (https://repo.maven.apache.org/maven2, default, releases+snapshots)]
[INFO] Artifact org.pf4j:pf4j-parent:pom:3.1.0 is present in the local repository, but cached from a remote repository ID that is unavailable in current build context, verifying that is downloadable from [central-only (https://repo.maven.apache.org/maven2, default, releases+snapshots)]
[INFO] Downloading from central-only: https://repo.maven.apache.org/maven2/org/pf4j/pf4j-parent/3.1.0/pf4j-parent-3.1.0.pom
[INFO] Downloaded from central-only: https://repo.maven.apache.org/maven2/org/pf4j/pf4j-parent/3.1.0/pf4j-parent-3.1.0.pom (0 B at 0 B/s)
[INFO] Artifact org.slf4j:slf4j-api:pom:1.7.25 is present in the local repository, but cached from a remote repository ID that is unavailable in current build context, verifying that is downloadable from [central-only (https://repo.maven.apache.org/maven2, default, releases+snapshots)]
[INFO] Artifact org.slf4j:slf4j-api:pom:1.7.25 is present in the local repository, but cached from a remote repository ID that is unavailable in current build context, verifying that is downloadable from [central-only (https://repo.maven.apache.org/maven2, default, releases+snapshots)]
[INFO] Downloading from central-only: https://repo.maven.apache.org/maven2/org/slf4j/slf4j-api/1.7.25/slf4j-api-1.7.25.pom
[INFO] Downloaded from central-only: https://repo.maven.apache.org/maven2/org/slf4j/slf4j-api/1.7.25/slf4j-api-1.7.25.pom (0 B at 0 B/s)
[INFO] Artifact org.slf4j:slf4j-parent:pom:1.7.25 is present in the local repository, but cached from a remote repository ID that is unavailable in current build context, verifying that is downloadable from [central-only (https://repo.maven.apache.org/maven2, default, releases+snapshots)]
[INFO] Artifact org.slf4j:slf4j-parent:pom:1.7.25 is present in the local repository, but cached from a remote repository ID that is unavailable in current build context, verifying that is downloadable from [central-only (https://repo.maven.apache.org/maven2, default, releases+snapshots)]
[INFO] Downloading from central-only: https://repo.maven.apache.org/maven2/org/slf4j/slf4j-parent/1.7.25/slf4j-parent-1.7.25.pom
[INFO] Downloaded from central-only: https://repo.maven.apache.org/maven2/org/slf4j/slf4j-parent/1.7.25/slf4j-parent-1.7.25.pom (0 B at 0 B/s)
[INFO] Artifact com.github.zafarkhaja:java-semver:pom:0.9.0 is present in the local repository, but cached from a remote repository ID that is unavailable in current build context, verifying that is downloadable from [central-only (https://repo.maven.apache.org/maven2, default, releases+snapshots)]
[INFO] Artifact com.github.zafarkhaja:java-semver:pom:0.9.0 is present in the local repository, but cached from a remote repository ID that is unavailable in current build context, verifying that is downloadable from [central-only (https://repo.maven.apache.org/maven2, default, releases+snapshots)]
[INFO] Downloading from central-only: https://repo.maven.apache.org/maven2/com/github/zafarkhaja/java-semver/0.9.0/java-semver-0.9.0.pom
[INFO] Downloaded from central-only: https://repo.maven.apache.org/maven2/com/github/zafarkhaja/java-semver/0.9.0/java-semver-0.9.0.pom (0 B at 0 B/s)
[INFO] Artifact org.sonatype.oss:oss-parent:pom:9 is present in the local repository, but cached from a remote repository ID that is unavailable in current build context, verifying that is downloadable from [central-only (https://repo.maven.apache.org/maven2, default, releases+snapshots)]
[INFO] Artifact org.sonatype.oss:oss-parent:pom:9 is present in the local repository, but cached from a remote repository ID that is unavailable in current build context, verifying that is downloadable from [central-only (https://repo.maven.apache.org/maven2, default, releases+snapshots)]
[INFO] Downloading from central-only: https://repo.maven.apache.org/maven2/org/sonatype/oss/oss-parent/9/oss-parent-9.pom
[INFO] Downloaded from central-only: https://repo.maven.apache.org/maven2/org/sonatype/oss/oss-parent/9/oss-parent-9.pom (0 B at 0 B/s)
[INFO] Artifact com.fasterxml.jackson.core:jackson-databind:pom:2.9.4 is present in the local repository, but cached from a remote repository ID that is unavailable in current build context, verifying that is downloadable from [central-only (https://repo.maven.apache.org/maven2, default, releases+snapshots)]
[INFO] Artifact com.fasterxml.jackson.core:jackson-databind:pom:2.9.4 is present in the local repository, but cached from a remote repository ID that is unavailable in current build context, verifying that is downloadable from [central-only (https://repo.maven.apache.org/maven2, default, releases+snapshots)]
[INFO] Downloading from central-only: https://repo.maven.apache.org/maven2/com/fasterxml/jackson/core/jackson-databind/2.9.4/jackson-databind-2.9.4.pom
[INFO] Downloaded from central-only: https://repo.maven.apache.org/maven2/com/fasterxml/jackson/core/jackson-databind/2.9.4/jackson-databind-2.9.4.pom (0 B at 0 B/s)
[INFO] Artifact com.fasterxml.jackson:jackson-base:pom:2.9.4 is present in the local repository, but cached from a remote repository ID that is unavailable in current build context, verifying that is downloadable from [central-only (https://repo.maven.apache.org/maven2, default, releases+snapshots)]
[INFO] Artifact com.fasterxml.jackson:jackson-base:pom:2.9.4 is present in the local repository, but cached from a remote repository ID that is unavailable in current build context, verifying that is downloadable from [central-only (https://repo.maven.apache.org/maven2, default, releases+snapshots)]
[INFO] Downloading from central-only: https://repo.maven.apache.org/maven2/com/fasterxml/jackson/jackson-base/2.9.4/jackson-base-2.9.4.pom
[INFO] Downloaded from central-only: https://repo.maven.apache.org/maven2/com/fasterxml/jackson/jackson-base/2.9.4/jackson-base-2.9.4.pom (0 B at 0 B/s)
[INFO] Artifact com.fasterxml.jackson.core:jackson-annotations:pom:2.9.0 is present in the local repository, but cached from a remote repository ID that is unavailable in current build context, verifying that is downloadable from [central-only (https://repo.maven.apache.org/maven2, default, releases+snapshots)]
[INFO] Artifact com.fasterxml.jackson.core:jackson-annotations:pom:2.9.0 is present in the local repository, but cached from a remote repository ID that is unavailable in current build context, verifying that is downloadable from [central-only (https://repo.maven.apache.org/maven2, default, releases+snapshots)]
[INFO] Downloading from central-only: https://repo.maven.apache.org/maven2/com/fasterxml/jackson/core/jackson-annotations/2.9.0/jackson-annotations-2.9.0.pom
[INFO] Downloaded from central-only: https://repo.maven.apache.org/maven2/com/fasterxml/jackson/core/jackson-annotations/2.9.0/jackson-annotations-2.9.0.pom (0 B at 0 B/s)
[INFO] Artifact com.fasterxml.jackson:jackson-parent:pom:2.9.0 is present in the local repository, but cached from a remote repository ID that is unavailable in current build context, verifying that is downloadable from [central-only (https://repo.maven.apache.org/maven2, default, releases+snapshots)]
[INFO] Artifact com.fasterxml.jackson:jackson-parent:pom:2.9.0 is present in the local repository, but cached from a remote repository ID that is unavailable in current build context, verifying that is downloadable from [central-only (https://repo.maven.apache.org/maven2, default, releases+snapshots)]
[INFO] Downloading from central-only: https://repo.maven.apache.org/maven2/com/fasterxml/jackson/jackson-parent/2.9.0/jackson-parent-2.9.0.pom
[INFO] Downloaded from central-only: https://repo.maven.apache.org/maven2/com/fasterxml/jackson/jackson-parent/2.9.0/jackson-parent-2.9.0.pom (0 B at 0 B/s)
[INFO] Artifact com.fasterxml:oss-parent:pom:28 is present in the local repository, but cached from a remote repository ID that is unavailable in current build context, verifying that is downloadable from [central-only (https://repo.maven.apache.org/maven2, default, releases+snapshots)]
[INFO] Artifact com.fasterxml:oss-parent:pom:28 is present in the local repository, but cached from a remote repository ID that is unavailable in current build context, verifying that is downloadable from [central-only (https://repo.maven.apache.org/maven2, default, releases+snapshots)]
[INFO] Downloading from central-only: https://repo.maven.apache.org/maven2/com/fasterxml/oss-parent/28/oss-parent-28.pom
[INFO] Downloaded from central-only: https://repo.maven.apache.org/maven2/com/fasterxml/oss-parent/28/oss-parent-28.pom (0 B at 0 B/s)
[INFO] Artifact com.fasterxml.jackson.core:jackson-core:pom:2.9.4 is present in the local repository, but cached from a remote repository ID that is unavailable in current build context, verifying that is downloadable from [central-only (https://repo.maven.apache.org/maven2, default, releases+snapshots)]
[INFO] Artifact com.fasterxml.jackson.core:jackson-core:pom:2.9.4 is present in the local repository, but cached from a remote repository ID that is unavailable in current build context, verifying that is downloadable from [central-only (https://repo.maven.apache.org/maven2, default, releases+snapshots)]
[INFO] Downloading from central-only: https://repo.maven.apache.org/maven2/com/fasterxml/jackson/core/jackson-core/2.9.4/jackson-core-2.9.4.pom
[INFO] Downloaded from central-only: https://repo.maven.apache.org/maven2/com/fasterxml/jackson/core/jackson-core/2.9.4/jackson-core-2.9.4.pom (0 B at 0 B/s)
[INFO] Artifact com.fasterxml.jackson.dataformat:jackson-dataformat-yaml:pom:2.9.4 is present in the local repository, but cached from a remote repository ID that is unavailable in current build context, verifying that is downloadable from [central-only (https://repo.maven.apache.org/maven2, default, releases+snapshots)]
[INFO] Artifact com.fasterxml.jackson.dataformat:jackson-dataformat-yaml:pom:2.9.4 is present in the local repository, but cached from a remote repository ID that is unavailable in current build context, verifying that is downloadable from [central-only (https://repo.maven.apache.org/maven2, default, releases+snapshots)]
[INFO] Downloading from central-only: https://repo.maven.apache.org/maven2/com/fasterxml/jackson/dataformat/jackson-dataformat-yaml/2.9.4/jackson-dataformat-yaml-2.9.4.pom
[INFO] Downloaded from central-only: https://repo.maven.apache.org/maven2/com/fasterxml/jackson/dataformat/jackson-dataformat-yaml/2.9.4/jackson-dataformat-yaml-2.9.4.pom (0 B at 0 B/s)
[INFO] Artifact com.fasterxml.jackson.dataformat:jackson-dataformats-text:pom:2.9.4 is present in the local repository, but cached from a remote repository ID that is unavailable in current build context, verifying that is downloadable from [central-only (https://repo.maven.apache.org/maven2, default, releases+snapshots)]
[INFO] Artifact com.fasterxml.jackson.dataformat:jackson-dataformats-text:pom:2.9.4 is present in the local repository, but cached from a remote repository ID that is unavailable in current build context, verifying that is downloadable from [central-only (https://repo.maven.apache.org/maven2, default, releases+snapshots)]
[INFO] Downloading from central-only: https://repo.maven.apache.org/maven2/com/fasterxml/jackson/dataformat/jackson-dataformats-text/2.9.4/jackson-dataformats-text-2.9.4.pom
[INFO] Downloaded from central-only: https://repo.maven.apache.org/maven2/com/fasterxml/jackson/dataformat/jackson-dataformats-text/2.9.4/jackson-dataformats-text-2.9.4.pom (0 B at 0 B/s)
[INFO] Artifact org.yaml:snakeyaml:pom:1.19 is present in the local repository, but cached from a remote repository ID that is unavailable in current build context, verifying that is downloadable from [central-only (https://repo.maven.apache.org/maven2, default, releases+snapshots)]
[INFO] Artifact org.yaml:snakeyaml:pom:1.19 is present in the local repository, but cached from a remote repository ID that is unavailable in current build context, verifying that is downloadable from [central-only (https://repo.maven.apache.org/maven2, default, releases+snapshots)]
[INFO] Downloading from central-only: https://repo.maven.apache.org/maven2/org/yaml/snakeyaml/1.19/snakeyaml-1.19.pom
[INFO] Downloaded from central-only: https://repo.maven.apache.org/maven2/org/yaml/snakeyaml/1.19/snakeyaml-1.19.pom (0 B at 0 B/s)
[INFO] Artifact com.gitee.starblues:springboot-plugin-framework-extension-mybatis:pom:2.2.1-RELEASE is present in the local repository, but cached from a remote repository ID that is unavailable in current build context, verifying that is downloadable from [central-only (https://repo.maven.apache.org/maven2, default, releases+snapshots)]
[INFO] Artifact com.gitee.starblues:springboot-plugin-framework-extension-mybatis:pom:2.2.1-RELEASE is present in the local repository, but cached from a remote repository ID that is unavailable in current build context, verifying that is downloadable from [central-only (https://repo.maven.apache.org/maven2, default, releases+snapshots)]
[INFO] Downloading from central-only: https://repo.maven.apache.org/maven2/com/gitee/starblues/springboot-plugin-framework-extension-mybatis/2.2.1-RELEASE/springboot-plugin-framework-extension-mybatis-2.2.1-RELEASE.pom
[INFO] Downloaded from central-only: https://repo.maven.apache.org/maven2/com/gitee/starblues/springboot-plugin-framework-extension-mybatis/2.2.1-RELEASE/springboot-plugin-framework-extension-mybatis-2.2.1-RELEASE.pom (0 B at 0 B/s)
[INFO] Artifact org.springframework.boot:spring-boot-starter-web:pom:2.0.0.RELEASE is present in the local repository, but cached from a remote repository ID that is unavailable in current build context, verifying that is downloadable from [central-only (https://repo.maven.apache.org/maven2, default, releases+snapshots)]
[INFO] Artifact org.springframework.boot:spring-boot-starter-web:pom:2.0.0.RELEASE is present in the local repository, but cached from a remote repository ID that is unavailable in current build context, verifying that is downloadable from [central-only (https://repo.maven.apache.org/maven2, default, releases+snapshots)]
[INFO] Downloading from central-only: https://repo.maven.apache.org/maven2/org/springframework/boot/spring-boot-starter-web/2.0.0.RELEASE/spring-boot-starter-web-2.0.0.RELEASE.pom
[INFO] Downloaded from central-only: https://repo.maven.apache.org/maven2/org/springframework/boot/spring-boot-starter-web/2.0.0.RELEASE/spring-boot-starter-web-2.0.0.RELEASE.pom (0 B at 0 B/s)
[INFO] Artifact org.springframework.boot:spring-boot-starters:pom:2.0.0.RELEASE is present in the local repository, but cached from a remote repository ID that is unavailable in current build context, verifying that is downloadable from [central-only (https://repo.maven.apache.org/maven2, default, releases+snapshots)]
[INFO] Artifact org.springframework.boot:spring-boot-starters:pom:2.0.0.RELEASE is present in the local repository, but cached from a remote repository ID that is unavailable in current build context, verifying that is downloadable from [central-only (https://repo.maven.apache.org/maven2, default, releases+snapshots)]
[INFO] Downloading from central-only: https://repo.maven.apache.org/maven2/org/springframework/boot/spring-boot-starters/2.0.0.RELEASE/spring-boot-starters-2.0.0.RELEASE.pom
[INFO] Downloaded from central-only: https://repo.maven.apache.org/maven2/org/springframework/boot/spring-boot-starters/2.0.0.RELEASE/spring-boot-starters-2.0.0.RELEASE.pom (0 B at 0 B/s)
[INFO] Artifact org.springframework.boot:spring-boot-parent:pom:2.0.0.RELEASE is present in the local repository, but cached from a remote repository ID that is unavailable in current build context, verifying that is downloadable from [central-only (https://repo.maven.apache.org/maven2, default, releases+snapshots)]
[INFO] Artifact org.springframework.boot:spring-boot-parent:pom:2.0.0.RELEASE is present in the local repository, but cached from a remote repository ID that is unavailable in current build context, verifying that is downloadable from [central-only (https://repo.maven.apache.org/maven2, default, releases+snapshots)]
[INFO] Downloading from central-only: https://repo.maven.apache.org/maven2/org/springframework/boot/spring-boot-parent/2.0.0.RELEASE/spring-boot-parent-2.0.0.RELEASE.pom
[INFO] Downloaded from central-only: https://repo.maven.apache.org/maven2/org/springframework/boot/spring-boot-parent/2.0.0.RELEASE/spring-boot-parent-2.0.0.RELEASE.pom (0 B at 0 B/s)
[INFO] Artifact org.springframework.boot:spring-boot-starter:pom:2.0.0.RELEASE is present in the local repository, but cached from a remote repository ID that is unavailable in current build context, verifying that is downloadable from [central-only (https://repo.maven.apache.org/maven2, default, releases+snapshots)]
[INFO] Artifact org.springframework.boot:spring-boot-starter:pom:2.0.0.RELEASE is present in the local repository, but cached from a remote repository ID that is unavailable in current build context, verifying that is downloadable from [central-only (https://repo.maven.apache.org/maven2, default, releases+snapshots)]
[INFO] Downloading from central-only: https://repo.maven.apache.org/maven2/org/springframework/boot/spring-boot-starter/2.0.0.RELEASE/spring-boot-starter-2.0.0.RELEASE.pom
[INFO] Downloaded from central-only: https://repo.maven.apache.org/maven2/org/springframework/boot/spring-boot-starter/2.0.0.RELEASE/spring-boot-starter-2.0.0.RELEASE.pom (0 B at 0 B/s)
[INFO] Artifact org.springframework.boot:spring-boot:pom:2.0.0.RELEASE is present in the local repository, but cached from a remote repository ID that is unavailable in current build context, verifying that is downloadable from [central-only (https://repo.maven.apache.org/maven2, default, releases+snapshots)]
[INFO] Artifact org.springframework.boot:spring-boot:pom:2.0.0.RELEASE is present in the local repository, but cached from a remote repository ID that is unavailable in current build context, verifying that is downloadable from [central-only (https://repo.maven.apache.org/maven2, default, releases+snapshots)]
[INFO] Downloading from central-only: https://repo.maven.apache.org/maven2/org/springframework/boot/spring-boot/2.0.0.RELEASE/spring-boot-2.0.0.RELEASE.pom
[INFO] Downloaded from central-only: https://repo.maven.apache.org/maven2/org/springframework/boot/spring-boot/2.0.0.RELEASE/spring-boot-2.0.0.RELEASE.pom (0 B at 0 B/s)
[INFO] Artifact org.springframework:spring-core:pom:5.0.4.RELEASE is present in the local repository, but cached from a remote repository ID that is unavailable in current build context, verifying that is downloadable from [central-only (https://repo.maven.apache.org/maven2, default, releases+snapshots)]
[INFO] Artifact org.springframework:spring-core:pom:5.0.4.RELEASE is present in the local repository, but cached from a remote repository ID that is unavailable in current build context, verifying that is downloadable from [central-only (https://repo.maven.apache.org/maven2, default, releases+snapshots)]
[INFO] Downloading from central-only: https://repo.maven.apache.org/maven2/org/springframework/spring-core/5.0.4.RELEASE/spring-core-5.0.4.RELEASE.pom
[INFO] Downloaded from central-only: https://repo.maven.apache.org/maven2/org/springframework/spring-core/5.0.4.RELEASE/spring-core-5.0.4.RELEASE.pom (0 B at 0 B/s)
[INFO] Artifact io.projectreactor:reactor-bom:pom:Bismuth-SR6 is present in the local repository, but cached from a remote repository ID that is unavailable in current build context, verifying that is downloadable from [central-only (https://repo.maven.apache.org/maven2, default, releases+snapshots)]
[INFO] Artifact io.projectreactor:reactor-bom:pom:Bismuth-SR6 is present in the local repository, but cached from a remote repository ID that is unavailable in current build context, verifying that is downloadable from [central-only (https://repo.maven.apache.org/maven2, default, releases+snapshots)]
[INFO] Downloading from central-only: https://repo.maven.apache.org/maven2/io/projectreactor/reactor-bom/Bismuth-SR6/reactor-bom-Bismuth-SR6.pom
[INFO] Downloaded from central-only: https://repo.maven.apache.org/maven2/io/projectreactor/reactor-bom/Bismuth-SR6/reactor-bom-Bismuth-SR6.pom (0 B at 0 B/s)
[INFO] Artifact io.netty:netty-bom:pom:4.1.21.Final is present in the local repository, but cached from a remote repository ID that is unavailable in current build context, verifying that is downloadable from [central-only (https://repo.maven.apache.org/maven2, default, releases+snapshots)]
[INFO] Artifact io.netty:netty-bom:pom:4.1.21.Final is present in the local repository, but cached from a remote repository ID that is unavailable in current build context, verifying that is downloadable from [central-only (https://repo.maven.apache.org/maven2, default, releases+snapshots)]
[INFO] Downloading from central-only: https://repo.maven.apache.org/maven2/io/netty/netty-bom/4.1.21.Final/netty-bom-4.1.21.Final.pom
[INFO] Downloaded from central-only: https://repo.maven.apache.org/maven2/io/netty/netty-bom/4.1.21.Final/netty-bom-4.1.21.Final.pom (0 B at 0 B/s)
[INFO] Artifact org.springframework:spring-jcl:pom:5.0.4.RELEASE is present in the local repository, but cached from a remote repository ID that is unavailable in current build context, verifying that is downloadable from [central-only (https://repo.maven.apache.org/maven2, default, releases+snapshots)]
[INFO] Artifact org.springframework:spring-jcl:pom:5.0.4.RELEASE is present in the local repository, but cached from a remote repository ID that is unavailable in current build context, verifying that is downloadable from [central-only (https://repo.maven.apache.org/maven2, default, releases+snapshots)]
[INFO] Downloading from central-only: https://repo.maven.apache.org/maven2/org/springframework/spring-jcl/5.0.4.RELEASE/spring-jcl-5.0.4.RELEASE.pom
[INFO] Downloaded from central-only: https://repo.maven.apache.org/maven2/org/springframework/spring-jcl/5.0.4.RELEASE/spring-jcl-5.0.4.RELEASE.pom (0 B at 0 B/s)
[INFO] Artifact org.springframework:spring-context:pom:5.0.4.RELEASE is present in the local repository, but cached from a remote repository ID that is unavailable in current build context, verifying that is downloadable from [central-only (https://repo.maven.apache.org/maven2, default, releases+snapshots)]
[INFO] Artifact org.springframework:spring-context:pom:5.0.4.RELEASE is present in the local repository, but cached from a remote repository ID that is unavailable in current build context, verifying that is downloadable from [central-only (https://repo.maven.apache.org/maven2, default, releases+snapshots)]
[INFO] Downloading from central-only: https://repo.maven.apache.org/maven2/org/springframework/spring-context/5.0.4.RELEASE/spring-context-5.0.4.RELEASE.pom
[INFO] Downloaded from central-only: https://repo.maven.apache.org/maven2/org/springframework/spring-context/5.0.4.RELEASE/spring-context-5.0.4.RELEASE.pom (0 B at 0 B/s)
[INFO] Artifact org.springframework:spring-aop:pom:5.0.4.RELEASE is present in the local repository, but cached from a remote repository ID that is unavailable in current build context, verifying that is downloadable from [central-only (https://repo.maven.apache.org/maven2, default, releases+snapshots)]
[INFO] Artifact org.springframework:spring-aop:pom:5.0.4.RELEASE is present in the local repository, but cached from a remote repository ID that is unavailable in current build context, verifying that is downloadable from [central-only (https://repo.maven.apache.org/maven2, default, releases+snapshots)]
[INFO] Downloading from central-only: https://repo.maven.apache.org/maven2/org/springframework/spring-aop/5.0.4.RELEASE/spring-aop-5.0.4.RELEASE.pom
[INFO] Downloaded from central-only: https://repo.maven.apache.org/maven2/org/springframework/spring-aop/5.0.4.RELEASE/spring-aop-5.0.4.RELEASE.pom (0 B at 0 B/s)
[INFO] Artifact org.springframework:spring-beans:pom:5.0.4.RELEASE is present in the local repository, but cached from a remote repository ID that is unavailable in current build context, verifying that is downloadable from [central-only (https://repo.maven.apache.org/maven2, default, releases+snapshots)]
[INFO] Artifact org.springframework:spring-beans:pom:5.0.4.RELEASE is present in the local repository, but cached from a remote repository ID that is unavailable in current build context, verifying that is downloadable from [central-only (https://repo.maven.apache.org/maven2, default, releases+snapshots)]
[INFO] Downloading from central-only: https://repo.maven.apache.org/maven2/org/springframework/spring-beans/5.0.4.RELEASE/spring-beans-5.0.4.RELEASE.pom
[INFO] Downloaded from central-only: https://repo.maven.apache.org/maven2/org/springframework/spring-beans/5.0.4.RELEASE/spring-beans-5.0.4.RELEASE.pom (0 B at 0 B/s)
[INFO] Artifact org.springframework:spring-expression:pom:5.0.4.RELEASE is present in the local repository, but cached from a remote repository ID that is unavailable in current build context, verifying that is downloadable from [central-only (https://repo.maven.apache.org/maven2, default, releases+snapshots)]
[INFO] Artifact org.springframework:spring-expression:pom:5.0.4.RELEASE is present in the local repository, but cached from a remote repository ID that is unavailable in current build context, verifying that is downloadable from [central-only (https://repo.maven.apache.org/maven2, default, releases+snapshots)]
[INFO] Downloading from central-only: https://repo.maven.apache.org/maven2/org/springframework/spring-expression/5.0.4.RELEASE/spring-expression-5.0.4.RELEASE.pom
[INFO] Downloaded from central-only: https://repo.maven.apache.org/maven2/org/springframework/spring-expression/5.0.4.RELEASE/spring-expression-5.0.4.RELEASE.pom (0 B at 0 B/s)
[INFO] Artifact org.springframework.boot:spring-boot-autoconfigure:pom:2.0.0.RELEASE is present in the local repository, but cached from a remote repository ID that is unavailable in current build context, verifying that is downloadable from [central-only (https://repo.maven.apache.org/maven2, default, releases+snapshots)]
[INFO] Artifact org.springframework.boot:spring-boot-autoconfigure:pom:2.0.0.RELEASE is present in the local repository, but cached from a remote repository ID that is unavailable in current build context, verifying that is downloadable from [central-only (https://repo.maven.apache.org/maven2, default, releases+snapshots)]
[INFO] Downloading from central-only: https://repo.maven.apache.org/maven2/org/springframework/boot/spring-boot-autoconfigure/2.0.0.RELEASE/spring-boot-autoconfigure-2.0.0.RELEASE.pom
[INFO] Downloaded from central-only: https://repo.maven.apache.org/maven2/org/springframework/boot/spring-boot-autoconfigure/2.0.0.RELEASE/spring-boot-autoconfigure-2.0.0.RELEASE.pom (0 B at 0 B/s)
[INFO] Artifact org.springframework.boot:spring-boot-starter-logging:pom:2.0.0.RELEASE is present in the local repository, but cached from a remote repository ID that is unavailable in current build context, verifying that is downloadable from [central-only (https://repo.maven.apache.org/maven2, default, releases+snapshots)]
[INFO] Artifact org.springframework.boot:spring-boot-starter-logging:pom:2.0.0.RELEASE is present in the local repository, but cached from a remote repository ID that is unavailable in current build context, verifying that is downloadable from [central-only (https://repo.maven.apache.org/maven2, default, releases+snapshots)]
[INFO] Downloading from central-only: https://repo.maven.apache.org/maven2/org/springframework/boot/spring-boot-starter-logging/2.0.0.RELEASE/spring-boot-starter-logging-2.0.0.RELEASE.pom
[INFO] Downloaded from central-only: https://repo.maven.apache.org/maven2/org/springframework/boot/spring-boot-starter-logging/2.0.0.RELEASE/spring-boot-starter-logging-2.0.0.RELEASE.pom (0 B at 0 B/s)
[INFO] Artifact ch.qos.logback:logback-classic:pom:1.2.3 is present in the local repository, but cached from a remote repository ID that is unavailable in current build context, verifying that is downloadable from [central-only (https://repo.maven.apache.org/maven2, default, releases+snapshots)]
[INFO] Artifact ch.qos.logback:logback-classic:pom:1.2.3 is present in the local repository, but cached from a remote repository ID that is unavailable in current build context, verifying that is downloadable from [central-only (https://repo.maven.apache.org/maven2, default, releases+snapshots)]
[INFO] Downloading from central-only: https://repo.maven.apache.org/maven2/ch/qos/logback/logback-classic/1.2.3/logback-classic-1.2.3.pom
[INFO] Downloaded from central-only: https://repo.maven.apache.org/maven2/ch/qos/logback/logback-classic/1.2.3/logback-classic-1.2.3.pom (0 B at 0 B/s)
[INFO] Artifact ch.qos.logback:logback-parent:pom:1.2.3 is present in the local repository, but cached from a remote repository ID that is unavailable in current build context, verifying that is downloadable from [central-only (https://repo.maven.apache.org/maven2, default, releases+snapshots)]
[INFO] Artifact ch.qos.logback:logback-parent:pom:1.2.3 is present in the local repository, but cached from a remote repository ID that is unavailable in current build context, verifying that is downloadable from [central-only (https://repo.maven.apache.org/maven2, default, releases+snapshots)]
[INFO] Downloading from central-only: https://repo.maven.apache.org/maven2/ch/qos/logback/logback-parent/1.2.3/logback-parent-1.2.3.pom
[INFO] Downloaded from central-only: https://repo.maven.apache.org/maven2/ch/qos/logback/logback-parent/1.2.3/logback-parent-1.2.3.pom (0 B at 0 B/s)
[INFO] Artifact ch.qos.logback:logback-core:pom:1.2.3 is present in the local repository, but cached from a remote repository ID that is unavailable in current build context, verifying that is downloadable from [central-only (https://repo.maven.apache.org/maven2, default, releases+snapshots)]
[INFO] Artifact ch.qos.logback:logback-core:pom:1.2.3 is present in the local repository, but cached from a remote repository ID that is unavailable in current build context, verifying that is downloadable from [central-only (https://repo.maven.apache.org/maven2, default, releases+snapshots)]
[INFO] Downloading from central-only: https://repo.maven.apache.org/maven2/ch/qos/logback/logback-core/1.2.3/logback-core-1.2.3.pom
[INFO] Downloaded from central-only: https://repo.maven.apache.org/maven2/ch/qos/logback/logback-core/1.2.3/logback-core-1.2.3.pom (0 B at 0 B/s)
[INFO] Artifact org.apache.logging.log4j:log4j-to-slf4j:pom:2.10.0 is present in the local repository, but cached from a remote repository ID that is unavailable in current build context, verifying that is downloadable from [central-only (https://repo.maven.apache.org/maven2, default, releases+snapshots)]
[INFO] Artifact org.apache.logging.log4j:log4j-to-slf4j:pom:2.10.0 is present in the local repository, but cached from a remote repository ID that is unavailable in current build context, verifying that is downloadable from [central-only (https://repo.maven.apache.org/maven2, default, releases+snapshots)]
[INFO] Downloading from central-only: https://repo.maven.apache.org/maven2/org/apache/logging/log4j/log4j-to-slf4j/2.10.0/log4j-to-slf4j-2.10.0.pom
[INFO] Downloaded from central-only: https://repo.maven.apache.org/maven2/org/apache/logging/log4j/log4j-to-slf4j/2.10.0/log4j-to-slf4j-2.10.0.pom (0 B at 0 B/s)
[INFO] Artifact org.apache.logging.log4j:log4j:pom:2.10.0 is present in the local repository, but cached from a remote repository ID that is unavailable in current build context, verifying that is downloadable from [central-only (https://repo.maven.apache.org/maven2, default, releases+snapshots)]
[INFO] Artifact org.apache.logging.log4j:log4j:pom:2.10.0 is present in the local repository, but cached from a remote repository ID that is unavailable in current build context, verifying that is downloadable from [central-only (https://repo.maven.apache.org/maven2, default, releases+snapshots)]
[INFO] Downloading from central-only: https://repo.maven.apache.org/maven2/org/apache/logging/log4j/log4j/2.10.0/log4j-2.10.0.pom
[INFO] Downloaded from central-only: https://repo.maven.apache.org/maven2/org/apache/logging/log4j/log4j/2.10.0/log4j-2.10.0.pom (0 B at 0 B/s)
[INFO] Artifact org.apache.logging.log4j:log4j-api:pom:2.10.0 is present in the local repository, but cached from a remote repository ID that is unavailable in current build context, verifying that is downloadable from [central-only (https://repo.maven.apache.org/maven2, default, releases+snapshots)]
[INFO] Artifact org.apache.logging.log4j:log4j-api:pom:2.10.0 is present in the local repository, but cached from a remote repository ID that is unavailable in current build context, verifying that is downloadable from [central-only (https://repo.maven.apache.org/maven2, default, releases+snapshots)]
[INFO] Downloading from central-only: https://repo.maven.apache.org/maven2/org/apache/logging/log4j/log4j-api/2.10.0/log4j-api-2.10.0.pom
[INFO] Downloaded from central-only: https://repo.maven.apache.org/maven2/org/apache/logging/log4j/log4j-api/2.10.0/log4j-api-2.10.0.pom (0 B at 0 B/s)
[INFO] Artifact org.slf4j:jul-to-slf4j:pom:1.7.25 is present in the local repository, but cached from a remote repository ID that is unavailable in current build context, verifying that is downloadable from [central-only (https://repo.maven.apache.org/maven2, default, releases+snapshots)]
[INFO] Artifact org.slf4j:jul-to-slf4j:pom:1.7.25 is present in the local repository, but cached from a remote repository ID that is unavailable in current build context, verifying that is downloadable from [central-only (https://repo.maven.apache.org/maven2, default, releases+snapshots)]
[INFO] Downloading from central-only: https://repo.maven.apache.org/maven2/org/slf4j/jul-to-slf4j/1.7.25/jul-to-slf4j-1.7.25.pom
[INFO] Downloaded from central-only: https://repo.maven.apache.org/maven2/org/slf4j/jul-to-slf4j/1.7.25/jul-to-slf4j-1.7.25.pom (0 B at 0 B/s)
[INFO] Artifact javax.annotation:javax.annotation-api:pom:1.3.2 is present in the local repository, but cached from a remote repository ID that is unavailable in current build context, verifying that is downloadable from [central-only (https://repo.maven.apache.org/maven2, default, releases+snapshots)]
[INFO] Artifact javax.annotation:javax.annotation-api:pom:1.3.2 is present in the local repository, but cached from a remote repository ID that is unavailable in current build context, verifying that is downloadable from [central-only (https://repo.maven.apache.org/maven2, default, releases+snapshots)]
[INFO] Downloading from central-only: https://repo.maven.apache.org/maven2/javax/annotation/javax.annotation-api/1.3.2/javax.annotation-api-1.3.2.pom
[INFO] Downloaded from central-only: https://repo.maven.apache.org/maven2/javax/annotation/javax.annotation-api/1.3.2/javax.annotation-api-1.3.2.pom (0 B at 0 B/s)
[INFO] Artifact net.java:jvnet-parent:pom:3 is present in the local repository, but cached from a remote repository ID that is unavailable in current build context, verifying that is downloadable from [central-only (https://repo.maven.apache.org/maven2, default, releases+snapshots)]
[INFO] Artifact net.java:jvnet-parent:pom:3 is present in the local repository, but cached from a remote repository ID that is unavailable in current build context, verifying that is downloadable from [central-only (https://repo.maven.apache.org/maven2, default, releases+snapshots)]
[INFO] Downloading from central-only: https://repo.maven.apache.org/maven2/net/java/jvnet-parent/3/jvnet-parent-3.pom
[INFO] Downloaded from central-only: https://repo.maven.apache.org/maven2/net/java/jvnet-parent/3/jvnet-parent-3.pom (0 B at 0 B/s)
[INFO] Artifact org.springframework.boot:spring-boot-starter-json:pom:2.0.0.RELEASE is present in the local repository, but cached from a remote repository ID that is unavailable in current build context, verifying that is downloadable from [central-only (https://repo.maven.apache.org/maven2, default, releases+snapshots)]
[INFO] Artifact org.springframework.boot:spring-boot-starter-json:pom:2.0.0.RELEASE is present in the local repository, but cached from a remote repository ID that is unavailable in current build context, verifying that is downloadable from [central-only (https://repo.maven.apache.org/maven2, default, releases+snapshots)]
[INFO] Downloading from central-only: https://repo.maven.apache.org/maven2/org/springframework/boot/spring-boot-starter-json/2.0.0.RELEASE/spring-boot-starter-json-2.0.0.RELEASE.pom
[INFO] Downloaded from central-only: https://repo.maven.apache.org/maven2/org/springframework/boot/spring-boot-starter-json/2.0.0.RELEASE/spring-boot-starter-json-2.0.0.RELEASE.pom (0 B at 0 B/s)
[INFO] Artifact org.springframework:spring-web:pom:5.0.4.RELEASE is present in the local repository, but cached from a remote repository ID that is unavailable in current build context, verifying that is downloadable from [central-only (https://repo.maven.apache.org/maven2, default, releases+snapshots)]
[INFO] Artifact org.springframework:spring-web:pom:5.0.4.RELEASE is present in the local repository, but cached from a remote repository ID that is unavailable in current build context, verifying that is downloadable from [central-only (https://repo.maven.apache.org/maven2, default, releases+snapshots)]
[INFO] Downloading from central-only: https://repo.maven.apache.org/maven2/org/springframework/spring-web/5.0.4.RELEASE/spring-web-5.0.4.RELEASE.pom
[INFO] Downloaded from central-only: https://repo.maven.apache.org/maven2/org/springframework/spring-web/5.0.4.RELEASE/spring-web-5.0.4.RELEASE.pom (0 B at 0 B/s)
[INFO] Artifact com.fasterxml.jackson.datatype:jackson-datatype-jdk8:pom:2.9.4 is present in the local repository, but cached from a remote repository ID that is unavailable in current build context, verifying that is downloadable from [central-only (https://repo.maven.apache.org/maven2, default, releases+snapshots)]
[INFO] Artifact com.fasterxml.jackson.datatype:jackson-datatype-jdk8:pom:2.9.4 is present in the local repository, but cached from a remote repository ID that is unavailable in current build context, verifying that is downloadable from [central-only (https://repo.maven.apache.org/maven2, default, releases+snapshots)]
[INFO] Downloading from central-only: https://repo.maven.apache.org/maven2/com/fasterxml/jackson/datatype/jackson-datatype-jdk8/2.9.4/jackson-datatype-jdk8-2.9.4.pom
[INFO] Downloaded from central-only: https://repo.maven.apache.org/maven2/com/fasterxml/jackson/datatype/jackson-datatype-jdk8/2.9.4/jackson-datatype-jdk8-2.9.4.pom (0 B at 0 B/s)
[INFO] Artifact com.fasterxml.jackson.module:jackson-modules-java8:pom:2.9.4 is present in the local repository, but cached from a remote repository ID that is unavailable in current build context, verifying that is downloadable from [central-only (https://repo.maven.apache.org/maven2, default, releases+snapshots)]
[INFO] Artifact com.fasterxml.jackson.module:jackson-modules-java8:pom:2.9.4 is present in the local repository, but cached from a remote repository ID that is unavailable in current build context, verifying that is downloadable from [central-only (https://repo.maven.apache.org/maven2, default, releases+snapshots)]
[INFO] Downloading from central-only: https://repo.maven.apache.org/maven2/com/fasterxml/jackson/module/jackson-modules-java8/2.9.4/jackson-modules-java8-2.9.4.pom
[INFO] Downloaded from central-only: https://repo.maven.apache.org/maven2/com/fasterxml/jackson/module/jackson-modules-java8/2.9.4/jackson-modules-java8-2.9.4.pom (0 B at 0 B/s)
[INFO] Artifact com.fasterxml.jackson.datatype:jackson-datatype-jsr310:pom:2.9.4 is present in the local repository, but cached from a remote repository ID that is unavailable in current build context, verifying that is downloadable from [central-only (https://repo.maven.apache.org/maven2, default, releases+snapshots)]
[INFO] Artifact com.fasterxml.jackson.datatype:jackson-datatype-jsr310:pom:2.9.4 is present in the local repository, but cached from a remote repository ID that is unavailable in current build context, verifying that is downloadable from [central-only (https://repo.maven.apache.org/maven2, default, releases+snapshots)]
[INFO] Downloading from central-only: https://repo.maven.apache.org/maven2/com/fasterxml/jackson/datatype/jackson-datatype-jsr310/2.9.4/jackson-datatype-jsr310-2.9.4.pom
[INFO] Downloaded from central-only: https://repo.maven.apache.org/maven2/com/fasterxml/jackson/datatype/jackson-datatype-jsr310/2.9.4/jackson-datatype-jsr310-2.9.4.pom (0 B at 0 B/s)
[INFO] Artifact com.fasterxml.jackson.module:jackson-module-parameter-names:pom:2.9.4 is present in the local repository, but cached from a remote repository ID that is unavailable in current build context, verifying that is downloadable from [central-only (https://repo.maven.apache.org/maven2, default, releases+snapshots)]
[INFO] Artifact com.fasterxml.jackson.module:jackson-module-parameter-names:pom:2.9.4 is present in the local repository, but cached from a remote repository ID that is unavailable in current build context, verifying that is downloadable from [central-only (https://repo.maven.apache.org/maven2, default, releases+snapshots)]
[INFO] Downloading from central-only: https://repo.maven.apache.org/maven2/com/fasterxml/jackson/module/jackson-module-parameter-names/2.9.4/jackson-module-parameter-names-2.9.4.pom
[INFO] Downloaded from central-only: https://repo.maven.apache.org/maven2/com/fasterxml/jackson/module/jackson-module-parameter-names/2.9.4/jackson-module-parameter-names-2.9.4.pom (0 B at 0 B/s)
[INFO] Artifact org.springframework.boot:spring-boot-starter-tomcat:pom:2.0.0.RELEASE is present in the local repository, but cached from a remote repository ID that is unavailable in current build context, verifying that is downloadable from [central-only (https://repo.maven.apache.org/maven2, default, releases+snapshots)]
[INFO] Artifact org.springframework.boot:spring-boot-starter-tomcat:pom:2.0.0.RELEASE is present in the local repository, but cached from a remote repository ID that is unavailable in current build context, verifying that is downloadable from [central-only (https://repo.maven.apache.org/maven2, default, releases+snapshots)]
[INFO] Downloading from central-only: https://repo.maven.apache.org/maven2/org/springframework/boot/spring-boot-starter-tomcat/2.0.0.RELEASE/spring-boot-starter-tomcat-2.0.0.RELEASE.pom
[INFO] Downloaded from central-only: https://repo.maven.apache.org/maven2/org/springframework/boot/spring-boot-starter-tomcat/2.0.0.RELEASE/spring-boot-starter-tomcat-2.0.0.RELEASE.pom (0 B at 0 B/s)
[INFO] Artifact org.apache.tomcat.embed:tomcat-embed-core:pom:8.5.28 is present in the local repository, but cached from a remote repository ID that is unavailable in current build context, verifying that is downloadable from [central-only (https://repo.maven.apache.org/maven2, default, releases+snapshots)]
[INFO] Artifact org.apache.tomcat.embed:tomcat-embed-core:pom:8.5.28 is present in the local repository, but cached from a remote repository ID that is unavailable in current build context, verifying that is downloadable from [central-only (https://repo.maven.apache.org/maven2, default, releases+snapshots)]
[INFO] Downloading from central-only: https://repo.maven.apache.org/maven2/org/apache/tomcat/embed/tomcat-embed-core/8.5.28/tomcat-embed-core-8.5.28.pom
[INFO] Downloaded from central-only: https://repo.maven.apache.org/maven2/org/apache/tomcat/embed/tomcat-embed-core/8.5.28/tomcat-embed-core-8.5.28.pom (0 B at 0 B/s)
[INFO] Artifact org.apache.tomcat.embed:tomcat-embed-el:pom:8.5.28 is present in the local repository, but cached from a remote repository ID that is unavailable in current build context, verifying that is downloadable from [central-only (https://repo.maven.apache.org/maven2, default, releases+snapshots)]
[INFO] Artifact org.apache.tomcat.embed:tomcat-embed-el:pom:8.5.28 is present in the local repository, but cached from a remote repository ID that is unavailable in current build context, verifying that is downloadable from [central-only (https://repo.maven.apache.org/maven2, default, releases+snapshots)]
[INFO] Downloading from central-only: https://repo.maven.apache.org/maven2/org/apache/tomcat/embed/tomcat-embed-el/8.5.28/tomcat-embed-el-8.5.28.pom
[INFO] Downloaded from central-only: https://repo.maven.apache.org/maven2/org/apache/tomcat/embed/tomcat-embed-el/8.5.28/tomcat-embed-el-8.5.28.pom (0 B at 0 B/s)
[INFO] Artifact org.apache.tomcat.embed:tomcat-embed-websocket:pom:8.5.28 is present in the local repository, but cached from a remote repository ID that is unavailable in current build context, verifying that is downloadable from [central-only (https://repo.maven.apache.org/maven2, default, releases+snapshots)]
[INFO] Artifact org.apache.tomcat.embed:tomcat-embed-websocket:pom:8.5.28 is present in the local repository, but cached from a remote repository ID that is unavailable in current build context, verifying that is downloadable from [central-only (https://repo.maven.apache.org/maven2, default, releases+snapshots)]
[INFO] Downloading from central-only: https://repo.maven.apache.org/maven2/org/apache/tomcat/embed/tomcat-embed-websocket/8.5.28/tomcat-embed-websocket-8.5.28.pom
[INFO] Downloaded from central-only: https://repo.maven.apache.org/maven2/org/apache/tomcat/embed/tomcat-embed-websocket/8.5.28/tomcat-embed-websocket-8.5.28.pom (0 B at 0 B/s)
[INFO] Artifact org.apache.tomcat:tomcat-annotations-api:pom:8.5.28 is present in the local repository, but cached from a remote repository ID that is unavailable in current build context, verifying that is downloadable from [central-only (https://repo.maven.apache.org/maven2, default, releases+snapshots)]
[INFO] Artifact org.apache.tomcat:tomcat-annotations-api:pom:8.5.28 is present in the local repository, but cached from a remote repository ID that is unavailable in current build context, verifying that is downloadable from [central-only (https://repo.maven.apache.org/maven2, default, releases+snapshots)]
[INFO] Downloading from central-only: https://repo.maven.apache.org/maven2/org/apache/tomcat/tomcat-annotations-api/8.5.28/tomcat-annotations-api-8.5.28.pom
[INFO] Downloaded from central-only: https://repo.maven.apache.org/maven2/org/apache/tomcat/tomcat-annotations-api/8.5.28/tomcat-annotations-api-8.5.28.pom (0 B at 0 B/s)
[INFO] Artifact org.hibernate.validator:hibernate-validator:pom:6.0.7.Final is present in the local repository, but cached from a remote repository ID that is unavailable in current build context, verifying that is downloadable from [central-only (https://repo.maven.apache.org/maven2, default, releases+snapshots)]
[INFO] Artifact org.hibernate.validator:hibernate-validator:pom:6.0.7.Final is present in the local repository, but cached from a remote repository ID that is unavailable in current build context, verifying that is downloadable from [central-only (https://repo.maven.apache.org/maven2, default, releases+snapshots)]
[INFO] Downloading from central-only: https://repo.maven.apache.org/maven2/org/hibernate/validator/hibernate-validator/6.0.7.Final/hibernate-validator-6.0.7.Final.pom
[INFO] Downloaded from central-only: https://repo.maven.apache.org/maven2/org/hibernate/validator/hibernate-validator/6.0.7.Final/hibernate-validator-6.0.7.Final.pom (0 B at 0 B/s)
[INFO] Artifact org.hibernate.validator:hibernate-validator-parent:pom:6.0.7.Final is present in the local repository, but cached from a remote repository ID that is unavailable in current build context, verifying that is downloadable from [central-only (https://repo.maven.apache.org/maven2, default, releases+snapshots)]
[INFO] Artifact org.hibernate.validator:hibernate-validator-parent:pom:6.0.7.Final is present in the local repository, but cached from a remote repository ID that is unavailable in current build context, verifying that is downloadable from [central-only (https://repo.maven.apache.org/maven2, default, releases+snapshots)]
[INFO] Downloading from central-only: https://repo.maven.apache.org/maven2/org/hibernate/validator/hibernate-validator-parent/6.0.7.Final/hibernate-validator-parent-6.0.7.Final.pom
[INFO] Downloaded from central-only: https://repo.maven.apache.org/maven2/org/hibernate/validator/hibernate-validator-parent/6.0.7.Final/hibernate-validator-parent-6.0.7.Final.pom (0 B at 0 B/s)
[INFO] Artifact org.jboss.arquillian:arquillian-bom:pom:1.1.11.Final is present in the local repository, but cached from a remote repository ID that is unavailable in current build context, verifying that is downloadable from [central-only (https://repo.maven.apache.org/maven2, default, releases+snapshots)]
[INFO] Artifact org.jboss.arquillian:arquillian-bom:pom:1.1.11.Final is present in the local repository, but cached from a remote repository ID that is unavailable in current build context, verifying that is downloadable from [central-only (https://repo.maven.apache.org/maven2, default, releases+snapshots)]
[INFO] Downloading from central-only: https://repo.maven.apache.org/maven2/org/jboss/arquillian/arquillian-bom/1.1.11.Final/arquillian-bom-1.1.11.Final.pom
[INFO] Downloaded from central-only: https://repo.maven.apache.org/maven2/org/jboss/arquillian/arquillian-bom/1.1.11.Final/arquillian-bom-1.1.11.Final.pom (0 B at 0 B/s)
[INFO] Artifact org.jboss.shrinkwrap:shrinkwrap-bom:pom:1.2.3 is present in the local repository, but cached from a remote repository ID that is unavailable in current build context, verifying that is downloadable from [central-only (https://repo.maven.apache.org/maven2, default, releases+snapshots)]
[INFO] Artifact org.jboss.shrinkwrap:shrinkwrap-bom:pom:1.2.3 is present in the local repository, but cached from a remote repository ID that is unavailable in current build context, verifying that is downloadable from [central-only (https://repo.maven.apache.org/maven2, default, releases+snapshots)]
[INFO] Downloading from central-only: https://repo.maven.apache.org/maven2/org/jboss/shrinkwrap/shrinkwrap-bom/1.2.3/shrinkwrap-bom-1.2.3.pom
[INFO] Downloaded from central-only: https://repo.maven.apache.org/maven2/org/jboss/shrinkwrap/shrinkwrap-bom/1.2.3/shrinkwrap-bom-1.2.3.pom (0 B at 0 B/s)
[INFO] Artifact org.jboss.shrinkwrap.resolver:shrinkwrap-resolver-bom:pom:2.2.0 is present in the local repository, but cached from a remote repository ID that is unavailable in current build context, verifying that is downloadable from [central-only (https://repo.maven.apache.org/maven2, default, releases+snapshots)]
[INFO] Artifact org.jboss.shrinkwrap.resolver:shrinkwrap-resolver-bom:pom:2.2.0 is present in the local repository, but cached from a remote repository ID that is unavailable in current build context, verifying that is downloadable from [central-only (https://repo.maven.apache.org/maven2, default, releases+snapshots)]
[INFO] Downloading from central-only: https://repo.maven.apache.org/maven2/org/jboss/shrinkwrap/resolver/shrinkwrap-resolver-bom/2.2.0/shrinkwrap-resolver-bom-2.2.0.pom
[INFO] Downloaded from central-only: https://repo.maven.apache.org/maven2/org/jboss/shrinkwrap/resolver/shrinkwrap-resolver-bom/2.2.0/shrinkwrap-resolver-bom-2.2.0.pom (0 B at 0 B/s)
[INFO] Artifact org.jboss.shrinkwrap.descriptors:shrinkwrap-descriptors-bom:pom:2.0.0-alpha-8 is present in the local repository, but cached from a remote repository ID that is unavailable in current build context, verifying that is downloadable from [central-only (https://repo.maven.apache.org/maven2, default, releases+snapshots)]
[INFO] Artifact org.jboss.shrinkwrap.descriptors:shrinkwrap-descriptors-bom:pom:2.0.0-alpha-8 is present in the local repository, but cached from a remote repository ID that is unavailable in current build context, verifying that is downloadable from [central-only (https://repo.maven.apache.org/maven2, default, releases+snapshots)]
[INFO] Downloading from central-only: https://repo.maven.apache.org/maven2/org/jboss/shrinkwrap/descriptors/shrinkwrap-descriptors-bom/2.0.0-alpha-8/shrinkwrap-descriptors-bom-2.0.0-alpha-8.pom
[INFO] Downloaded from central-only: https://repo.maven.apache.org/maven2/org/jboss/shrinkwrap/descriptors/shrinkwrap-descriptors-bom/2.0.0-alpha-8/shrinkwrap-descriptors-bom-2.0.0-alpha-8.pom (0 B at 0 B/s)
[INFO] Artifact javax.validation:validation-api:pom:2.0.1.Final is present in the local repository, but cached from a remote repository ID that is unavailable in current build context, verifying that is downloadable from [central-only (https://repo.maven.apache.org/maven2, default, releases+snapshots)]
[INFO] Artifact javax.validation:validation-api:pom:2.0.1.Final is present in the local repository, but cached from a remote repository ID that is unavailable in current build context, verifying that is downloadable from [central-only (https://repo.maven.apache.org/maven2, default, releases+snapshots)]
[INFO] Downloading from central-only: https://repo.maven.apache.org/maven2/javax/validation/validation-api/2.0.1.Final/validation-api-2.0.1.Final.pom
[INFO] Downloaded from central-only: https://repo.maven.apache.org/maven2/javax/validation/validation-api/2.0.1.Final/validation-api-2.0.1.Final.pom (0 B at 0 B/s)
[INFO] Artifact org.jboss.logging:jboss-logging:pom:3.3.2.Final is present in the local repository, but cached from a remote repository ID that is unavailable in current build context, verifying that is downloadable from [central-only (https://repo.maven.apache.org/maven2, default, releases+snapshots)]
[INFO] Artifact org.jboss.logging:jboss-logging:pom:3.3.2.Final is present in the local repository, but cached from a remote repository ID that is unavailable in current build context, verifying that is downloadable from [central-only (https://repo.maven.apache.org/maven2, default, releases+snapshots)]
[INFO] Downloading from central-only: https://repo.maven.apache.org/maven2/org/jboss/logging/jboss-logging/3.3.2.Final/jboss-logging-3.3.2.Final.pom
[INFO] Downloaded from central-only: https://repo.maven.apache.org/maven2/org/jboss/logging/jboss-logging/3.3.2.Final/jboss-logging-3.3.2.Final.pom (0 B at 0 B/s)
[INFO] Artifact org.jboss:jboss-parent:pom:15 is present in the local repository, but cached from a remote repository ID that is unavailable in current build context, verifying that is downloadable from [central-only (https://repo.maven.apache.org/maven2, default, releases+snapshots)]
[INFO] Artifact org.jboss:jboss-parent:pom:15 is present in the local repository, but cached from a remote repository ID that is unavailable in current build context, verifying that is downloadable from [central-only (https://repo.maven.apache.org/maven2, default, releases+snapshots)]
[INFO] Downloading from central-only: https://repo.maven.apache.org/maven2/org/jboss/jboss-parent/15/jboss-parent-15.pom
[INFO] Downloaded from central-only: https://repo.maven.apache.org/maven2/org/jboss/jboss-parent/15/jboss-parent-15.pom (0 B at 0 B/s)
[INFO] Artifact com.fasterxml:classmate:pom:1.3.4 is present in the local repository, but cached from a remote repository ID that is unavailable in current build context, verifying that is downloadable from [central-only (https://repo.maven.apache.org/maven2, default, releases+snapshots)]
[INFO] Artifact com.fasterxml:classmate:pom:1.3.4 is present in the local repository, but cached from a remote repository ID that is unavailable in current build context, verifying that is downloadable from [central-only (https://repo.maven.apache.org/maven2, default, releases+snapshots)]
[INFO] Downloading from central-only: https://repo.maven.apache.org/maven2/com/fasterxml/classmate/1.3.4/classmate-1.3.4.pom
[INFO] Downloaded from central-only: https://repo.maven.apache.org/maven2/com/fasterxml/classmate/1.3.4/classmate-1.3.4.pom (0 B at 0 B/s)
[INFO] Artifact com.fasterxml:oss-parent:pom:24 is present in the local repository, but cached from a remote repository ID that is unavailable in current build context, verifying that is downloadable from [central-only (https://repo.maven.apache.org/maven2, default, releases+snapshots)]
[INFO] Artifact com.fasterxml:oss-parent:pom:24 is present in the local repository, but cached from a remote repository ID that is unavailable in current build context, verifying that is downloadable from [central-only (https://repo.maven.apache.org/maven2, default, releases+snapshots)]
[INFO] Downloading from central-only: https://repo.maven.apache.org/maven2/com/fasterxml/oss-parent/24/oss-parent-24.pom
[INFO] Downloaded from central-only: https://repo.maven.apache.org/maven2/com/fasterxml/oss-parent/24/oss-parent-24.pom (0 B at 0 B/s)
[INFO] Artifact org.springframework:spring-webmvc:pom:5.0.4.RELEASE is present in the local repository, but cached from a remote repository ID that is unavailable in current build context, verifying that is downloadable from [central-only (https://repo.maven.apache.org/maven2, default, releases+snapshots)]
[INFO] Artifact org.springframework:spring-webmvc:pom:5.0.4.RELEASE is present in the local repository, but cached from a remote repository ID that is unavailable in current build context, verifying that is downloadable from [central-only (https://repo.maven.apache.org/maven2, default, releases+snapshots)]
[INFO] Downloading from central-only: https://repo.maven.apache.org/maven2/org/springframework/spring-webmvc/5.0.4.RELEASE/spring-webmvc-5.0.4.RELEASE.pom
[INFO] Downloaded from central-only: https://repo.maven.apache.org/maven2/org/springframework/spring-webmvc/5.0.4.RELEASE/spring-webmvc-5.0.4.RELEASE.pom (0 B at 0 B/s)
[INFO] Artifact org.springframework.boot:spring-boot-starter-test:pom:2.0.0.RELEASE is present in the local repository, but cached from a remote repository ID that is unavailable in current build context, verifying that is downloadable from [central-only (https://repo.maven.apache.org/maven2, default, releases+snapshots)]
[INFO] Artifact org.springframework.boot:spring-boot-starter-test:pom:2.0.0.RELEASE is present in the local repository, but cached from a remote repository ID that is unavailable in current build context, verifying that is downloadable from [central-only (https://repo.maven.apache.org/maven2, default, releases+snapshots)]
[INFO] Downloading from central-only: https://repo.maven.apache.org/maven2/org/springframework/boot/spring-boot-starter-test/2.0.0.RELEASE/spring-boot-starter-test-2.0.0.RELEASE.pom
[INFO] Downloaded from central-only: https://repo.maven.apache.org/maven2/org/springframework/boot/spring-boot-starter-test/2.0.0.RELEASE/spring-boot-starter-test-2.0.0.RELEASE.pom (0 B at 0 B/s)
[INFO] Artifact org.springframework.boot:spring-boot-test:pom:2.0.0.RELEASE is present in the local repository, but cached from a remote repository ID that is unavailable in current build context, verifying that is downloadable from [central-only (https://repo.maven.apache.org/maven2, default, releases+snapshots)]
[INFO] Artifact org.springframework.boot:spring-boot-test:pom:2.0.0.RELEASE is present in the local repository, but cached from a remote repository ID that is unavailable in current build context, verifying that is downloadable from [central-only (https://repo.maven.apache.org/maven2, default, releases+snapshots)]
[INFO] Downloading from central-only: https://repo.maven.apache.org/maven2/org/springframework/boot/spring-boot-test/2.0.0.RELEASE/spring-boot-test-2.0.0.RELEASE.pom
[INFO] Downloaded from central-only: https://repo.maven.apache.org/maven2/org/springframework/boot/spring-boot-test/2.0.0.RELEASE/spring-boot-test-2.0.0.RELEASE.pom (0 B at 0 B/s)
[INFO] Artifact org.springframework.boot:spring-boot-test-autoconfigure:pom:2.0.0.RELEASE is present in the local repository, but cached from a remote repository ID that is unavailable in current build context, verifying that is downloadable from [central-only (https://repo.maven.apache.org/maven2, default, releases+snapshots)]
[INFO] Artifact org.springframework.boot:spring-boot-test-autoconfigure:pom:2.0.0.RELEASE is present in the local repository, but cached from a remote repository ID that is unavailable in current build context, verifying that is downloadable from [central-only (https://repo.maven.apache.org/maven2, default, releases+snapshots)]
[INFO] Downloading from central-only: https://repo.maven.apache.org/maven2/org/springframework/boot/spring-boot-test-autoconfigure/2.0.0.RELEASE/spring-boot-test-autoconfigure-2.0.0.RELEASE.pom
[INFO] Downloaded from central-only: https://repo.maven.apache.org/maven2/org/springframework/boot/spring-boot-test-autoconfigure/2.0.0.RELEASE/spring-boot-test-autoconfigure-2.0.0.RELEASE.pom (0 B at 0 B/s)
[INFO] Artifact com.jayway.jsonpath:json-path:pom:2.4.0 is present in the local repository, but cached from a remote repository ID that is unavailable in current build context, verifying that is downloadable from [central-only (https://repo.maven.apache.org/maven2, default, releases+snapshots)]
[INFO] Artifact com.jayway.jsonpath:json-path:pom:2.4.0 is present in the local repository, but cached from a remote repository ID that is unavailable in current build context, verifying that is downloadable from [central-only (https://repo.maven.apache.org/maven2, default, releases+snapshots)]
[INFO] Downloading from central-only: https://repo.maven.apache.org/maven2/com/jayway/jsonpath/json-path/2.4.0/json-path-2.4.0.pom
[INFO] Downloaded from central-only: https://repo.maven.apache.org/maven2/com/jayway/jsonpath/json-path/2.4.0/json-path-2.4.0.pom (0 B at 0 B/s)
[INFO] Artifact net.minidev:json-smart:pom:2.3 is present in the local repository, but cached from a remote repository ID that is unavailable in current build context, verifying that is downloadable from [central-only (https://repo.maven.apache.org/maven2, default, releases+snapshots)]
[INFO] Artifact net.minidev:json-smart:pom:2.3 is present in the local repository, but cached from a remote repository ID that is unavailable in current build context, verifying that is downloadable from [central-only (https://repo.maven.apache.org/maven2, default, releases+snapshots)]
[INFO] Downloading from central-only: https://repo.maven.apache.org/maven2/net/minidev/json-smart/2.3/json-smart-2.3.pom
[INFO] Downloaded from central-only: https://repo.maven.apache.org/maven2/net/minidev/json-smart/2.3/json-smart-2.3.pom (0 B at 0 B/s)
[INFO] Artifact net.minidev:minidev-parent:pom:2.3 is present in the local repository, but cached from a remote repository ID that is unavailable in current build context, verifying that is downloadable from [central-only (https://repo.maven.apache.org/maven2, default, releases+snapshots)]
[INFO] Artifact net.minidev:minidev-parent:pom:2.3 is present in the local repository, but cached from a remote repository ID that is unavailable in current build context, verifying that is downloadable from [central-only (https://repo.maven.apache.org/maven2, default, releases+snapshots)]
[INFO] Downloading from central-only: https://repo.maven.apache.org/maven2/net/minidev/minidev-parent/2.3/minidev-parent-2.3.pom
[INFO] Downloaded from central-only: https://repo.maven.apache.org/maven2/net/minidev/minidev-parent/2.3/minidev-parent-2.3.pom (0 B at 0 B/s)
[INFO] Artifact net.minidev:accessors-smart:pom:1.2 is present in the local repository, but cached from a remote repository ID that is unavailable in current build context, verifying that is downloadable from [central-only (https://repo.maven.apache.org/maven2, default, releases+snapshots)]
[INFO] Artifact net.minidev:accessors-smart:pom:1.2 is present in the local repository, but cached from a remote repository ID that is unavailable in current build context, verifying that is downloadable from [central-only (https://repo.maven.apache.org/maven2, default, releases+snapshots)]
[INFO] Downloading from central-only: https://repo.maven.apache.org/maven2/net/minidev/accessors-smart/1.2/accessors-smart-1.2.pom
[INFO] Downloaded from central-only: https://repo.maven.apache.org/maven2/net/minidev/accessors-smart/1.2/accessors-smart-1.2.pom (0 B at 0 B/s)
[INFO] Artifact org.ow2.asm:asm:pom:5.0.4 is present in the local repository, but cached from a remote repository ID that is unavailable in current build context, verifying that is downloadable from [central-only (https://repo.maven.apache.org/maven2, default, releases+snapshots)]
[INFO] Artifact org.ow2.asm:asm:pom:5.0.4 is present in the local repository, but cached from a remote repository ID that is unavailable in current build context, verifying that is downloadable from [central-only (https://repo.maven.apache.org/maven2, default, releases+snapshots)]
[INFO] Downloading from central-only: https://repo.maven.apache.org/maven2/org/ow2/asm/asm/5.0.4/asm-5.0.4.pom
[INFO] Downloaded from central-only: https://repo.maven.apache.org/maven2/org/ow2/asm/asm/5.0.4/asm-5.0.4.pom (0 B at 0 B/s)
[INFO] Artifact org.ow2.asm:asm-parent:pom:5.0.4 is present in the local repository, but cached from a remote repository ID that is unavailable in current build context, verifying that is downloadable from [central-only (https://repo.maven.apache.org/maven2, default, releases+snapshots)]
[INFO] Artifact org.ow2.asm:asm-parent:pom:5.0.4 is present in the local repository, but cached from a remote repository ID that is unavailable in current build context, verifying that is downloadable from [central-only (https://repo.maven.apache.org/maven2, default, releases+snapshots)]
[INFO] Downloading from central-only: https://repo.maven.apache.org/maven2/org/ow2/asm/asm-parent/5.0.4/asm-parent-5.0.4.pom
[INFO] Downloaded from central-only: https://repo.maven.apache.org/maven2/org/ow2/asm/asm-parent/5.0.4/asm-parent-5.0.4.pom (0 B at 0 B/s)
[INFO] Artifact org.ow2:ow2:pom:1.3 is present in the local repository, but cached from a remote repository ID that is unavailable in current build context, verifying that is downloadable from [central-only (https://repo.maven.apache.org/maven2, default, releases+snapshots)]
[INFO] Artifact org.ow2:ow2:pom:1.3 is present in the local repository, but cached from a remote repository ID that is unavailable in current build context, verifying that is downloadable from [central-only (https://repo.maven.apache.org/maven2, default, releases+snapshots)]
[INFO] Downloading from central-only: https://repo.maven.apache.org/maven2/org/ow2/ow2/1.3/ow2-1.3.pom
[INFO] Downloaded from central-only: https://repo.maven.apache.org/maven2/org/ow2/ow2/1.3/ow2-1.3.pom (0 B at 0 B/s)
[INFO] Artifact junit:junit:pom:4.12 is present in the local repository, but cached from a remote repository ID that is unavailable in current build context, verifying that is downloadable from [central-only (https://repo.maven.apache.org/maven2, default, releases+snapshots)]
[INFO] Artifact junit:junit:pom:4.12 is present in the local repository, but cached from a remote repository ID that is unavailable in current build context, verifying that is downloadable from [central-only (https://repo.maven.apache.org/maven2, default, releases+snapshots)]
[INFO] Downloading from central-only: https://repo.maven.apache.org/maven2/junit/junit/4.12/junit-4.12.pom
[INFO] Downloaded from central-only: https://repo.maven.apache.org/maven2/junit/junit/4.12/junit-4.12.pom (0 B at 0 B/s)
[INFO] Artifact org.hamcrest:hamcrest-core:pom:1.3 is present in the local repository, but cached from a remote repository ID that is unavailable in current build context, verifying that is downloadable from [central-only (https://repo.maven.apache.org/maven2, default, releases+snapshots)]
[INFO] Artifact org.hamcrest:hamcrest-core:pom:1.3 is present in the local repository, but cached from a remote repository ID that is unavailable in current build context, verifying that is downloadable from [central-only (https://repo.maven.apache.org/maven2, default, releases+snapshots)]
[INFO] Downloading from central-only: https://repo.maven.apache.org/maven2/org/hamcrest/hamcrest-core/1.3/hamcrest-core-1.3.pom
[INFO] Downloaded from central-only: https://repo.maven.apache.org/maven2/org/hamcrest/hamcrest-core/1.3/hamcrest-core-1.3.pom (0 B at 0 B/s)
[INFO] Artifact org.hamcrest:hamcrest-parent:pom:1.3 is present in the local repository, but cached from a remote repository ID that is unavailable in current build context, verifying that is downloadable from [central-only (https://repo.maven.apache.org/maven2, default, releases+snapshots)]
[INFO] Artifact org.hamcrest:hamcrest-parent:pom:1.3 is present in the local repository, but cached from a remote repository ID that is unavailable in current build context, verifying that is downloadable from [central-only (https://repo.maven.apache.org/maven2, default, releases+snapshots)]
[INFO] Downloading from central-only: https://repo.maven.apache.org/maven2/org/hamcrest/hamcrest-parent/1.3/hamcrest-parent-1.3.pom
[INFO] Downloaded from central-only: https://repo.maven.apache.org/maven2/org/hamcrest/hamcrest-parent/1.3/hamcrest-parent-1.3.pom (0 B at 0 B/s)
[INFO] Artifact org.assertj:assertj-core:pom:3.9.1 is present in the local repository, but cached from a remote repository ID that is unavailable in current build context, verifying that is downloadable from [central-only (https://repo.maven.apache.org/maven2, default, releases+snapshots)]
[INFO] Artifact org.assertj:assertj-core:pom:3.9.1 is present in the local repository, but cached from a remote repository ID that is unavailable in current build context, verifying that is downloadable from [central-only (https://repo.maven.apache.org/maven2, default, releases+snapshots)]
[INFO] Downloading from central-only: https://repo.maven.apache.org/maven2/org/assertj/assertj-core/3.9.1/assertj-core-3.9.1.pom
[INFO] Downloaded from central-only: https://repo.maven.apache.org/maven2/org/assertj/assertj-core/3.9.1/assertj-core-3.9.1.pom (0 B at 0 B/s)
[INFO] Artifact org.assertj:assertj-parent-pom:pom:2.1.9 is present in the local repository, but cached from a remote repository ID that is unavailable in current build context, verifying that is downloadable from [central-only (https://repo.maven.apache.org/maven2, default, releases+snapshots)]
[INFO] Artifact org.assertj:assertj-parent-pom:pom:2.1.9 is present in the local repository, but cached from a remote repository ID that is unavailable in current build context, verifying that is downloadable from [central-only (https://repo.maven.apache.org/maven2, default, releases+snapshots)]
[INFO] Downloading from central-only: https://repo.maven.apache.org/maven2/org/assertj/assertj-parent-pom/2.1.9/assertj-parent-pom-2.1.9.pom
[INFO] Downloaded from central-only: https://repo.maven.apache.org/maven2/org/assertj/assertj-parent-pom/2.1.9/assertj-parent-pom-2.1.9.pom (0 B at 0 B/s)
[INFO] Artifact org.mockito:mockito-core:pom:2.15.0 is present in the local repository, but cached from a remote repository ID that is unavailable in current build context, verifying that is downloadable from [central-only (https://repo.maven.apache.org/maven2, default, releases+snapshots)]
[INFO] Artifact org.mockito:mockito-core:pom:2.15.0 is present in the local repository, but cached from a remote repository ID that is unavailable in current build context, verifying that is downloadable from [central-only (https://repo.maven.apache.org/maven2, default, releases+snapshots)]
[INFO] Downloading from central-only: https://repo.maven.apache.org/maven2/org/mockito/mockito-core/2.15.0/mockito-core-2.15.0.pom
[INFO] Downloaded from central-only: https://repo.maven.apache.org/maven2/org/mockito/mockito-core/2.15.0/mockito-core-2.15.0.pom (0 B at 0 B/s)
[INFO] Artifact net.bytebuddy:byte-buddy:pom:1.7.10 is present in the local repository, but cached from a remote repository ID that is unavailable in current build context, verifying that is downloadable from [central-only (https://repo.maven.apache.org/maven2, default, releases+snapshots)]
[INFO] Artifact net.bytebuddy:byte-buddy:pom:1.7.10 is present in the local repository, but cached from a remote repository ID that is unavailable in current build context, verifying that is downloadable from [central-only (https://repo.maven.apache.org/maven2, default, releases+snapshots)]
[INFO] Downloading from central-only: https://repo.maven.apache.org/maven2/net/bytebuddy/byte-buddy/1.7.10/byte-buddy-1.7.10.pom
[INFO] Downloaded from central-only: https://repo.maven.apache.org/maven2/net/bytebuddy/byte-buddy/1.7.10/byte-buddy-1.7.10.pom (0 B at 0 B/s)
[INFO] Artifact net.bytebuddy:byte-buddy-parent:pom:1.7.10 is present in the local repository, but cached from a remote repository ID that is unavailable in current build context, verifying that is downloadable from [central-only (https://repo.maven.apache.org/maven2, default, releases+snapshots)]
[INFO] Artifact net.bytebuddy:byte-buddy-parent:pom:1.7.10 is present in the local repository, but cached from a remote repository ID that is unavailable in current build context, verifying that is downloadable from [central-only (https://repo.maven.apache.org/maven2, default, releases+snapshots)]
[INFO] Downloading from central-only: https://repo.maven.apache.org/maven2/net/bytebuddy/byte-buddy-parent/1.7.10/byte-buddy-parent-1.7.10.pom
[INFO] Downloaded from central-only: https://repo.maven.apache.org/maven2/net/bytebuddy/byte-buddy-parent/1.7.10/byte-buddy-parent-1.7.10.pom (0 B at 0 B/s)
[INFO] Artifact net.bytebuddy:byte-buddy-agent:pom:1.7.10 is present in the local repository, but cached from a remote repository ID that is unavailable in current build context, verifying that is downloadable from [central-only (https://repo.maven.apache.org/maven2, default, releases+snapshots)]
[INFO] Artifact net.bytebuddy:byte-buddy-agent:pom:1.7.10 is present in the local repository, but cached from a remote repository ID that is unavailable in current build context, verifying that is downloadable from [central-only (https://repo.maven.apache.org/maven2, default, releases+snapshots)]
[INFO] Downloading from central-only: https://repo.maven.apache.org/maven2/net/bytebuddy/byte-buddy-agent/1.7.10/byte-buddy-agent-1.7.10.pom
[INFO] Downloaded from central-only: https://repo.maven.apache.org/maven2/net/bytebuddy/byte-buddy-agent/1.7.10/byte-buddy-agent-1.7.10.pom (0 B at 0 B/s)
[INFO] Artifact org.objenesis:objenesis:pom:2.6 is present in the local repository, but cached from a remote repository ID that is unavailable in current build context, verifying that is downloadable from [central-only (https://repo.maven.apache.org/maven2, default, releases+snapshots)]
[INFO] Artifact org.objenesis:objenesis:pom:2.6 is present in the local repository, but cached from a remote repository ID that is unavailable in current build context, verifying that is downloadable from [central-only (https://repo.maven.apache.org/maven2, default, releases+snapshots)]
[INFO] Downloading from central-only: https://repo.maven.apache.org/maven2/org/objenesis/objenesis/2.6/objenesis-2.6.pom
[INFO] Downloaded from central-only: https://repo.maven.apache.org/maven2/org/objenesis/objenesis/2.6/objenesis-2.6.pom (0 B at 0 B/s)
[INFO] Artifact org.objenesis:objenesis-parent:pom:2.6 is present in the local repository, but cached from a remote repository ID that is unavailable in current build context, verifying that is downloadable from [central-only (https://repo.maven.apache.org/maven2, default, releases+snapshots)]
[INFO] Artifact org.objenesis:objenesis-parent:pom:2.6 is present in the local repository, but cached from a remote repository ID that is unavailable in current build context, verifying that is downloadable from [central-only (https://repo.maven.apache.org/maven2, default, releases+snapshots)]
[INFO] Downloading from central-only: https://repo.maven.apache.org/maven2/org/objenesis/objenesis-parent/2.6/objenesis-parent-2.6.pom
[INFO] Downloaded from central-only: https://repo.maven.apache.org/maven2/org/objenesis/objenesis-parent/2.6/objenesis-parent-2.6.pom (0 B at 0 B/s)
[INFO] Artifact org.hamcrest:hamcrest-library:pom:1.3 is present in the local repository, but cached from a remote repository ID that is unavailable in current build context, verifying that is downloadable from [central-only (https://repo.maven.apache.org/maven2, default, releases+snapshots)]
[INFO] Artifact org.hamcrest:hamcrest-library:pom:1.3 is present in the local repository, but cached from a remote repository ID that is unavailable in current build context, verifying that is downloadable from [central-only (https://repo.maven.apache.org/maven2, default, releases+snapshots)]
[INFO] Downloading from central-only: https://repo.maven.apache.org/maven2/org/hamcrest/hamcrest-library/1.3/hamcrest-library-1.3.pom
[INFO] Downloaded from central-only: https://repo.maven.apache.org/maven2/org/hamcrest/hamcrest-library/1.3/hamcrest-library-1.3.pom (0 B at 0 B/s)
[INFO] Artifact org.skyscreamer:jsonassert:pom:1.5.0 is present in the local repository, but cached from a remote repository ID that is unavailable in current build context, verifying that is downloadable from [central-only (https://repo.maven.apache.org/maven2, default, releases+snapshots)]
[INFO] Artifact org.skyscreamer:jsonassert:pom:1.5.0 is present in the local repository, but cached from a remote repository ID that is unavailable in current build context, verifying that is downloadable from [central-only (https://repo.maven.apache.org/maven2, default, releases+snapshots)]
[INFO] Downloading from central-only: https://repo.maven.apache.org/maven2/org/skyscreamer/jsonassert/1.5.0/jsonassert-1.5.0.pom
[INFO] Downloaded from central-only: https://repo.maven.apache.org/maven2/org/skyscreamer/jsonassert/1.5.0/jsonassert-1.5.0.pom (0 B at 0 B/s)
[INFO] Artifact com.vaadin.external.google:android-json:pom:0.0.20131108.vaadin1 is present in the local repository, but cached from a remote repository ID that is unavailable in current build context, verifying that is downloadable from [central-only (https://repo.maven.apache.org/maven2, default, releases+snapshots)]
[INFO] Artifact com.vaadin.external.google:android-json:pom:0.0.20131108.vaadin1 is present in the local repository, but cached from a remote repository ID that is unavailable in current build context, verifying that is downloadable from [central-only (https://repo.maven.apache.org/maven2, default, releases+snapshots)]
[INFO] Downloading from central-only: https://repo.maven.apache.org/maven2/com/vaadin/external/google/android-json/0.0.20131108.vaadin1/android-json-0.0.20131108.vaadin1.pom
[INFO] Downloaded from central-only: https://repo.maven.apache.org/maven2/com/vaadin/external/google/android-json/0.0.20131108.vaadin1/android-json-0.0.20131108.vaadin1.pom (0 B at 0 B/s)
[INFO] Artifact org.springframework:spring-test:pom:5.0.4.RELEASE is present in the local repository, but cached from a remote repository ID that is unavailable in current build context, verifying that is downloadable from [central-only (https://repo.maven.apache.org/maven2, default, releases+snapshots)]
[INFO] Artifact org.springframework:spring-test:pom:5.0.4.RELEASE is present in the local repository, but cached from a remote repository ID that is unavailable in current build context, verifying that is downloadable from [central-only (https://repo.maven.apache.org/maven2, default, releases+snapshots)]
[INFO] Downloading from central-only: https://repo.maven.apache.org/maven2/org/springframework/spring-test/5.0.4.RELEASE/spring-test-5.0.4.RELEASE.pom
[INFO] Downloaded from central-only: https://repo.maven.apache.org/maven2/org/springframework/spring-test/5.0.4.RELEASE/spring-test-5.0.4.RELEASE.pom (0 B at 0 B/s)
[INFO] Artifact org.xmlunit:xmlunit-core:pom:2.5.1 is present in the local repository, but cached from a remote repository ID that is unavailable in current build context, verifying that is downloadable from [central-only (https://repo.maven.apache.org/maven2, default, releases+snapshots)]
[INFO] Artifact org.xmlunit:xmlunit-core:pom:2.5.1 is present in the local repository, but cached from a remote repository ID that is unavailable in current build context, verifying that is downloadable from [central-only (https://repo.maven.apache.org/maven2, default, releases+snapshots)]
[INFO] Downloading from central-only: https://repo.maven.apache.org/maven2/org/xmlunit/xmlunit-core/2.5.1/xmlunit-core-2.5.1.pom
[INFO] Downloaded from central-only: https://repo.maven.apache.org/maven2/org/xmlunit/xmlunit-core/2.5.1/xmlunit-core-2.5.1.pom (0 B at 0 B/s)
[INFO] Artifact org.xmlunit:xmlunit-parent:pom:2.5.1 is present in the local repository, but cached from a remote repository ID that is unavailable in current build context, verifying that is downloadable from [central-only (https://repo.maven.apache.org/maven2, default, releases+snapshots)]
[INFO] Artifact org.xmlunit:xmlunit-parent:pom:2.5.1 is present in the local repository, but cached from a remote repository ID that is unavailable in current build context, verifying that is downloadable from [central-only (https://repo.maven.apache.org/maven2, default, releases+snapshots)]
[INFO] Downloading from central-only: https://repo.maven.apache.org/maven2/org/xmlunit/xmlunit-parent/2.5.1/xmlunit-parent-2.5.1.pom
[INFO] Downloaded from central-only: https://repo.maven.apache.org/maven2/org/xmlunit/xmlunit-parent/2.5.1/xmlunit-parent-2.5.1.pom (0 B at 0 B/s)
[INFO] Artifact com.alibaba:fastjson:pom:1.2.83 is present in the local repository, but cached from a remote repository ID that is unavailable in current build context, verifying that is downloadable from [central-only (https://repo.maven.apache.org/maven2, default, releases+snapshots)]
[INFO] Artifact com.alibaba:fastjson:pom:1.2.83 is present in the local repository, but cached from a remote repository ID that is unavailable in current build context, verifying that is downloadable from [central-only (https://repo.maven.apache.org/maven2, default, releases+snapshots)]
[INFO] Downloading from central-only: https://repo.maven.apache.org/maven2/com/alibaba/fastjson/1.2.83/fastjson-1.2.83.pom
[INFO] Downloaded from central-only: https://repo.maven.apache.org/maven2/com/alibaba/fastjson/1.2.83/fastjson-1.2.83.pom (0 B at 0 B/s)
[INFO] Artifact mysql:mysql-connector-java:pom:8.0.33 is present in the local repository, but cached from a remote repository ID that is unavailable in current build context, verifying that is downloadable from [central-only (https://repo.maven.apache.org/maven2, default, releases+snapshots)]
[INFO] Artifact mysql:mysql-connector-java:pom:8.0.33 is present in the local repository, but cached from a remote repository ID that is unavailable in current build context, verifying that is downloadable from [central-only (https://repo.maven.apache.org/maven2, default, releases+snapshots)]
[INFO] Downloading from central-only: https://repo.maven.apache.org/maven2/mysql/mysql-connector-java/8.0.33/mysql-connector-java-8.0.33.pom
[INFO] Downloaded from central-only: https://repo.maven.apache.org/maven2/mysql/mysql-connector-java/8.0.33/mysql-connector-java-8.0.33.pom (0 B at 0 B/s)
[INFO] Artifact com.mysql:mysql-connector-j:pom:8.0.33 is present in the local repository, but cached from a remote repository ID that is unavailable in current build context, verifying that is downloadable from [central-only (https://repo.maven.apache.org/maven2, default, releases+snapshots)]
[INFO] Artifact com.mysql:mysql-connector-j:pom:8.0.33 is present in the local repository, but cached from a remote repository ID that is unavailable in current build context, verifying that is downloadable from [central-only (https://repo.maven.apache.org/maven2, default, releases+snapshots)]
[INFO] Downloading from central-only: https://repo.maven.apache.org/maven2/com/mysql/mysql-connector-j/8.0.33/mysql-connector-j-8.0.33.pom
[INFO] Downloaded from central-only: https://repo.maven.apache.org/maven2/com/mysql/mysql-connector-j/8.0.33/mysql-connector-j-8.0.33.pom (0 B at 0 B/s)
[INFO] Artifact com.google.protobuf:protobuf-java:pom:3.21.9 is present in the local repository, but cached from a remote repository ID that is unavailable in current build context, verifying that is downloadable from [central-only (https://repo.maven.apache.org/maven2, default, releases+snapshots)]
[INFO] Artifact com.google.protobuf:protobuf-java:pom:3.21.9 is present in the local repository, but cached from a remote repository ID that is unavailable in current build context, verifying that is downloadable from [central-only (https://repo.maven.apache.org/maven2, default, releases+snapshots)]
[INFO] Downloading from central-only: https://repo.maven.apache.org/maven2/com/google/protobuf/protobuf-java/3.21.9/protobuf-java-3.21.9.pom
[INFO] Downloaded from central-only: https://repo.maven.apache.org/maven2/com/google/protobuf/protobuf-java/3.21.9/protobuf-java-3.21.9.pom (0 B at 0 B/s)
[INFO] Artifact com.google.protobuf:protobuf-parent:pom:3.21.9 is present in the local repository, but cached from a remote repository ID that is unavailable in current build context, verifying that is downloadable from [central-only (https://repo.maven.apache.org/maven2, default, releases+snapshots)]
[INFO] Artifact com.google.protobuf:protobuf-parent:pom:3.21.9 is present in the local repository, but cached from a remote repository ID that is unavailable in current build context, verifying that is downloadable from [central-only (https://repo.maven.apache.org/maven2, default, releases+snapshots)]
[INFO] Downloading from central-only: https://repo.maven.apache.org/maven2/com/google/protobuf/protobuf-parent/3.21.9/protobuf-parent-3.21.9.pom
[INFO] Downloaded from central-only: https://repo.maven.apache.org/maven2/com/google/protobuf/protobuf-parent/3.21.9/protobuf-parent-3.21.9.pom (0 B at 0 B/s)
[INFO] Artifact com.google.protobuf:protobuf-bom:pom:3.21.9 is present in the local repository, but cached from a remote repository ID that is unavailable in current build context, verifying that is downloadable from [central-only (https://repo.maven.apache.org/maven2, default, releases+snapshots)]
[INFO] Artifact com.google.protobuf:protobuf-bom:pom:3.21.9 is present in the local repository, but cached from a remote repository ID that is unavailable in current build context, verifying that is downloadable from [central-only (https://repo.maven.apache.org/maven2, default, releases+snapshots)]
[INFO] Downloading from central-only: https://repo.maven.apache.org/maven2/com/google/protobuf/protobuf-bom/3.21.9/protobuf-bom-3.21.9.pom
[INFO] Downloaded from central-only: https://repo.maven.apache.org/maven2/com/google/protobuf/protobuf-bom/3.21.9/protobuf-bom-3.21.9.pom (0 B at 0 B/s)
[INFO] Artifact org.apache.httpcomponents:httpclient:pom:4.5.2 is present in the local repository, but cached from a remote repository ID that is unavailable in current build context, verifying that is downloadable from [central-only (https://repo.maven.apache.org/maven2, default, releases+snapshots)]
[INFO] Artifact org.apache.httpcomponents:httpclient:pom:4.5.2 is present in the local repository, but cached from a remote repository ID that is unavailable in current build context, verifying that is downloadable from [central-only (https://repo.maven.apache.org/maven2, default, releases+snapshots)]
[INFO] Downloading from central-only: https://repo.maven.apache.org/maven2/org/apache/httpcomponents/httpclient/4.5.2/httpclient-4.5.2.pom
[INFO] Downloaded from central-only: https://repo.maven.apache.org/maven2/org/apache/httpcomponents/httpclient/4.5.2/httpclient-4.5.2.pom (0 B at 0 B/s)
[INFO] Artifact org.apache.httpcomponents:httpcomponents-client:pom:4.5.2 is present in the local repository, but cached from a remote repository ID that is unavailable in current build context, verifying that is downloadable from [central-only (https://repo.maven.apache.org/maven2, default, releases+snapshots)]
[INFO] Artifact org.apache.httpcomponents:httpcomponents-client:pom:4.5.2 is present in the local repository, but cached from a remote repository ID that is unavailable in current build context, verifying that is downloadable from [central-only (https://repo.maven.apache.org/maven2, default, releases+snapshots)]
[INFO] Downloading from central-only: https://repo.maven.apache.org/maven2/org/apache/httpcomponents/httpcomponents-client/4.5.2/httpcomponents-client-4.5.2.pom
[INFO] Downloaded from central-only: https://repo.maven.apache.org/maven2/org/apache/httpcomponents/httpcomponents-client/4.5.2/httpcomponents-client-4.5.2.pom (0 B at 0 B/s)
[INFO] Artifact org.apache.httpcomponents:project:pom:7 is present in the local repository, but cached from a remote repository ID that is unavailable in current build context, verifying that is downloadable from [central-only (https://repo.maven.apache.org/maven2, default, releases+snapshots)]
[INFO] Artifact org.apache.httpcomponents:project:pom:7 is present in the local repository, but cached from a remote repository ID that is unavailable in current build context, verifying that is downloadable from [central-only (https://repo.maven.apache.org/maven2, default, releases+snapshots)]
[INFO] Downloading from central-only: https://repo.maven.apache.org/maven2/org/apache/httpcomponents/project/7/project-7.pom
[INFO] Downloaded from central-only: https://repo.maven.apache.org/maven2/org/apache/httpcomponents/project/7/project-7.pom (0 B at 0 B/s)
[INFO] Artifact org.apache:apache:pom:13 is present in the local repository, but cached from a remote repository ID that is unavailable in current build context, verifying that is downloadable from [central-only (https://repo.maven.apache.org/maven2, default, releases+snapshots)]
[INFO] Artifact org.apache:apache:pom:13 is present in the local repository, but cached from a remote repository ID that is unavailable in current build context, verifying that is downloadable from [central-only (https://repo.maven.apache.org/maven2, default, releases+snapshots)]
[INFO] Downloading from central-only: https://repo.maven.apache.org/maven2/org/apache/apache/13/apache-13.pom
[INFO] Downloaded from central-only: https://repo.maven.apache.org/maven2/org/apache/apache/13/apache-13.pom (0 B at 0 B/s)
[INFO] Artifact org.apache.httpcomponents:httpcore:pom:4.4.9 is present in the local repository, but cached from a remote repository ID that is unavailable in current build context, verifying that is downloadable from [central-only (https://repo.maven.apache.org/maven2, default, releases+snapshots)]
[INFO] Artifact org.apache.httpcomponents:httpcore:pom:4.4.9 is present in the local repository, but cached from a remote repository ID that is unavailable in current build context, verifying that is downloadable from [central-only (https://repo.maven.apache.org/maven2, default, releases+snapshots)]
[INFO] Downloading from central-only: https://repo.maven.apache.org/maven2/org/apache/httpcomponents/httpcore/4.4.9/httpcore-4.4.9.pom
[INFO] Downloaded from central-only: https://repo.maven.apache.org/maven2/org/apache/httpcomponents/httpcore/4.4.9/httpcore-4.4.9.pom (0 B at 0 B/s)
[INFO] Artifact org.apache.httpcomponents:httpcomponents-core:pom:4.4.9 is present in the local repository, but cached from a remote repository ID that is unavailable in current build context, verifying that is downloadable from [central-only (https://repo.maven.apache.org/maven2, default, releases+snapshots)]
[INFO] Artifact org.apache.httpcomponents:httpcomponents-core:pom:4.4.9 is present in the local repository, but cached from a remote repository ID that is unavailable in current build context, verifying that is downloadable from [central-only (https://repo.maven.apache.org/maven2, default, releases+snapshots)]
[INFO] Downloading from central-only: https://repo.maven.apache.org/maven2/org/apache/httpcomponents/httpcomponents-core/4.4.9/httpcomponents-core-4.4.9.pom
[INFO] Downloaded from central-only: https://repo.maven.apache.org/maven2/org/apache/httpcomponents/httpcomponents-core/4.4.9/httpcomponents-core-4.4.9.pom (0 B at 0 B/s)
[INFO] Artifact org.apache.httpcomponents:httpcomponents-parent:pom:9 is present in the local repository, but cached from a remote repository ID that is unavailable in current build context, verifying that is downloadable from [central-only (https://repo.maven.apache.org/maven2, default, releases+snapshots)]
[INFO] Artifact org.apache.httpcomponents:httpcomponents-parent:pom:9 is present in the local repository, but cached from a remote repository ID that is unavailable in current build context, verifying that is downloadable from [central-only (https://repo.maven.apache.org/maven2, default, releases+snapshots)]
[INFO] Downloading from central-only: https://repo.maven.apache.org/maven2/org/apache/httpcomponents/httpcomponents-parent/9/httpcomponents-parent-9.pom
[INFO] Downloaded from central-only: https://repo.maven.apache.org/maven2/org/apache/httpcomponents/httpcomponents-parent/9/httpcomponents-parent-9.pom (0 B at 0 B/s)
[INFO] Artifact commons-codec:commons-codec:pom:1.11 is present in the local repository, but cached from a remote repository ID that is unavailable in current build context, verifying that is downloadable from [central-only (https://repo.maven.apache.org/maven2, default, releases+snapshots)]
[INFO] Artifact commons-codec:commons-codec:pom:1.11 is present in the local repository, but cached from a remote repository ID that is unavailable in current build context, verifying that is downloadable from [central-only (https://repo.maven.apache.org/maven2, default, releases+snapshots)]
[INFO] Downloading from central-only: https://repo.maven.apache.org/maven2/commons-codec/commons-codec/1.11/commons-codec-1.11.pom
[INFO] Downloaded from central-only: https://repo.maven.apache.org/maven2/commons-codec/commons-codec/1.11/commons-codec-1.11.pom (0 B at 0 B/s)
[INFO] Artifact org.apache.commons:commons-parent:pom:42 is present in the local repository, but cached from a remote repository ID that is unavailable in current build context, verifying that is downloadable from [central-only (https://repo.maven.apache.org/maven2, default, releases+snapshots)]
[INFO] Artifact org.apache.commons:commons-parent:pom:42 is present in the local repository, but cached from a remote repository ID that is unavailable in current build context, verifying that is downloadable from [central-only (https://repo.maven.apache.org/maven2, default, releases+snapshots)]
[INFO] Downloading from central-only: https://repo.maven.apache.org/maven2/org/apache/commons/commons-parent/42/commons-parent-42.pom
[INFO] Downloaded from central-only: https://repo.maven.apache.org/maven2/org/apache/commons/commons-parent/42/commons-parent-42.pom (0 B at 0 B/s)
[INFO] Artifact net.sourceforge.jexcelapi:jxl:pom:2.6.12 is present in the local repository, but cached from a remote repository ID that is unavailable in current build context, verifying that is downloadable from [central-only (https://repo.maven.apache.org/maven2, default, releases+snapshots)]
[INFO] Artifact net.sourceforge.jexcelapi:jxl:pom:2.6.12 is present in the local repository, but cached from a remote repository ID that is unavailable in current build context, verifying that is downloadable from [central-only (https://repo.maven.apache.org/maven2, default, releases+snapshots)]
[INFO] Downloading from central-only: https://repo.maven.apache.org/maven2/net/sourceforge/jexcelapi/jxl/2.6.12/jxl-2.6.12.pom
[INFO] Downloaded from central-only: https://repo.maven.apache.org/maven2/net/sourceforge/jexcelapi/jxl/2.6.12/jxl-2.6.12.pom (0 B at 0 B/s)
[INFO] Artifact log4j:log4j:pom:1.2.14 is present in the local repository, but cached from a remote repository ID that is unavailable in current build context, verifying that is downloadable from [central-only (https://repo.maven.apache.org/maven2, default, releases+snapshots)]
[INFO] Artifact log4j:log4j:pom:1.2.14 is present in the local repository, but cached from a remote repository ID that is unavailable in current build context, verifying that is downloadable from [central-only (https://repo.maven.apache.org/maven2, default, releases+snapshots)]
[INFO] Downloading from central-only: https://repo.maven.apache.org/maven2/log4j/log4j/1.2.14/log4j-1.2.14.pom
[INFO] Downloaded from central-only: https://repo.maven.apache.org/maven2/log4j/log4j/1.2.14/log4j-1.2.14.pom (0 B at 0 B/s)
[INFO] Artifact org.projectlombok:lombok:pom:1.18.12 is present in the local repository, but cached from a remote repository ID that is unavailable in current build context, verifying that is downloadable from [central-only (https://repo.maven.apache.org/maven2, default, releases+snapshots)]
[INFO] Artifact org.projectlombok:lombok:pom:1.18.12 is present in the local repository, but cached from a remote repository ID that is unavailable in current build context, verifying that is downloadable from [central-only (https://repo.maven.apache.org/maven2, default, releases+snapshots)]
[INFO] Downloading from central-only: https://repo.maven.apache.org/maven2/org/projectlombok/lombok/1.18.12/lombok-1.18.12.pom
[INFO] Downloaded from central-only: https://repo.maven.apache.org/maven2/org/projectlombok/lombok/1.18.12/lombok-1.18.12.pom (0 B at 0 B/s)
[INFO] Artifact org.apache.logging.log4j:log4j-to-slf4j:pom:2.15.0 is present in the local repository, but cached from a remote repository ID that is unavailable in current build context, verifying that is downloadable from [central-only (https://repo.maven.apache.org/maven2, default, releases+snapshots)]
[INFO] Artifact org.apache.logging.log4j:log4j-to-slf4j:pom:2.15.0 is present in the local repository, but cached from a remote repository ID that is unavailable in current build context, verifying that is downloadable from [central-only (https://repo.maven.apache.org/maven2, default, releases+snapshots)]
[INFO] Downloading from central-only: https://repo.maven.apache.org/maven2/org/apache/logging/log4j/log4j-to-slf4j/2.15.0/log4j-to-slf4j-2.15.0.pom
[INFO] Downloaded from central-only: https://repo.maven.apache.org/maven2/org/apache/logging/log4j/log4j-to-slf4j/2.15.0/log4j-to-slf4j-2.15.0.pom (0 B at 0 B/s)
[INFO] Artifact org.apache.logging.log4j:log4j:pom:2.15.0 is present in the local repository, but cached from a remote repository ID that is unavailable in current build context, verifying that is downloadable from [central-only (https://repo.maven.apache.org/maven2, default, releases+snapshots)]
[INFO] Artifact org.apache.logging.log4j:log4j:pom:2.15.0 is present in the local repository, but cached from a remote repository ID that is unavailable in current build context, verifying that is downloadable from [central-only (https://repo.maven.apache.org/maven2, default, releases+snapshots)]
[INFO] Downloading from central-only: https://repo.maven.apache.org/maven2/org/apache/logging/log4j/log4j/2.15.0/log4j-2.15.0.pom
[INFO] Downloaded from central-only: https://repo.maven.apache.org/maven2/org/apache/logging/log4j/log4j/2.15.0/log4j-2.15.0.pom (0 B at 0 B/s)
[INFO] Artifact org.apache.logging:logging-parent:pom:3 is present in the local repository, but cached from a remote repository ID that is unavailable in current build context, verifying that is downloadable from [central-only (https://repo.maven.apache.org/maven2, default, releases+snapshots)]
[INFO] Artifact org.apache.logging:logging-parent:pom:3 is present in the local repository, but cached from a remote repository ID that is unavailable in current build context, verifying that is downloadable from [central-only (https://repo.maven.apache.org/maven2, default, releases+snapshots)]
[INFO] Downloading from central-only: https://repo.maven.apache.org/maven2/org/apache/logging/logging-parent/3/logging-parent-3.pom
[INFO] Downloaded from central-only: https://repo.maven.apache.org/maven2/org/apache/logging/logging-parent/3/logging-parent-3.pom (0 B at 0 B/s)
[INFO] Artifact org.apache:apache:pom:23 is present in the local repository, but cached from a remote repository ID that is unavailable in current build context, verifying that is downloadable from [central-only (https://repo.maven.apache.org/maven2, default, releases+snapshots)]
[INFO] Artifact org.apache:apache:pom:23 is present in the local repository, but cached from a remote repository ID that is unavailable in current build context, verifying that is downloadable from [central-only (https://repo.maven.apache.org/maven2, default, releases+snapshots)]
[INFO] Downloading from central-only: https://repo.maven.apache.org/maven2/org/apache/apache/23/apache-23.pom
[INFO] Downloaded from central-only: https://repo.maven.apache.org/maven2/org/apache/apache/23/apache-23.pom (0 B at 0 B/s)
[INFO] Artifact com.baomidou:mybatis-plus-boot-starter:pom:3.0.7.1 is present in the local repository, but cached from a remote repository ID that is unavailable in current build context, verifying that is downloadable from [central-only (https://repo.maven.apache.org/maven2, default, releases+snapshots)]
[INFO] Artifact com.baomidou:mybatis-plus-boot-starter:pom:3.0.7.1 is present in the local repository, but cached from a remote repository ID that is unavailable in current build context, verifying that is downloadable from [central-only (https://repo.maven.apache.org/maven2, default, releases+snapshots)]
[INFO] Downloading from central-only: https://repo.maven.apache.org/maven2/com/baomidou/mybatis-plus-boot-starter/3.0.7.1/mybatis-plus-boot-starter-3.0.7.1.pom
[INFO] Downloaded from central-only: https://repo.maven.apache.org/maven2/com/baomidou/mybatis-plus-boot-starter/3.0.7.1/mybatis-plus-boot-starter-3.0.7.1.pom (0 B at 0 B/s)
[INFO] Artifact org.springframework.boot:spring-boot-dependencies:pom:2.1.0.RELEASE is present in the local repository, but cached from a remote repository ID that is unavailable in current build context, verifying that is downloadable from [central-only (https://repo.maven.apache.org/maven2, default, releases+snapshots)]
[INFO] Artifact org.springframework.boot:spring-boot-dependencies:pom:2.1.0.RELEASE is present in the local repository, but cached from a remote repository ID that is unavailable in current build context, verifying that is downloadable from [central-only (https://repo.maven.apache.org/maven2, default, releases+snapshots)]
[INFO] Downloading from central-only: https://repo.maven.apache.org/maven2/org/springframework/boot/spring-boot-dependencies/2.1.0.RELEASE/spring-boot-dependencies-2.1.0.RELEASE.pom
[INFO] Downloaded from central-only: https://repo.maven.apache.org/maven2/org/springframework/boot/spring-boot-dependencies/2.1.0.RELEASE/spring-boot-dependencies-2.1.0.RELEASE.pom (0 B at 0 B/s)
[INFO] Artifact com.fasterxml.jackson:jackson-bom:pom:2.9.7 is present in the local repository, but cached from a remote repository ID that is unavailable in current build context, verifying that is downloadable from [central-only (https://repo.maven.apache.org/maven2, default, releases+snapshots)]
[INFO] Artifact com.fasterxml.jackson:jackson-bom:pom:2.9.7 is present in the local repository, but cached from a remote repository ID that is unavailable in current build context, verifying that is downloadable from [central-only (https://repo.maven.apache.org/maven2, default, releases+snapshots)]
[INFO] Downloading from central-only: https://repo.maven.apache.org/maven2/com/fasterxml/jackson/jackson-bom/2.9.7/jackson-bom-2.9.7.pom
[INFO] Downloaded from central-only: https://repo.maven.apache.org/maven2/com/fasterxml/jackson/jackson-bom/2.9.7/jackson-bom-2.9.7.pom (0 B at 0 B/s)
[INFO] Artifact io.netty:netty-bom:pom:4.1.29.Final is present in the local repository, but cached from a remote repository ID that is unavailable in current build context, verifying that is downloadable from [central-only (https://repo.maven.apache.org/maven2, default, releases+snapshots)]
[INFO] Artifact io.netty:netty-bom:pom:4.1.29.Final is present in the local repository, but cached from a remote repository ID that is unavailable in current build context, verifying that is downloadable from [central-only (https://repo.maven.apache.org/maven2, default, releases+snapshots)]
[INFO] Downloading from central-only: https://repo.maven.apache.org/maven2/io/netty/netty-bom/4.1.29.Final/netty-bom-4.1.29.Final.pom
[INFO] Downloaded from central-only: https://repo.maven.apache.org/maven2/io/netty/netty-bom/4.1.29.Final/netty-bom-4.1.29.Final.pom (0 B at 0 B/s)
[INFO] Artifact io.projectreactor:reactor-bom:pom:Californium-SR2 is present in the local repository, but cached from a remote repository ID that is unavailable in current build context, verifying that is downloadable from [central-only (https://repo.maven.apache.org/maven2, default, releases+snapshots)]
[INFO] Artifact io.projectreactor:reactor-bom:pom:Californium-SR2 is present in the local repository, but cached from a remote repository ID that is unavailable in current build context, verifying that is downloadable from [central-only (https://repo.maven.apache.org/maven2, default, releases+snapshots)]
[INFO] Downloading from central-only: https://repo.maven.apache.org/maven2/io/projectreactor/reactor-bom/Californium-SR2/reactor-bom-Californium-SR2.pom
[INFO] Downloaded from central-only: https://repo.maven.apache.org/maven2/io/projectreactor/reactor-bom/Californium-SR2/reactor-bom-Californium-SR2.pom (0 B at 0 B/s)
[INFO] Artifact org.apache.logging.log4j:log4j-bom:pom:2.11.1 is present in the local repository, but cached from a remote repository ID that is unavailable in current build context, verifying that is downloadable from [central-only (https://repo.maven.apache.org/maven2, default, releases+snapshots)]
[INFO] Artifact org.apache.logging.log4j:log4j-bom:pom:2.11.1 is present in the local repository, but cached from a remote repository ID that is unavailable in current build context, verifying that is downloadable from [central-only (https://repo.maven.apache.org/maven2, default, releases+snapshots)]
[INFO] Downloading from central-only: https://repo.maven.apache.org/maven2/org/apache/logging/log4j/log4j-bom/2.11.1/log4j-bom-2.11.1.pom
[INFO] Downloaded from central-only: https://repo.maven.apache.org/maven2/org/apache/logging/log4j/log4j-bom/2.11.1/log4j-bom-2.11.1.pom (0 B at 0 B/s)
[INFO] Artifact org.eclipse.jetty:jetty-bom:pom:9.4.12.v20180830 is present in the local repository, but cached from a remote repository ID that is unavailable in current build context, verifying that is downloadable from [central-only (https://repo.maven.apache.org/maven2, default, releases+snapshots)]
[INFO] Artifact org.eclipse.jetty:jetty-bom:pom:9.4.12.v20180830 is present in the local repository, but cached from a remote repository ID that is unavailable in current build context, verifying that is downloadable from [central-only (https://repo.maven.apache.org/maven2, default, releases+snapshots)]
[INFO] Downloading from central-only: https://repo.maven.apache.org/maven2/org/eclipse/jetty/jetty-bom/9.4.12.v20180830/jetty-bom-9.4.12.v20180830.pom
[INFO] Downloaded from central-only: https://repo.maven.apache.org/maven2/org/eclipse/jetty/jetty-bom/9.4.12.v20180830/jetty-bom-9.4.12.v20180830.pom (0 B at 0 B/s)
[INFO] Artifact org.glassfish.jersey:jersey-bom:pom:2.27 is present in the local repository, but cached from a remote repository ID that is unavailable in current build context, verifying that is downloadable from [central-only (https://repo.maven.apache.org/maven2, default, releases+snapshots)]
[INFO] Artifact org.glassfish.jersey:jersey-bom:pom:2.27 is present in the local repository, but cached from a remote repository ID that is unavailable in current build context, verifying that is downloadable from [central-only (https://repo.maven.apache.org/maven2, default, releases+snapshots)]
[INFO] Downloading from central-only: https://repo.maven.apache.org/maven2/org/glassfish/jersey/jersey-bom/2.27/jersey-bom-2.27.pom
[INFO] Downloaded from central-only: https://repo.maven.apache.org/maven2/org/glassfish/jersey/jersey-bom/2.27/jersey-bom-2.27.pom (0 B at 0 B/s)
[INFO] Artifact net.java:jvnet-parent:pom:4 is present in the local repository, but cached from a remote repository ID that is unavailable in current build context, verifying that is downloadable from [central-only (https://repo.maven.apache.org/maven2, default, releases+snapshots)]
[INFO] Artifact net.java:jvnet-parent:pom:4 is present in the local repository, but cached from a remote repository ID that is unavailable in current build context, verifying that is downloadable from [central-only (https://repo.maven.apache.org/maven2, default, releases+snapshots)]
[INFO] Downloading from central-only: https://repo.maven.apache.org/maven2/net/java/jvnet-parent/4/jvnet-parent-4.pom
[INFO] Downloaded from central-only: https://repo.maven.apache.org/maven2/net/java/jvnet-parent/4/jvnet-parent-4.pom (0 B at 0 B/s)
[INFO] Artifact org.junit:junit-bom:pom:5.3.1 is present in the local repository, but cached from a remote repository ID that is unavailable in current build context, verifying that is downloadable from [central-only (https://repo.maven.apache.org/maven2, default, releases+snapshots)]
[INFO] Artifact org.junit:junit-bom:pom:5.3.1 is present in the local repository, but cached from a remote repository ID that is unavailable in current build context, verifying that is downloadable from [central-only (https://repo.maven.apache.org/maven2, default, releases+snapshots)]
[INFO] Downloading from central-only: https://repo.maven.apache.org/maven2/org/junit/junit-bom/5.3.1/junit-bom-5.3.1.pom
[INFO] Downloaded from central-only: https://repo.maven.apache.org/maven2/org/junit/junit-bom/5.3.1/junit-bom-5.3.1.pom (0 B at 0 B/s)
[INFO] Artifact org.springframework:spring-framework-bom:pom:5.1.2.RELEASE is present in the local repository, but cached from a remote repository ID that is unavailable in current build context, verifying that is downloadable from [central-only (https://repo.maven.apache.org/maven2, default, releases+snapshots)]
[INFO] Artifact org.springframework:spring-framework-bom:pom:5.1.2.RELEASE is present in the local repository, but cached from a remote repository ID that is unavailable in current build context, verifying that is downloadable from [central-only (https://repo.maven.apache.org/maven2, default, releases+snapshots)]
[INFO] Downloading from central-only: https://repo.maven.apache.org/maven2/org/springframework/spring-framework-bom/5.1.2.RELEASE/spring-framework-bom-5.1.2.RELEASE.pom
[INFO] Downloaded from central-only: https://repo.maven.apache.org/maven2/org/springframework/spring-framework-bom/5.1.2.RELEASE/spring-framework-bom-5.1.2.RELEASE.pom (0 B at 0 B/s)
[INFO] Artifact org.springframework.data:spring-data-releasetrain:pom:Lovelace-SR2 is present in the local repository, but cached from a remote repository ID that is unavailable in current build context, verifying that is downloadable from [central-only (https://repo.maven.apache.org/maven2, default, releases+snapshots)]
[INFO] Artifact org.springframework.data:spring-data-releasetrain:pom:Lovelace-SR2 is present in the local repository, but cached from a remote repository ID that is unavailable in current build context, verifying that is downloadable from [central-only (https://repo.maven.apache.org/maven2, default, releases+snapshots)]
[INFO] Downloading from central-only: https://repo.maven.apache.org/maven2/org/springframework/data/spring-data-releasetrain/Lovelace-SR2/spring-data-releasetrain-Lovelace-SR2.pom
[INFO] Downloaded from central-only: https://repo.maven.apache.org/maven2/org/springframework/data/spring-data-releasetrain/Lovelace-SR2/spring-data-releasetrain-Lovelace-SR2.pom (0 B at 0 B/s)
[INFO] Artifact org.springframework.data.build:spring-data-build:pom:2.1.2.RELEASE is present in the local repository, but cached from a remote repository ID that is unavailable in current build context, verifying that is downloadable from [central-only (https://repo.maven.apache.org/maven2, default, releases+snapshots)]
[INFO] Artifact org.springframework.data.build:spring-data-build:pom:2.1.2.RELEASE is present in the local repository, but cached from a remote repository ID that is unavailable in current build context, verifying that is downloadable from [central-only (https://repo.maven.apache.org/maven2, default, releases+snapshots)]
[INFO] Downloading from central-only: https://repo.maven.apache.org/maven2/org/springframework/data/build/spring-data-build/2.1.2.RELEASE/spring-data-build-2.1.2.RELEASE.pom
[INFO] Downloaded from central-only: https://repo.maven.apache.org/maven2/org/springframework/data/build/spring-data-build/2.1.2.RELEASE/spring-data-build-2.1.2.RELEASE.pom (0 B at 0 B/s)
[INFO] Artifact org.springframework.integration:spring-integration-bom:pom:5.1.0.RELEASE is present in the local repository, but cached from a remote repository ID that is unavailable in current build context, verifying that is downloadable from [central-only (https://repo.maven.apache.org/maven2, default, releases+snapshots)]
[INFO] Artifact org.springframework.integration:spring-integration-bom:pom:5.1.0.RELEASE is present in the local repository, but cached from a remote repository ID that is unavailable in current build context, verifying that is downloadable from [central-only (https://repo.maven.apache.org/maven2, default, releases+snapshots)]
[INFO] Downloading from central-only: https://repo.maven.apache.org/maven2/org/springframework/integration/spring-integration-bom/5.1.0.RELEASE/spring-integration-bom-5.1.0.RELEASE.pom
[INFO] Downloaded from central-only: https://repo.maven.apache.org/maven2/org/springframework/integration/spring-integration-bom/5.1.0.RELEASE/spring-integration-bom-5.1.0.RELEASE.pom (0 B at 0 B/s)
[INFO] Artifact org.springframework.security:spring-security-bom:pom:5.1.1.RELEASE is present in the local repository, but cached from a remote repository ID that is unavailable in current build context, verifying that is downloadable from [central-only (https://repo.maven.apache.org/maven2, default, releases+snapshots)]
[INFO] Artifact org.springframework.security:spring-security-bom:pom:5.1.1.RELEASE is present in the local repository, but cached from a remote repository ID that is unavailable in current build context, verifying that is downloadable from [central-only (https://repo.maven.apache.org/maven2, default, releases+snapshots)]
[INFO] Downloading from central-only: https://repo.maven.apache.org/maven2/org/springframework/security/spring-security-bom/5.1.1.RELEASE/spring-security-bom-5.1.1.RELEASE.pom
[INFO] Downloaded from central-only: https://repo.maven.apache.org/maven2/org/springframework/security/spring-security-bom/5.1.1.RELEASE/spring-security-bom-5.1.1.RELEASE.pom (0 B at 0 B/s)
[INFO] Artifact org.springframework.session:spring-session-bom:pom:Bean-RELEASE is present in the local repository, but cached from a remote repository ID that is unavailable in current build context, verifying that is downloadable from [central-only (https://repo.maven.apache.org/maven2, default, releases+snapshots)]
[INFO] Artifact org.springframework.session:spring-session-bom:pom:Bean-RELEASE is present in the local repository, but cached from a remote repository ID that is unavailable in current build context, verifying that is downloadable from [central-only (https://repo.maven.apache.org/maven2, default, releases+snapshots)]
[INFO] Downloading from central-only: https://repo.maven.apache.org/maven2/org/springframework/session/spring-session-bom/Bean-RELEASE/spring-session-bom-Bean-RELEASE.pom
[INFO] Downloaded from central-only: https://repo.maven.apache.org/maven2/org/springframework/session/spring-session-bom/Bean-RELEASE/spring-session-bom-Bean-RELEASE.pom (0 B at 0 B/s)
[INFO] Artifact com.baomidou:mybatis-plus:pom:3.0.7.1 is present in the local repository, but cached from a remote repository ID that is unavailable in current build context, verifying that is downloadable from [central-only (https://repo.maven.apache.org/maven2, default, releases+snapshots)]
[INFO] Artifact com.baomidou:mybatis-plus:pom:3.0.7.1 is present in the local repository, but cached from a remote repository ID that is unavailable in current build context, verifying that is downloadable from [central-only (https://repo.maven.apache.org/maven2, default, releases+snapshots)]
[INFO] Downloading from central-only: https://repo.maven.apache.org/maven2/com/baomidou/mybatis-plus/3.0.7.1/mybatis-plus-3.0.7.1.pom
[INFO] Downloaded from central-only: https://repo.maven.apache.org/maven2/com/baomidou/mybatis-plus/3.0.7.1/mybatis-plus-3.0.7.1.pom (0 B at 0 B/s)
[INFO] Artifact com.baomidou:mybatis-plus-extension:pom:3.0.7.1 is present in the local repository, but cached from a remote repository ID that is unavailable in current build context, verifying that is downloadable from [central-only (https://repo.maven.apache.org/maven2, default, releases+snapshots)]
[INFO] Artifact com.baomidou:mybatis-plus-extension:pom:3.0.7.1 is present in the local repository, but cached from a remote repository ID that is unavailable in current build context, verifying that is downloadable from [central-only (https://repo.maven.apache.org/maven2, default, releases+snapshots)]
[INFO] Downloading from central-only: https://repo.maven.apache.org/maven2/com/baomidou/mybatis-plus-extension/3.0.7.1/mybatis-plus-extension-3.0.7.1.pom
[INFO] Downloaded from central-only: https://repo.maven.apache.org/maven2/com/baomidou/mybatis-plus-extension/3.0.7.1/mybatis-plus-extension-3.0.7.1.pom (0 B at 0 B/s)
[INFO] Artifact com.baomidou:mybatis-plus-core:pom:3.0.7.1 is present in the local repository, but cached from a remote repository ID that is unavailable in current build context, verifying that is downloadable from [central-only (https://repo.maven.apache.org/maven2, default, releases+snapshots)]
[INFO] Artifact com.baomidou:mybatis-plus-core:pom:3.0.7.1 is present in the local repository, but cached from a remote repository ID that is unavailable in current build context, verifying that is downloadable from [central-only (https://repo.maven.apache.org/maven2, default, releases+snapshots)]
[INFO] Downloading from central-only: https://repo.maven.apache.org/maven2/com/baomidou/mybatis-plus-core/3.0.7.1/mybatis-plus-core-3.0.7.1.pom
[INFO] Downloaded from central-only: https://repo.maven.apache.org/maven2/com/baomidou/mybatis-plus-core/3.0.7.1/mybatis-plus-core-3.0.7.1.pom (0 B at 0 B/s)
[INFO] Artifact com.baomidou:mybatis-plus-annotation:pom:3.0.7.1 is present in the local repository, but cached from a remote repository ID that is unavailable in current build context, verifying that is downloadable from [central-only (https://repo.maven.apache.org/maven2, default, releases+snapshots)]
[INFO] Artifact com.baomidou:mybatis-plus-annotation:pom:3.0.7.1 is present in the local repository, but cached from a remote repository ID that is unavailable in current build context, verifying that is downloadable from [central-only (https://repo.maven.apache.org/maven2, default, releases+snapshots)]
[INFO] Downloading from central-only: https://repo.maven.apache.org/maven2/com/baomidou/mybatis-plus-annotation/3.0.7.1/mybatis-plus-annotation-3.0.7.1.pom
[INFO] Downloaded from central-only: https://repo.maven.apache.org/maven2/com/baomidou/mybatis-plus-annotation/3.0.7.1/mybatis-plus-annotation-3.0.7.1.pom (0 B at 0 B/s)
[INFO] Artifact org.mybatis:mybatis:pom:3.4.6 is present in the local repository, but cached from a remote repository ID that is unavailable in current build context, verifying that is downloadable from [central-only (https://repo.maven.apache.org/maven2, default, releases+snapshots)]
[INFO] Artifact org.mybatis:mybatis:pom:3.4.6 is present in the local repository, but cached from a remote repository ID that is unavailable in current build context, verifying that is downloadable from [central-only (https://repo.maven.apache.org/maven2, default, releases+snapshots)]
[INFO] Downloading from central-only: https://repo.maven.apache.org/maven2/org/mybatis/mybatis/3.4.6/mybatis-3.4.6.pom
[INFO] Downloaded from central-only: https://repo.maven.apache.org/maven2/org/mybatis/mybatis/3.4.6/mybatis-3.4.6.pom (0 B at 0 B/s)
[INFO] Artifact org.mybatis:mybatis-parent:pom:29 is present in the local repository, but cached from a remote repository ID that is unavailable in current build context, verifying that is downloadable from [central-only (https://repo.maven.apache.org/maven2, default, releases+snapshots)]
[INFO] Artifact org.mybatis:mybatis-parent:pom:29 is present in the local repository, but cached from a remote repository ID that is unavailable in current build context, verifying that is downloadable from [central-only (https://repo.maven.apache.org/maven2, default, releases+snapshots)]
[INFO] Downloading from central-only: https://repo.maven.apache.org/maven2/org/mybatis/mybatis-parent/29/mybatis-parent-29.pom
[INFO] Downloaded from central-only: https://repo.maven.apache.org/maven2/org/mybatis/mybatis-parent/29/mybatis-parent-29.pom (0 B at 0 B/s)
[INFO] Artifact com.github.jsqlparser:jsqlparser:pom:1.3 is present in the local repository, but cached from a remote repository ID that is unavailable in current build context, verifying that is downloadable from [central-only (https://repo.maven.apache.org/maven2, default, releases+snapshots)]
[INFO] Artifact com.github.jsqlparser:jsqlparser:pom:1.3 is present in the local repository, but cached from a remote repository ID that is unavailable in current build context, verifying that is downloadable from [central-only (https://repo.maven.apache.org/maven2, default, releases+snapshots)]
[INFO] Downloading from central-only: https://repo.maven.apache.org/maven2/com/github/jsqlparser/jsqlparser/1.3/jsqlparser-1.3.pom
[INFO] Downloaded from central-only: https://repo.maven.apache.org/maven2/com/github/jsqlparser/jsqlparser/1.3/jsqlparser-1.3.pom (0 B at 0 B/s)
[INFO] Artifact org.mybatis:mybatis-spring:pom:1.3.2 is present in the local repository, but cached from a remote repository ID that is unavailable in current build context, verifying that is downloadable from [central-only (https://repo.maven.apache.org/maven2, default, releases+snapshots)]
[INFO] Artifact org.mybatis:mybatis-spring:pom:1.3.2 is present in the local repository, but cached from a remote repository ID that is unavailable in current build context, verifying that is downloadable from [central-only (https://repo.maven.apache.org/maven2, default, releases+snapshots)]
[INFO] Downloading from central-only: https://repo.maven.apache.org/maven2/org/mybatis/mybatis-spring/1.3.2/mybatis-spring-1.3.2.pom
[INFO] Downloaded from central-only: https://repo.maven.apache.org/maven2/org/mybatis/mybatis-spring/1.3.2/mybatis-spring-1.3.2.pom (0 B at 0 B/s)
[INFO] Artifact org.springframework.boot:spring-boot-starter-jdbc:pom:2.0.0.RELEASE is present in the local repository, but cached from a remote repository ID that is unavailable in current build context, verifying that is downloadable from [central-only (https://repo.maven.apache.org/maven2, default, releases+snapshots)]
[INFO] Artifact org.springframework.boot:spring-boot-starter-jdbc:pom:2.0.0.RELEASE is present in the local repository, but cached from a remote repository ID that is unavailable in current build context, verifying that is downloadable from [central-only (https://repo.maven.apache.org/maven2, default, releases+snapshots)]
[INFO] Downloading from central-only: https://repo.maven.apache.org/maven2/org/springframework/boot/spring-boot-starter-jdbc/2.0.0.RELEASE/spring-boot-starter-jdbc-2.0.0.RELEASE.pom
[INFO] Downloaded from central-only: https://repo.maven.apache.org/maven2/org/springframework/boot/spring-boot-starter-jdbc/2.0.0.RELEASE/spring-boot-starter-jdbc-2.0.0.RELEASE.pom (0 B at 0 B/s)
[INFO] Artifact com.zaxxer:HikariCP:pom:2.7.8 is present in the local repository, but cached from a remote repository ID that is unavailable in current build context, verifying that is downloadable from [central-only (https://repo.maven.apache.org/maven2, default, releases+snapshots)]
[INFO] Artifact com.zaxxer:HikariCP:pom:2.7.8 is present in the local repository, but cached from a remote repository ID that is unavailable in current build context, verifying that is downloadable from [central-only (https://repo.maven.apache.org/maven2, default, releases+snapshots)]
[INFO] Downloading from central-only: https://repo.maven.apache.org/maven2/com/zaxxer/HikariCP/2.7.8/HikariCP-2.7.8.pom
[INFO] Downloaded from central-only: https://repo.maven.apache.org/maven2/com/zaxxer/HikariCP/2.7.8/HikariCP-2.7.8.pom (0 B at 0 B/s)
[INFO] Artifact org.springframework:spring-jdbc:pom:5.0.4.RELEASE is present in the local repository, but cached from a remote repository ID that is unavailable in current build context, verifying that is downloadable from [central-only (https://repo.maven.apache.org/maven2, default, releases+snapshots)]
[INFO] Artifact org.springframework:spring-jdbc:pom:5.0.4.RELEASE is present in the local repository, but cached from a remote repository ID that is unavailable in current build context, verifying that is downloadable from [central-only (https://repo.maven.apache.org/maven2, default, releases+snapshots)]
[INFO] Downloading from central-only: https://repo.maven.apache.org/maven2/org/springframework/spring-jdbc/5.0.4.RELEASE/spring-jdbc-5.0.4.RELEASE.pom
[INFO] Downloaded from central-only: https://repo.maven.apache.org/maven2/org/springframework/spring-jdbc/5.0.4.RELEASE/spring-jdbc-5.0.4.RELEASE.pom (0 B at 0 B/s)
[INFO] Artifact org.springframework:spring-tx:pom:5.0.4.RELEASE is present in the local repository, but cached from a remote repository ID that is unavailable in current build context, verifying that is downloadable from [central-only (https://repo.maven.apache.org/maven2, default, releases+snapshots)]
[INFO] Artifact org.springframework:spring-tx:pom:5.0.4.RELEASE is present in the local repository, but cached from a remote repository ID that is unavailable in current build context, verifying that is downloadable from [central-only (https://repo.maven.apache.org/maven2, default, releases+snapshots)]
[INFO] Downloading from central-only: https://repo.maven.apache.org/maven2/org/springframework/spring-tx/5.0.4.RELEASE/spring-tx-5.0.4.RELEASE.pom
[INFO] Downloaded from central-only: https://repo.maven.apache.org/maven2/org/springframework/spring-tx/5.0.4.RELEASE/spring-tx-5.0.4.RELEASE.pom (0 B at 0 B/s)
[INFO] Artifact org.springframework.boot:spring-boot-starter-redis:pom:1.4.1.RELEASE is present in the local repository, but cached from a remote repository ID that is unavailable in current build context, verifying that is downloadable from [central-only (https://repo.maven.apache.org/maven2, default, releases+snapshots)]
[INFO] Artifact org.springframework.boot:spring-boot-starter-redis:pom:1.4.1.RELEASE is present in the local repository, but cached from a remote repository ID that is unavailable in current build context, verifying that is downloadable from [central-only (https://repo.maven.apache.org/maven2, default, releases+snapshots)]
[INFO] Downloading from central-only: https://repo.maven.apache.org/maven2/org/springframework/boot/spring-boot-starter-redis/1.4.1.RELEASE/spring-boot-starter-redis-1.4.1.RELEASE.pom
[INFO] Downloaded from central-only: https://repo.maven.apache.org/maven2/org/springframework/boot/spring-boot-starter-redis/1.4.1.RELEASE/spring-boot-starter-redis-1.4.1.RELEASE.pom (0 B at 0 B/s)
[INFO] Artifact org.springframework.boot:spring-boot-starters:pom:1.4.1.RELEASE is present in the local repository, but cached from a remote repository ID that is unavailable in current build context, verifying that is downloadable from [central-only (https://repo.maven.apache.org/maven2, default, releases+snapshots)]
[INFO] Artifact org.springframework.boot:spring-boot-starters:pom:1.4.1.RELEASE is present in the local repository, but cached from a remote repository ID that is unavailable in current build context, verifying that is downloadable from [central-only (https://repo.maven.apache.org/maven2, default, releases+snapshots)]
[INFO] Downloading from central-only: https://repo.maven.apache.org/maven2/org/springframework/boot/spring-boot-starters/1.4.1.RELEASE/spring-boot-starters-1.4.1.RELEASE.pom
[INFO] Downloaded from central-only: https://repo.maven.apache.org/maven2/org/springframework/boot/spring-boot-starters/1.4.1.RELEASE/spring-boot-starters-1.4.1.RELEASE.pom (0 B at 0 B/s)
[INFO] Artifact org.springframework.boot:spring-boot-parent:pom:1.4.1.RELEASE is present in the local repository, but cached from a remote repository ID that is unavailable in current build context, verifying that is downloadable from [central-only (https://repo.maven.apache.org/maven2, default, releases+snapshots)]
[INFO] Artifact org.springframework.boot:spring-boot-parent:pom:1.4.1.RELEASE is present in the local repository, but cached from a remote repository ID that is unavailable in current build context, verifying that is downloadable from [central-only (https://repo.maven.apache.org/maven2, default, releases+snapshots)]
[INFO] Downloading from central-only: https://repo.maven.apache.org/maven2/org/springframework/boot/spring-boot-parent/1.4.1.RELEASE/spring-boot-parent-1.4.1.RELEASE.pom
[INFO] Downloaded from central-only: https://repo.maven.apache.org/maven2/org/springframework/boot/spring-boot-parent/1.4.1.RELEASE/spring-boot-parent-1.4.1.RELEASE.pom (0 B at 0 B/s)
[INFO] Artifact org.springframework.boot:spring-boot-dependencies:pom:1.4.1.RELEASE is present in the local repository, but cached from a remote repository ID that is unavailable in current build context, verifying that is downloadable from [central-only (https://repo.maven.apache.org/maven2, default, releases+snapshots)]
[INFO] Artifact org.springframework.boot:spring-boot-dependencies:pom:1.4.1.RELEASE is present in the local repository, but cached from a remote repository ID that is unavailable in current build context, verifying that is downloadable from [central-only (https://repo.maven.apache.org/maven2, default, releases+snapshots)]
[INFO] Downloading from central-only: https://repo.maven.apache.org/maven2/org/springframework/boot/spring-boot-dependencies/1.4.1.RELEASE/spring-boot-dependencies-1.4.1.RELEASE.pom
[INFO] Downloaded from central-only: https://repo.maven.apache.org/maven2/org/springframework/boot/spring-boot-dependencies/1.4.1.RELEASE/spring-boot-dependencies-1.4.1.RELEASE.pom (0 B at 0 B/s)
[INFO] Artifact org.springframework:spring-framework-bom:pom:4.3.3.RELEASE is present in the local repository, but cached from a remote repository ID that is unavailable in current build context, verifying that is downloadable from [central-only (https://repo.maven.apache.org/maven2, default, releases+snapshots)]
[INFO] Artifact org.springframework:spring-framework-bom:pom:4.3.3.RELEASE is present in the local repository, but cached from a remote repository ID that is unavailable in current build context, verifying that is downloadable from [central-only (https://repo.maven.apache.org/maven2, default, releases+snapshots)]
[INFO] Downloading from central-only: https://repo.maven.apache.org/maven2/org/springframework/spring-framework-bom/4.3.3.RELEASE/spring-framework-bom-4.3.3.RELEASE.pom
[INFO] Downloaded from central-only: https://repo.maven.apache.org/maven2/org/springframework/spring-framework-bom/4.3.3.RELEASE/spring-framework-bom-4.3.3.RELEASE.pom (0 B at 0 B/s)
[INFO] Artifact org.springframework.data:spring-data-releasetrain:pom:Hopper-SR3 is present in the local repository, but cached from a remote repository ID that is unavailable in current build context, verifying that is downloadable from [central-only (https://repo.maven.apache.org/maven2, default, releases+snapshots)]
[INFO] Artifact org.springframework.data:spring-data-releasetrain:pom:Hopper-SR3 is present in the local repository, but cached from a remote repository ID that is unavailable in current build context, verifying that is downloadable from [central-only (https://repo.maven.apache.org/maven2, default, releases+snapshots)]
[INFO] Downloading from central-only: https://repo.maven.apache.org/maven2/org/springframework/data/spring-data-releasetrain/Hopper-SR3/spring-data-releasetrain-Hopper-SR3.pom
[INFO] Downloaded from central-only: https://repo.maven.apache.org/maven2/org/springframework/data/spring-data-releasetrain/Hopper-SR3/spring-data-releasetrain-Hopper-SR3.pom (0 B at 0 B/s)
[INFO] Artifact org.springframework.data.build:spring-data-build:pom:1.8.3.RELEASE is present in the local repository, but cached from a remote repository ID that is unavailable in current build context, verifying that is downloadable from [central-only (https://repo.maven.apache.org/maven2, default, releases+snapshots)]
[INFO] Artifact org.springframework.data.build:spring-data-build:pom:1.8.3.RELEASE is present in the local repository, but cached from a remote repository ID that is unavailable in current build context, verifying that is downloadable from [central-only (https://repo.maven.apache.org/maven2, default, releases+snapshots)]
[INFO] Downloading from central-only: https://repo.maven.apache.org/maven2/org/springframework/data/build/spring-data-build/1.8.3.RELEASE/spring-data-build-1.8.3.RELEASE.pom
[INFO] Downloaded from central-only: https://repo.maven.apache.org/maven2/org/springframework/data/build/spring-data-build/1.8.3.RELEASE/spring-data-build-1.8.3.RELEASE.pom (0 B at 0 B/s)
[INFO] Artifact org.springframework.integration:spring-integration-bom:pom:4.3.2.RELEASE is present in the local repository, but cached from a remote repository ID that is unavailable in current build context, verifying that is downloadable from [central-only (https://repo.maven.apache.org/maven2, default, releases+snapshots)]
[INFO] Artifact org.springframework.integration:spring-integration-bom:pom:4.3.2.RELEASE is present in the local repository, but cached from a remote repository ID that is unavailable in current build context, verifying that is downloadable from [central-only (https://repo.maven.apache.org/maven2, default, releases+snapshots)]
[INFO] Downloading from central-only: https://repo.maven.apache.org/maven2/org/springframework/integration/spring-integration-bom/4.3.2.RELEASE/spring-integration-bom-4.3.2.RELEASE.pom
[INFO] Downloaded from central-only: https://repo.maven.apache.org/maven2/org/springframework/integration/spring-integration-bom/4.3.2.RELEASE/spring-integration-bom-4.3.2.RELEASE.pom (0 B at 0 B/s)
[INFO] Artifact org.springframework.security:spring-security-bom:pom:4.1.3.RELEASE is present in the local repository, but cached from a remote repository ID that is unavailable in current build context, verifying that is downloadable from [central-only (https://repo.maven.apache.org/maven2, default, releases+snapshots)]
[INFO] Artifact org.springframework.security:spring-security-bom:pom:4.1.3.RELEASE is present in the local repository, but cached from a remote repository ID that is unavailable in current build context, verifying that is downloadable from [central-only (https://repo.maven.apache.org/maven2, default, releases+snapshots)]
[INFO] Downloading from central-only: https://repo.maven.apache.org/maven2/org/springframework/security/spring-security-bom/4.1.3.RELEASE/spring-security-bom-4.1.3.RELEASE.pom
[INFO] Downloaded from central-only: https://repo.maven.apache.org/maven2/org/springframework/security/spring-security-bom/4.1.3.RELEASE/spring-security-bom-4.1.3.RELEASE.pom (0 B at 0 B/s)
[INFO] Artifact org.springframework.data:spring-data-redis:pom:2.0.5.RELEASE is present in the local repository, but cached from a remote repository ID that is unavailable in current build context, verifying that is downloadable from [central-only (https://repo.maven.apache.org/maven2, default, releases+snapshots)]
[INFO] Artifact org.springframework.data:spring-data-redis:pom:2.0.5.RELEASE is present in the local repository, but cached from a remote repository ID that is unavailable in current build context, verifying that is downloadable from [central-only (https://repo.maven.apache.org/maven2, default, releases+snapshots)]
[INFO] Downloading from central-only: https://repo.maven.apache.org/maven2/org/springframework/data/spring-data-redis/2.0.5.RELEASE/spring-data-redis-2.0.5.RELEASE.pom
[INFO] Downloaded from central-only: https://repo.maven.apache.org/maven2/org/springframework/data/spring-data-redis/2.0.5.RELEASE/spring-data-redis-2.0.5.RELEASE.pom (0 B at 0 B/s)
[INFO] Artifact org.springframework.data.build:spring-data-parent:pom:2.0.5.RELEASE is present in the local repository, but cached from a remote repository ID that is unavailable in current build context, verifying that is downloadable from [central-only (https://repo.maven.apache.org/maven2, default, releases+snapshots)]
[INFO] Artifact org.springframework.data.build:spring-data-parent:pom:2.0.5.RELEASE is present in the local repository, but cached from a remote repository ID that is unavailable in current build context, verifying that is downloadable from [central-only (https://repo.maven.apache.org/maven2, default, releases+snapshots)]
[INFO] Downloading from central-only: https://repo.maven.apache.org/maven2/org/springframework/data/build/spring-data-parent/2.0.5.RELEASE/spring-data-parent-2.0.5.RELEASE.pom
[INFO] Downloaded from central-only: https://repo.maven.apache.org/maven2/org/springframework/data/build/spring-data-parent/2.0.5.RELEASE/spring-data-parent-2.0.5.RELEASE.pom (0 B at 0 B/s)
[INFO] Artifact org.springframework.data:spring-data-keyvalue:pom:2.0.5.RELEASE is present in the local repository, but cached from a remote repository ID that is unavailable in current build context, verifying that is downloadable from [central-only (https://repo.maven.apache.org/maven2, default, releases+snapshots)]
[INFO] Artifact org.springframework.data:spring-data-keyvalue:pom:2.0.5.RELEASE is present in the local repository, but cached from a remote repository ID that is unavailable in current build context, verifying that is downloadable from [central-only (https://repo.maven.apache.org/maven2, default, releases+snapshots)]
[INFO] Downloading from central-only: https://repo.maven.apache.org/maven2/org/springframework/data/spring-data-keyvalue/2.0.5.RELEASE/spring-data-keyvalue-2.0.5.RELEASE.pom
[INFO] Downloaded from central-only: https://repo.maven.apache.org/maven2/org/springframework/data/spring-data-keyvalue/2.0.5.RELEASE/spring-data-keyvalue-2.0.5.RELEASE.pom (0 B at 0 B/s)
[INFO] Artifact org.springframework.data:spring-data-commons:pom:2.0.5.RELEASE is present in the local repository, but cached from a remote repository ID that is unavailable in current build context, verifying that is downloadable from [central-only (https://repo.maven.apache.org/maven2, default, releases+snapshots)]
[INFO] Artifact org.springframework.data:spring-data-commons:pom:2.0.5.RELEASE is present in the local repository, but cached from a remote repository ID that is unavailable in current build context, verifying that is downloadable from [central-only (https://repo.maven.apache.org/maven2, default, releases+snapshots)]
[INFO] Downloading from central-only: https://repo.maven.apache.org/maven2/org/springframework/data/spring-data-commons/2.0.5.RELEASE/spring-data-commons-2.0.5.RELEASE.pom
[INFO] Downloaded from central-only: https://repo.maven.apache.org/maven2/org/springframework/data/spring-data-commons/2.0.5.RELEASE/spring-data-commons-2.0.5.RELEASE.pom (0 B at 0 B/s)
[INFO] Artifact org.springframework:spring-oxm:pom:5.0.4.RELEASE is present in the local repository, but cached from a remote repository ID that is unavailable in current build context, verifying that is downloadable from [central-only (https://repo.maven.apache.org/maven2, default, releases+snapshots)]
[INFO] Artifact org.springframework:spring-oxm:pom:5.0.4.RELEASE is present in the local repository, but cached from a remote repository ID that is unavailable in current build context, verifying that is downloadable from [central-only (https://repo.maven.apache.org/maven2, default, releases+snapshots)]
[INFO] Downloading from central-only: https://repo.maven.apache.org/maven2/org/springframework/spring-oxm/5.0.4.RELEASE/spring-oxm-5.0.4.RELEASE.pom
[INFO] Downloaded from central-only: https://repo.maven.apache.org/maven2/org/springframework/spring-oxm/5.0.4.RELEASE/spring-oxm-5.0.4.RELEASE.pom (0 B at 0 B/s)
[INFO] Artifact org.springframework:spring-context-support:pom:5.0.4.RELEASE is present in the local repository, but cached from a remote repository ID that is unavailable in current build context, verifying that is downloadable from [central-only (https://repo.maven.apache.org/maven2, default, releases+snapshots)]
[INFO] Artifact org.springframework:spring-context-support:pom:5.0.4.RELEASE is present in the local repository, but cached from a remote repository ID that is unavailable in current build context, verifying that is downloadable from [central-only (https://repo.maven.apache.org/maven2, default, releases+snapshots)]
[INFO] Downloading from central-only: https://repo.maven.apache.org/maven2/org/springframework/spring-context-support/5.0.4.RELEASE/spring-context-support-5.0.4.RELEASE.pom
[INFO] Downloaded from central-only: https://repo.maven.apache.org/maven2/org/springframework/spring-context-support/5.0.4.RELEASE/spring-context-support-5.0.4.RELEASE.pom (0 B at 0 B/s)
[INFO] Artifact redis.clients:jedis:pom:2.9.0 is present in the local repository, but cached from a remote repository ID that is unavailable in current build context, verifying that is downloadable from [central-only (https://repo.maven.apache.org/maven2, default, releases+snapshots)]
[INFO] Artifact redis.clients:jedis:pom:2.9.0 is present in the local repository, but cached from a remote repository ID that is unavailable in current build context, verifying that is downloadable from [central-only (https://repo.maven.apache.org/maven2, default, releases+snapshots)]
[INFO] Downloading from central-only: https://repo.maven.apache.org/maven2/redis/clients/jedis/2.9.0/jedis-2.9.0.pom
[INFO] Downloaded from central-only: https://repo.maven.apache.org/maven2/redis/clients/jedis/2.9.0/jedis-2.9.0.pom (0 B at 0 B/s)
[INFO] Artifact org.apache.commons:commons-pool2:pom:2.5.0 is present in the local repository, but cached from a remote repository ID that is unavailable in current build context, verifying that is downloadable from [central-only (https://repo.maven.apache.org/maven2, default, releases+snapshots)]
[INFO] Artifact org.apache.commons:commons-pool2:pom:2.5.0 is present in the local repository, but cached from a remote repository ID that is unavailable in current build context, verifying that is downloadable from [central-only (https://repo.maven.apache.org/maven2, default, releases+snapshots)]
[INFO] Downloading from central-only: https://repo.maven.apache.org/maven2/org/apache/commons/commons-pool2/2.5.0/commons-pool2-2.5.0.pom
[INFO] Downloaded from central-only: https://repo.maven.apache.org/maven2/org/apache/commons/commons-pool2/2.5.0/commons-pool2-2.5.0.pom (0 B at 0 B/s)
[INFO] Artifact io.springfox:springfox-swagger2:pom:2.7.0 is present in the local repository, but cached from a remote repository ID that is unavailable in current build context, verifying that is downloadable from [central-only (https://repo.maven.apache.org/maven2, default, releases+snapshots)]
[INFO] Artifact io.springfox:springfox-swagger2:pom:2.7.0 is present in the local repository, but cached from a remote repository ID that is unavailable in current build context, verifying that is downloadable from [central-only (https://repo.maven.apache.org/maven2, default, releases+snapshots)]
[INFO] Downloading from central-only: https://repo.maven.apache.org/maven2/io/springfox/springfox-swagger2/2.7.0/springfox-swagger2-2.7.0.pom
[INFO] Downloaded from central-only: https://repo.maven.apache.org/maven2/io/springfox/springfox-swagger2/2.7.0/springfox-swagger2-2.7.0.pom (0 B at 0 B/s)
[INFO] Artifact io.swagger:swagger-annotations:pom:1.5.13 is present in the local repository, but cached from a remote repository ID that is unavailable in current build context, verifying that is downloadable from [central-only (https://repo.maven.apache.org/maven2, default, releases+snapshots)]
[INFO] Artifact io.swagger:swagger-annotations:pom:1.5.13 is present in the local repository, but cached from a remote repository ID that is unavailable in current build context, verifying that is downloadable from [central-only (https://repo.maven.apache.org/maven2, default, releases+snapshots)]
[INFO] Downloading from central-only: https://repo.maven.apache.org/maven2/io/swagger/swagger-annotations/1.5.13/swagger-annotations-1.5.13.pom
[INFO] Downloaded from central-only: https://repo.maven.apache.org/maven2/io/swagger/swagger-annotations/1.5.13/swagger-annotations-1.5.13.pom (0 B at 0 B/s)
[INFO] Artifact io.swagger:swagger-project:pom:1.5.13 is present in the local repository, but cached from a remote repository ID that is unavailable in current build context, verifying that is downloadable from [central-only (https://repo.maven.apache.org/maven2, default, releases+snapshots)]
[INFO] Artifact io.swagger:swagger-project:pom:1.5.13 is present in the local repository, but cached from a remote repository ID that is unavailable in current build context, verifying that is downloadable from [central-only (https://repo.maven.apache.org/maven2, default, releases+snapshots)]
[INFO] Downloading from central-only: https://repo.maven.apache.org/maven2/io/swagger/swagger-project/1.5.13/swagger-project-1.5.13.pom
[INFO] Downloaded from central-only: https://repo.maven.apache.org/maven2/io/swagger/swagger-project/1.5.13/swagger-project-1.5.13.pom (0 B at 0 B/s)
[INFO] Artifact org.sonatype.oss:oss-parent:pom:5 is present in the local repository, but cached from a remote repository ID that is unavailable in current build context, verifying that is downloadable from [central-only (https://repo.maven.apache.org/maven2, default, releases+snapshots)]
[INFO] Artifact org.sonatype.oss:oss-parent:pom:5 is present in the local repository, but cached from a remote repository ID that is unavailable in current build context, verifying that is downloadable from [central-only (https://repo.maven.apache.org/maven2, default, releases+snapshots)]
[INFO] Downloading from central-only: https://repo.maven.apache.org/maven2/org/sonatype/oss/oss-parent/5/oss-parent-5.pom
[INFO] Downloaded from central-only: https://repo.maven.apache.org/maven2/org/sonatype/oss/oss-parent/5/oss-parent-5.pom (0 B at 0 B/s)
[INFO] Artifact io.swagger:swagger-models:pom:1.5.13 is present in the local repository, but cached from a remote repository ID that is unavailable in current build context, verifying that is downloadable from [central-only (https://repo.maven.apache.org/maven2, default, releases+snapshots)]
[INFO] Artifact io.swagger:swagger-models:pom:1.5.13 is present in the local repository, but cached from a remote repository ID that is unavailable in current build context, verifying that is downloadable from [central-only (https://repo.maven.apache.org/maven2, default, releases+snapshots)]
[INFO] Downloading from central-only: https://repo.maven.apache.org/maven2/io/swagger/swagger-models/1.5.13/swagger-models-1.5.13.pom
[INFO] Downloaded from central-only: https://repo.maven.apache.org/maven2/io/swagger/swagger-models/1.5.13/swagger-models-1.5.13.pom (0 B at 0 B/s)
[INFO] Artifact io.springfox:springfox-spi:pom:2.7.0 is present in the local repository, but cached from a remote repository ID that is unavailable in current build context, verifying that is downloadable from [central-only (https://repo.maven.apache.org/maven2, default, releases+snapshots)]
[INFO] Artifact io.springfox:springfox-spi:pom:2.7.0 is present in the local repository, but cached from a remote repository ID that is unavailable in current build context, verifying that is downloadable from [central-only (https://repo.maven.apache.org/maven2, default, releases+snapshots)]
[INFO] Downloading from central-only: https://repo.maven.apache.org/maven2/io/springfox/springfox-spi/2.7.0/springfox-spi-2.7.0.pom
[INFO] Downloaded from central-only: https://repo.maven.apache.org/maven2/io/springfox/springfox-spi/2.7.0/springfox-spi-2.7.0.pom (0 B at 0 B/s)
[INFO] Artifact io.springfox:springfox-core:pom:2.7.0 is present in the local repository, but cached from a remote repository ID that is unavailable in current build context, verifying that is downloadable from [central-only (https://repo.maven.apache.org/maven2, default, releases+snapshots)]
[INFO] Artifact io.springfox:springfox-core:pom:2.7.0 is present in the local repository, but cached from a remote repository ID that is unavailable in current build context, verifying that is downloadable from [central-only (https://repo.maven.apache.org/maven2, default, releases+snapshots)]
[INFO] Downloading from central-only: https://repo.maven.apache.org/maven2/io/springfox/springfox-core/2.7.0/springfox-core-2.7.0.pom
[INFO] Downloaded from central-only: https://repo.maven.apache.org/maven2/io/springfox/springfox-core/2.7.0/springfox-core-2.7.0.pom (0 B at 0 B/s)
[INFO] Artifact com.google.guava:guava:pom:18.0 is present in the local repository, but cached from a remote repository ID that is unavailable in current build context, verifying that is downloadable from [central-only (https://repo.maven.apache.org/maven2, default, releases+snapshots)]
[INFO] Artifact com.google.guava:guava:pom:18.0 is present in the local repository, but cached from a remote repository ID that is unavailable in current build context, verifying that is downloadable from [central-only (https://repo.maven.apache.org/maven2, default, releases+snapshots)]
[INFO] Downloading from central-only: https://repo.maven.apache.org/maven2/com/google/guava/guava/18.0/guava-18.0.pom
[INFO] Downloaded from central-only: https://repo.maven.apache.org/maven2/com/google/guava/guava/18.0/guava-18.0.pom (0 B at 0 B/s)
[INFO] Artifact com.google.guava:guava-parent:pom:18.0 is present in the local repository, but cached from a remote repository ID that is unavailable in current build context, verifying that is downloadable from [central-only (https://repo.maven.apache.org/maven2, default, releases+snapshots)]
[INFO] Artifact com.google.guava:guava-parent:pom:18.0 is present in the local repository, but cached from a remote repository ID that is unavailable in current build context, verifying that is downloadable from [central-only (https://repo.maven.apache.org/maven2, default, releases+snapshots)]
[INFO] Downloading from central-only: https://repo.maven.apache.org/maven2/com/google/guava/guava-parent/18.0/guava-parent-18.0.pom
[INFO] Downloaded from central-only: https://repo.maven.apache.org/maven2/com/google/guava/guava-parent/18.0/guava-parent-18.0.pom (0 B at 0 B/s)
[INFO] Artifact org.springframework.plugin:spring-plugin-core:pom:1.2.0.RELEASE is present in the local repository, but cached from a remote repository ID that is unavailable in current build context, verifying that is downloadable from [central-only (https://repo.maven.apache.org/maven2, default, releases+snapshots)]
[INFO] Artifact org.springframework.plugin:spring-plugin-core:pom:1.2.0.RELEASE is present in the local repository, but cached from a remote repository ID that is unavailable in current build context, verifying that is downloadable from [central-only (https://repo.maven.apache.org/maven2, default, releases+snapshots)]
[INFO] Downloading from central-only: https://repo.maven.apache.org/maven2/org/springframework/plugin/spring-plugin-core/1.2.0.RELEASE/spring-plugin-core-1.2.0.RELEASE.pom
[INFO] Downloaded from central-only: https://repo.maven.apache.org/maven2/org/springframework/plugin/spring-plugin-core/1.2.0.RELEASE/spring-plugin-core-1.2.0.RELEASE.pom (0 B at 0 B/s)
[INFO] Artifact org.springframework.plugin:spring-plugin:pom:1.2.0.RELEASE is present in the local repository, but cached from a remote repository ID that is unavailable in current build context, verifying that is downloadable from [central-only (https://repo.maven.apache.org/maven2, default, releases+snapshots)]
[INFO] Artifact org.springframework.plugin:spring-plugin:pom:1.2.0.RELEASE is present in the local repository, but cached from a remote repository ID that is unavailable in current build context, verifying that is downloadable from [central-only (https://repo.maven.apache.org/maven2, default, releases+snapshots)]
[INFO] Downloading from central-only: https://repo.maven.apache.org/maven2/org/springframework/plugin/spring-plugin/1.2.0.RELEASE/spring-plugin-1.2.0.RELEASE.pom
[INFO] Downloaded from central-only: https://repo.maven.apache.org/maven2/org/springframework/plugin/spring-plugin/1.2.0.RELEASE/spring-plugin-1.2.0.RELEASE.pom (0 B at 0 B/s)
[INFO] Artifact org.springframework.plugin:spring-plugin-metadata:pom:1.2.0.RELEASE is present in the local repository, but cached from a remote repository ID that is unavailable in current build context, verifying that is downloadable from [central-only (https://repo.maven.apache.org/maven2, default, releases+snapshots)]
[INFO] Artifact org.springframework.plugin:spring-plugin-metadata:pom:1.2.0.RELEASE is present in the local repository, but cached from a remote repository ID that is unavailable in current build context, verifying that is downloadable from [central-only (https://repo.maven.apache.org/maven2, default, releases+snapshots)]
[INFO] Downloading from central-only: https://repo.maven.apache.org/maven2/org/springframework/plugin/spring-plugin-metadata/1.2.0.RELEASE/spring-plugin-metadata-1.2.0.RELEASE.pom
[INFO] Downloaded from central-only: https://repo.maven.apache.org/maven2/org/springframework/plugin/spring-plugin-metadata/1.2.0.RELEASE/spring-plugin-metadata-1.2.0.RELEASE.pom (0 B at 0 B/s)
[INFO] Artifact io.springfox:springfox-schema:pom:2.7.0 is present in the local repository, but cached from a remote repository ID that is unavailable in current build context, verifying that is downloadable from [central-only (https://repo.maven.apache.org/maven2, default, releases+snapshots)]
[INFO] Artifact io.springfox:springfox-schema:pom:2.7.0 is present in the local repository, but cached from a remote repository ID that is unavailable in current build context, verifying that is downloadable from [central-only (https://repo.maven.apache.org/maven2, default, releases+snapshots)]
[INFO] Downloading from central-only: https://repo.maven.apache.org/maven2/io/springfox/springfox-schema/2.7.0/springfox-schema-2.7.0.pom
[INFO] Downloaded from central-only: https://repo.maven.apache.org/maven2/io/springfox/springfox-schema/2.7.0/springfox-schema-2.7.0.pom (0 B at 0 B/s)
[INFO] Artifact io.springfox:springfox-swagger-common:pom:2.7.0 is present in the local repository, but cached from a remote repository ID that is unavailable in current build context, verifying that is downloadable from [central-only (https://repo.maven.apache.org/maven2, default, releases+snapshots)]
[INFO] Artifact io.springfox:springfox-swagger-common:pom:2.7.0 is present in the local repository, but cached from a remote repository ID that is unavailable in current build context, verifying that is downloadable from [central-only (https://repo.maven.apache.org/maven2, default, releases+snapshots)]
[INFO] Downloading from central-only: https://repo.maven.apache.org/maven2/io/springfox/springfox-swagger-common/2.7.0/springfox-swagger-common-2.7.0.pom
[INFO] Downloaded from central-only: https://repo.maven.apache.org/maven2/io/springfox/springfox-swagger-common/2.7.0/springfox-swagger-common-2.7.0.pom (0 B at 0 B/s)
[INFO] Artifact io.springfox:springfox-spring-web:pom:2.7.0 is present in the local repository, but cached from a remote repository ID that is unavailable in current build context, verifying that is downloadable from [central-only (https://repo.maven.apache.org/maven2, default, releases+snapshots)]
[INFO] Artifact io.springfox:springfox-spring-web:pom:2.7.0 is present in the local repository, but cached from a remote repository ID that is unavailable in current build context, verifying that is downloadable from [central-only (https://repo.maven.apache.org/maven2, default, releases+snapshots)]
[INFO] Downloading from central-only: https://repo.maven.apache.org/maven2/io/springfox/springfox-spring-web/2.7.0/springfox-spring-web-2.7.0.pom
[INFO] Downloaded from central-only: https://repo.maven.apache.org/maven2/io/springfox/springfox-spring-web/2.7.0/springfox-spring-web-2.7.0.pom (0 B at 0 B/s)
[INFO] Artifact org.reflections:reflections:pom:0.9.11 is present in the local repository, but cached from a remote repository ID that is unavailable in current build context, verifying that is downloadable from [central-only (https://repo.maven.apache.org/maven2, default, releases+snapshots)]
[INFO] Artifact org.reflections:reflections:pom:0.9.11 is present in the local repository, but cached from a remote repository ID that is unavailable in current build context, verifying that is downloadable from [central-only (https://repo.maven.apache.org/maven2, default, releases+snapshots)]
[INFO] Downloading from central-only: https://repo.maven.apache.org/maven2/org/reflections/reflections/0.9.11/reflections-0.9.11.pom
[INFO] Downloaded from central-only: https://repo.maven.apache.org/maven2/org/reflections/reflections/0.9.11/reflections-0.9.11.pom (0 B at 0 B/s)
[INFO] Artifact com.google.guava:guava:pom:20.0 is present in the local repository, but cached from a remote repository ID that is unavailable in current build context, verifying that is downloadable from [central-only (https://repo.maven.apache.org/maven2, default, releases+snapshots)]
[INFO] Artifact com.google.guava:guava:pom:20.0 is present in the local repository, but cached from a remote repository ID that is unavailable in current build context, verifying that is downloadable from [central-only (https://repo.maven.apache.org/maven2, default, releases+snapshots)]
[INFO] Downloading from central-only: https://repo.maven.apache.org/maven2/com/google/guava/guava/20.0/guava-20.0.pom
[INFO] Downloaded from central-only: https://repo.maven.apache.org/maven2/com/google/guava/guava/20.0/guava-20.0.pom (0 B at 0 B/s)
[INFO] Artifact com.google.guava:guava-parent:pom:20.0 is present in the local repository, but cached from a remote repository ID that is unavailable in current build context, verifying that is downloadable from [central-only (https://repo.maven.apache.org/maven2, default, releases+snapshots)]
[INFO] Artifact com.google.guava:guava-parent:pom:20.0 is present in the local repository, but cached from a remote repository ID that is unavailable in current build context, verifying that is downloadable from [central-only (https://repo.maven.apache.org/maven2, default, releases+snapshots)]
[INFO] Downloading from central-only: https://repo.maven.apache.org/maven2/com/google/guava/guava-parent/20.0/guava-parent-20.0.pom
[INFO] Downloaded from central-only: https://repo.maven.apache.org/maven2/com/google/guava/guava-parent/20.0/guava-parent-20.0.pom (0 B at 0 B/s)
[INFO] Artifact org.javassist:javassist:pom:3.21.0-GA is present in the local repository, but cached from a remote repository ID that is unavailable in current build context, verifying that is downloadable from [central-only (https://repo.maven.apache.org/maven2, default, releases+snapshots)]
[INFO] Artifact org.javassist:javassist:pom:3.21.0-GA is present in the local repository, but cached from a remote repository ID that is unavailable in current build context, verifying that is downloadable from [central-only (https://repo.maven.apache.org/maven2, default, releases+snapshots)]
[INFO] Downloading from central-only: https://repo.maven.apache.org/maven2/org/javassist/javassist/3.21.0-GA/javassist-3.21.0-GA.pom
[INFO] Downloaded from central-only: https://repo.maven.apache.org/maven2/org/javassist/javassist/3.21.0-GA/javassist-3.21.0-GA.pom (0 B at 0 B/s)
[INFO] Artifact org.mapstruct:mapstruct:pom:1.1.0.Final is present in the local repository, but cached from a remote repository ID that is unavailable in current build context, verifying that is downloadable from [central-only (https://repo.maven.apache.org/maven2, default, releases+snapshots)]
[INFO] Artifact org.mapstruct:mapstruct:pom:1.1.0.Final is present in the local repository, but cached from a remote repository ID that is unavailable in current build context, verifying that is downloadable from [central-only (https://repo.maven.apache.org/maven2, default, releases+snapshots)]
[INFO] Downloading from central-only: https://repo.maven.apache.org/maven2/org/mapstruct/mapstruct/1.1.0.Final/mapstruct-1.1.0.Final.pom
[INFO] Downloaded from central-only: https://repo.maven.apache.org/maven2/org/mapstruct/mapstruct/1.1.0.Final/mapstruct-1.1.0.Final.pom (0 B at 0 B/s)
[INFO] Artifact org.mapstruct:mapstruct-parent:pom:1.1.0.Final is present in the local repository, but cached from a remote repository ID that is unavailable in current build context, verifying that is downloadable from [central-only (https://repo.maven.apache.org/maven2, default, releases+snapshots)]
[INFO] Artifact org.mapstruct:mapstruct-parent:pom:1.1.0.Final is present in the local repository, but cached from a remote repository ID that is unavailable in current build context, verifying that is downloadable from [central-only (https://repo.maven.apache.org/maven2, default, releases+snapshots)]
[INFO] Downloading from central-only: https://repo.maven.apache.org/maven2/org/mapstruct/mapstruct-parent/1.1.0.Final/mapstruct-parent-1.1.0.Final.pom
[INFO] Downloaded from central-only: https://repo.maven.apache.org/maven2/org/mapstruct/mapstruct-parent/1.1.0.Final/mapstruct-parent-1.1.0.Final.pom (0 B at 0 B/s)
[INFO] Artifact org.jboss.arquillian:arquillian-bom:pom:1.0.2.Final is present in the local repository, but cached from a remote repository ID that is unavailable in current build context, verifying that is downloadable from [central-only (https://repo.maven.apache.org/maven2, default, releases+snapshots)]
[INFO] Artifact org.jboss.arquillian:arquillian-bom:pom:1.0.2.Final is present in the local repository, but cached from a remote repository ID that is unavailable in current build context, verifying that is downloadable from [central-only (https://repo.maven.apache.org/maven2, default, releases+snapshots)]
[INFO] Downloading from central-only: https://repo.maven.apache.org/maven2/org/jboss/arquillian/arquillian-bom/1.0.2.Final/arquillian-bom-1.0.2.Final.pom
[INFO] Downloaded from central-only: https://repo.maven.apache.org/maven2/org/jboss/arquillian/arquillian-bom/1.0.2.Final/arquillian-bom-1.0.2.Final.pom (0 B at 0 B/s)
[INFO] Artifact org.jboss.shrinkwrap:shrinkwrap-bom:pom:1.0.1 is present in the local repository, but cached from a remote repository ID that is unavailable in current build context, verifying that is downloadable from [central-only (https://repo.maven.apache.org/maven2, default, releases+snapshots)]
[INFO] Artifact org.jboss.shrinkwrap:shrinkwrap-bom:pom:1.0.1 is present in the local repository, but cached from a remote repository ID that is unavailable in current build context, verifying that is downloadable from [central-only (https://repo.maven.apache.org/maven2, default, releases+snapshots)]
[INFO] Downloading from central-only: https://repo.maven.apache.org/maven2/org/jboss/shrinkwrap/shrinkwrap-bom/1.0.1/shrinkwrap-bom-1.0.1.pom
[INFO] Downloaded from central-only: https://repo.maven.apache.org/maven2/org/jboss/shrinkwrap/shrinkwrap-bom/1.0.1/shrinkwrap-bom-1.0.1.pom (0 B at 0 B/s)
[INFO] Artifact org.jboss.shrinkwrap.resolver:shrinkwrap-resolver-bom:pom:1.0.0-beta-7 is present in the local repository, but cached from a remote repository ID that is unavailable in current build context, verifying that is downloadable from [central-only (https://repo.maven.apache.org/maven2, default, releases+snapshots)]
[INFO] Artifact org.jboss.shrinkwrap.resolver:shrinkwrap-resolver-bom:pom:1.0.0-beta-7 is present in the local repository, but cached from a remote repository ID that is unavailable in current build context, verifying that is downloadable from [central-only (https://repo.maven.apache.org/maven2, default, releases+snapshots)]
[INFO] Downloading from central-only: https://repo.maven.apache.org/maven2/org/jboss/shrinkwrap/resolver/shrinkwrap-resolver-bom/1.0.0-beta-7/shrinkwrap-resolver-bom-1.0.0-beta-7.pom
[INFO] Downloaded from central-only: https://repo.maven.apache.org/maven2/org/jboss/shrinkwrap/resolver/shrinkwrap-resolver-bom/1.0.0-beta-7/shrinkwrap-resolver-bom-1.0.0-beta-7.pom (0 B at 0 B/s)
[INFO] Artifact org.jboss.shrinkwrap.descriptors:shrinkwrap-descriptors-bom:pom:2.0.0-alpha-3 is present in the local repository, but cached from a remote repository ID that is unavailable in current build context, verifying that is downloadable from [central-only (https://repo.maven.apache.org/maven2, default, releases+snapshots)]
[INFO] Artifact org.jboss.shrinkwrap.descriptors:shrinkwrap-descriptors-bom:pom:2.0.0-alpha-3 is present in the local repository, but cached from a remote repository ID that is unavailable in current build context, verifying that is downloadable from [central-only (https://repo.maven.apache.org/maven2, default, releases+snapshots)]
[INFO] Downloading from central-only: https://repo.maven.apache.org/maven2/org/jboss/shrinkwrap/descriptors/shrinkwrap-descriptors-bom/2.0.0-alpha-3/shrinkwrap-descriptors-bom-2.0.0-alpha-3.pom
[INFO] Downloaded from central-only: https://repo.maven.apache.org/maven2/org/jboss/shrinkwrap/descriptors/shrinkwrap-descriptors-bom/2.0.0-alpha-3/shrinkwrap-descriptors-bom-2.0.0-alpha-3.pom (0 B at 0 B/s)
[INFO] Artifact com.github.xiaoymin:swagger-bootstrap-ui:pom:1.6 is present in the local repository, but cached from a remote repository ID that is unavailable in current build context, verifying that is downloadable from [central-only (https://repo.maven.apache.org/maven2, default, releases+snapshots)]
[INFO] Artifact com.github.xiaoymin:swagger-bootstrap-ui:pom:1.6 is present in the local repository, but cached from a remote repository ID that is unavailable in current build context, verifying that is downloadable from [central-only (https://repo.maven.apache.org/maven2, default, releases+snapshots)]
[INFO] Downloading from central-only: https://repo.maven.apache.org/maven2/com/github/xiaoymin/swagger-bootstrap-ui/1.6/swagger-bootstrap-ui-1.6.pom
[INFO] Downloaded from central-only: https://repo.maven.apache.org/maven2/com/github/xiaoymin/swagger-bootstrap-ui/1.6/swagger-bootstrap-ui-1.6.pom (0 B at 0 B/s)
[INFO] Artifact com.aliyun.oss:aliyun-sdk-oss:pom:3.10.1 is present in the local repository, but cached from a remote repository ID that is unavailable in current build context, verifying that is downloadable from [central-only (https://repo.maven.apache.org/maven2, default, releases+snapshots)]
[INFO] Artifact com.aliyun.oss:aliyun-sdk-oss:pom:3.10.1 is present in the local repository, but cached from a remote repository ID that is unavailable in current build context, verifying that is downloadable from [central-only (https://repo.maven.apache.org/maven2, default, releases+snapshots)]
[INFO] Downloading from central-only: https://repo.maven.apache.org/maven2/com/aliyun/oss/aliyun-sdk-oss/3.10.1/aliyun-sdk-oss-3.10.1.pom
[INFO] Downloaded from central-only: https://repo.maven.apache.org/maven2/com/aliyun/oss/aliyun-sdk-oss/3.10.1/aliyun-sdk-oss-3.10.1.pom (0 B at 0 B/s)
[INFO] Artifact org.apache.httpcomponents:httpclient:pom:4.5.5 is present in the local repository, but cached from a remote repository ID that is unavailable in current build context, verifying that is downloadable from [central-only (https://repo.maven.apache.org/maven2, default, releases+snapshots)]
[INFO] Artifact org.apache.httpcomponents:httpclient:pom:4.5.5 is present in the local repository, but cached from a remote repository ID that is unavailable in current build context, verifying that is downloadable from [central-only (https://repo.maven.apache.org/maven2, default, releases+snapshots)]
[INFO] Downloading from central-only: https://repo.maven.apache.org/maven2/org/apache/httpcomponents/httpclient/4.5.5/httpclient-4.5.5.pom
[INFO] Downloaded from central-only: https://repo.maven.apache.org/maven2/org/apache/httpcomponents/httpclient/4.5.5/httpclient-4.5.5.pom (0 B at 0 B/s)
[INFO] Artifact org.apache.httpcomponents:httpcomponents-client:pom:4.5.5 is present in the local repository, but cached from a remote repository ID that is unavailable in current build context, verifying that is downloadable from [central-only (https://repo.maven.apache.org/maven2, default, releases+snapshots)]
[INFO] Artifact org.apache.httpcomponents:httpcomponents-client:pom:4.5.5 is present in the local repository, but cached from a remote repository ID that is unavailable in current build context, verifying that is downloadable from [central-only (https://repo.maven.apache.org/maven2, default, releases+snapshots)]
[INFO] Downloading from central-only: https://repo.maven.apache.org/maven2/org/apache/httpcomponents/httpcomponents-client/4.5.5/httpcomponents-client-4.5.5.pom
[INFO] Downloaded from central-only: https://repo.maven.apache.org/maven2/org/apache/httpcomponents/httpcomponents-client/4.5.5/httpcomponents-client-4.5.5.pom (0 B at 0 B/s)
[INFO] Artifact org.apache.httpcomponents:httpcomponents-parent:pom:10 is present in the local repository, but cached from a remote repository ID that is unavailable in current build context, verifying that is downloadable from [central-only (https://repo.maven.apache.org/maven2, default, releases+snapshots)]
[INFO] Artifact org.apache.httpcomponents:httpcomponents-parent:pom:10 is present in the local repository, but cached from a remote repository ID that is unavailable in current build context, verifying that is downloadable from [central-only (https://repo.maven.apache.org/maven2, default, releases+snapshots)]
[INFO] Downloading from central-only: https://repo.maven.apache.org/maven2/org/apache/httpcomponents/httpcomponents-parent/10/httpcomponents-parent-10.pom
[INFO] Downloaded from central-only: https://repo.maven.apache.org/maven2/org/apache/httpcomponents/httpcomponents-parent/10/httpcomponents-parent-10.pom (0 B at 0 B/s)
[INFO] Artifact org.jdom:jdom:pom:1.1 is present in the local repository, but cached from a remote repository ID that is unavailable in current build context, verifying that is downloadable from [central-only (https://repo.maven.apache.org/maven2, default, releases+snapshots)]
[INFO] Artifact org.jdom:jdom:pom:1.1 is present in the local repository, but cached from a remote repository ID that is unavailable in current build context, verifying that is downloadable from [central-only (https://repo.maven.apache.org/maven2, default, releases+snapshots)]
[INFO] Downloading from central-only: https://repo.maven.apache.org/maven2/org/jdom/jdom/1.1/jdom-1.1.pom
[INFO] Downloaded from central-only: https://repo.maven.apache.org/maven2/org/jdom/jdom/1.1/jdom-1.1.pom (0 B at 0 B/s)
[INFO] Artifact org.codehaus.jettison:jettison:pom:1.1 is present in the local repository, but cached from a remote repository ID that is unavailable in current build context, verifying that is downloadable from [central-only (https://repo.maven.apache.org/maven2, default, releases+snapshots)]
[INFO] Artifact org.codehaus.jettison:jettison:pom:1.1 is present in the local repository, but cached from a remote repository ID that is unavailable in current build context, verifying that is downloadable from [central-only (https://repo.maven.apache.org/maven2, default, releases+snapshots)]
[INFO] Downloading from central-only: https://repo.maven.apache.org/maven2/org/codehaus/jettison/jettison/1.1/jettison-1.1.pom
[INFO] Downloaded from central-only: https://repo.maven.apache.org/maven2/org/codehaus/jettison/jettison/1.1/jettison-1.1.pom (0 B at 0 B/s)
[INFO] Artifact stax:stax-api:pom:1.0.1 is present in the local repository, but cached from a remote repository ID that is unavailable in current build context, verifying that is downloadable from [central-only (https://repo.maven.apache.org/maven2, default, releases+snapshots)]
[INFO] Artifact stax:stax-api:pom:1.0.1 is present in the local repository, but cached from a remote repository ID that is unavailable in current build context, verifying that is downloadable from [central-only (https://repo.maven.apache.org/maven2, default, releases+snapshots)]
[INFO] Downloading from central-only: https://repo.maven.apache.org/maven2/stax/stax-api/1.0.1/stax-api-1.0.1.pom
[INFO] Downloaded from central-only: https://repo.maven.apache.org/maven2/stax/stax-api/1.0.1/stax-api-1.0.1.pom (0 B at 0 B/s)
[INFO] Artifact com.aliyun:aliyun-java-sdk-core:pom:3.4.0 is present in the local repository, but cached from a remote repository ID that is unavailable in current build context, verifying that is downloadable from [central-only (https://repo.maven.apache.org/maven2, default, releases+snapshots)]
[INFO] Artifact com.aliyun:aliyun-java-sdk-core:pom:3.4.0 is present in the local repository, but cached from a remote repository ID that is unavailable in current build context, verifying that is downloadable from [central-only (https://repo.maven.apache.org/maven2, default, releases+snapshots)]
[INFO] Downloading from central-only: https://repo.maven.apache.org/maven2/com/aliyun/aliyun-java-sdk-core/3.4.0/aliyun-java-sdk-core-3.4.0.pom
[INFO] Downloaded from central-only: https://repo.maven.apache.org/maven2/com/aliyun/aliyun-java-sdk-core/3.4.0/aliyun-java-sdk-core-3.4.0.pom (0 B at 0 B/s)
[INFO] Artifact com.aliyun:aliyun-java-sdk-ram:pom:3.0.0 is present in the local repository, but cached from a remote repository ID that is unavailable in current build context, verifying that is downloadable from [central-only (https://repo.maven.apache.org/maven2, default, releases+snapshots)]
[INFO] Artifact com.aliyun:aliyun-java-sdk-ram:pom:3.0.0 is present in the local repository, but cached from a remote repository ID that is unavailable in current build context, verifying that is downloadable from [central-only (https://repo.maven.apache.org/maven2, default, releases+snapshots)]
[INFO] Downloading from central-only: https://repo.maven.apache.org/maven2/com/aliyun/aliyun-java-sdk-ram/3.0.0/aliyun-java-sdk-ram-3.0.0.pom
[INFO] Downloaded from central-only: https://repo.maven.apache.org/maven2/com/aliyun/aliyun-java-sdk-ram/3.0.0/aliyun-java-sdk-ram-3.0.0.pom (0 B at 0 B/s)
[INFO] Artifact com.aliyun:aliyun-java-sdk-sts:pom:3.0.0 is present in the local repository, but cached from a remote repository ID that is unavailable in current build context, verifying that is downloadable from [central-only (https://repo.maven.apache.org/maven2, default, releases+snapshots)]
[INFO] Artifact com.aliyun:aliyun-java-sdk-sts:pom:3.0.0 is present in the local repository, but cached from a remote repository ID that is unavailable in current build context, verifying that is downloadable from [central-only (https://repo.maven.apache.org/maven2, default, releases+snapshots)]
[INFO] Downloading from central-only: https://repo.maven.apache.org/maven2/com/aliyun/aliyun-java-sdk-sts/3.0.0/aliyun-java-sdk-sts-3.0.0.pom
[INFO] Downloaded from central-only: https://repo.maven.apache.org/maven2/com/aliyun/aliyun-java-sdk-sts/3.0.0/aliyun-java-sdk-sts-3.0.0.pom (0 B at 0 B/s)
[INFO] Artifact com.aliyun:aliyun-java-sdk-ecs:pom:4.2.0 is present in the local repository, but cached from a remote repository ID that is unavailable in current build context, verifying that is downloadable from [central-only (https://repo.maven.apache.org/maven2, default, releases+snapshots)]
[INFO] Artifact com.aliyun:aliyun-java-sdk-ecs:pom:4.2.0 is present in the local repository, but cached from a remote repository ID that is unavailable in current build context, verifying that is downloadable from [central-only (https://repo.maven.apache.org/maven2, default, releases+snapshots)]
[INFO] Downloading from central-only: https://repo.maven.apache.org/maven2/com/aliyun/aliyun-java-sdk-ecs/4.2.0/aliyun-java-sdk-ecs-4.2.0.pom
[INFO] Downloaded from central-only: https://repo.maven.apache.org/maven2/com/aliyun/aliyun-java-sdk-ecs/4.2.0/aliyun-java-sdk-ecs-4.2.0.pom (0 B at 0 B/s)
[INFO] Artifact com.aliyun:aliyun-java-sdk-kms:pom:2.7.0 is present in the local repository, but cached from a remote repository ID that is unavailable in current build context, verifying that is downloadable from [central-only (https://repo.maven.apache.org/maven2, default, releases+snapshots)]
[INFO] Artifact com.aliyun:aliyun-java-sdk-kms:pom:2.7.0 is present in the local repository, but cached from a remote repository ID that is unavailable in current build context, verifying that is downloadable from [central-only (https://repo.maven.apache.org/maven2, default, releases+snapshots)]
[INFO] Downloading from central-only: https://repo.maven.apache.org/maven2/com/aliyun/aliyun-java-sdk-kms/2.7.0/aliyun-java-sdk-kms-2.7.0.pom
[INFO] Downloaded from central-only: https://repo.maven.apache.org/maven2/com/aliyun/aliyun-java-sdk-kms/2.7.0/aliyun-java-sdk-kms-2.7.0.pom (0 B at 0 B/s)
[INFO] Artifact com.google.code.gson:gson:pom:2.8.2 is present in the local repository, but cached from a remote repository ID that is unavailable in current build context, verifying that is downloadable from [central-only (https://repo.maven.apache.org/maven2, default, releases+snapshots)]
[INFO] Artifact com.google.code.gson:gson:pom:2.8.2 is present in the local repository, but cached from a remote repository ID that is unavailable in current build context, verifying that is downloadable from [central-only (https://repo.maven.apache.org/maven2, default, releases+snapshots)]
[INFO] Downloading from central-only: https://repo.maven.apache.org/maven2/com/google/code/gson/gson/2.8.2/gson-2.8.2.pom
[INFO] Downloaded from central-only: https://repo.maven.apache.org/maven2/com/google/code/gson/gson/2.8.2/gson-2.8.2.pom (0 B at 0 B/s)
[INFO] Artifact com.google.code.gson:gson-parent:pom:2.8.2 is present in the local repository, but cached from a remote repository ID that is unavailable in current build context, verifying that is downloadable from [central-only (https://repo.maven.apache.org/maven2, default, releases+snapshots)]
[INFO] Artifact com.google.code.gson:gson-parent:pom:2.8.2 is present in the local repository, but cached from a remote repository ID that is unavailable in current build context, verifying that is downloadable from [central-only (https://repo.maven.apache.org/maven2, default, releases+snapshots)]
[INFO] Downloading from central-only: https://repo.maven.apache.org/maven2/com/google/code/gson/gson-parent/2.8.2/gson-parent-2.8.2.pom
[INFO] Downloaded from central-only: https://repo.maven.apache.org/maven2/com/google/code/gson/gson-parent/2.8.2/gson-parent-2.8.2.pom (0 B at 0 B/s)
[INFO] Artifact com.itextpdf:itextpdf:pom:5.5.13.1 is present in the local repository, but cached from a remote repository ID that is unavailable in current build context, verifying that is downloadable from [central-only (https://repo.maven.apache.org/maven2, default, releases+snapshots)]
[INFO] Artifact com.itextpdf:itextpdf:pom:5.5.13.1 is present in the local repository, but cached from a remote repository ID that is unavailable in current build context, verifying that is downloadable from [central-only (https://repo.maven.apache.org/maven2, default, releases+snapshots)]
[INFO] Downloading from central-only: https://repo.maven.apache.org/maven2/com/itextpdf/itextpdf/5.5.13.1/itextpdf-5.5.13.1.pom
[INFO] Downloaded from central-only: https://repo.maven.apache.org/maven2/com/itextpdf/itextpdf/5.5.13.1/itextpdf-5.5.13.1.pom (0 B at 0 B/s)
[INFO] Artifact com.itextpdf:itext-parent:pom:1.0.0 is present in the local repository, but cached from a remote repository ID that is unavailable in current build context, verifying that is downloadable from [central-only (https://repo.maven.apache.org/maven2, default, releases+snapshots)]
[INFO] Artifact com.itextpdf:itext-parent:pom:1.0.0 is present in the local repository, but cached from a remote repository ID that is unavailable in current build context, verifying that is downloadable from [central-only (https://repo.maven.apache.org/maven2, default, releases+snapshots)]
[INFO] Downloading from central-only: https://repo.maven.apache.org/maven2/com/itextpdf/itext-parent/1.0.0/itext-parent-1.0.0.pom
[INFO] Downloaded from central-only: https://repo.maven.apache.org/maven2/com/itextpdf/itext-parent/1.0.0/itext-parent-1.0.0.pom (0 B at 0 B/s)
[INFO] Artifact org.apache.commons:commons-io:pom:1.3.2 is present in the local repository, but cached from a remote repository ID that is unavailable in current build context, verifying that is downloadable from [central-only (https://repo.maven.apache.org/maven2, default, releases+snapshots)]
[INFO] Artifact org.apache.commons:commons-io:pom:1.3.2 is present in the local repository, but cached from a remote repository ID that is unavailable in current build context, verifying that is downloadable from [central-only (https://repo.maven.apache.org/maven2, default, releases+snapshots)]
[INFO] Downloading from central-only: https://repo.maven.apache.org/maven2/org/apache/commons/commons-io/1.3.2/commons-io-1.3.2.pom
[INFO] Downloaded from central-only: https://repo.maven.apache.org/maven2/org/apache/commons/commons-io/1.3.2/commons-io-1.3.2.pom (0 B at 0 B/s)
[INFO] Artifact commons-io:commons-io:pom:1.3.2 is present in the local repository, but cached from a remote repository ID that is unavailable in current build context, verifying that is downloadable from [central-only (https://repo.maven.apache.org/maven2, default, releases+snapshots)]
[INFO] Artifact commons-io:commons-io:pom:1.3.2 is present in the local repository, but cached from a remote repository ID that is unavailable in current build context, verifying that is downloadable from [central-only (https://repo.maven.apache.org/maven2, default, releases+snapshots)]
[INFO] Downloading from central-only: https://repo.maven.apache.org/maven2/commons-io/commons-io/1.3.2/commons-io-1.3.2.pom
[INFO] Downloaded from central-only: https://repo.maven.apache.org/maven2/commons-io/commons-io/1.3.2/commons-io-1.3.2.pom (0 B at 0 B/s)
[INFO] Artifact org.apache.commons:commons-parent:pom:3 is present in the local repository, but cached from a remote repository ID that is unavailable in current build context, verifying that is downloadable from [central-only (https://repo.maven.apache.org/maven2, default, releases+snapshots)]
[INFO] Artifact org.apache.commons:commons-parent:pom:3 is present in the local repository, but cached from a remote repository ID that is unavailable in current build context, verifying that is downloadable from [central-only (https://repo.maven.apache.org/maven2, default, releases+snapshots)]
[INFO] Downloading from central-only: https://repo.maven.apache.org/maven2/org/apache/commons/commons-parent/3/commons-parent-3.pom
[INFO] Downloaded from central-only: https://repo.maven.apache.org/maven2/org/apache/commons/commons-parent/3/commons-parent-3.pom (0 B at 0 B/s)
[INFO] Artifact org.apache:apache:pom:4 is present in the local repository, but cached from a remote repository ID that is unavailable in current build context, verifying that is downloadable from [central-only (https://repo.maven.apache.org/maven2, default, releases+snapshots)]
[INFO] Artifact org.apache:apache:pom:4 is present in the local repository, but cached from a remote repository ID that is unavailable in current build context, verifying that is downloadable from [central-only (https://repo.maven.apache.org/maven2, default, releases+snapshots)]
[INFO] Downloading from central-only: https://repo.maven.apache.org/maven2/org/apache/apache/4/apache-4.pom
[INFO] Downloaded from central-only: https://repo.maven.apache.org/maven2/org/apache/apache/4/apache-4.pom (0 B at 0 B/s)
[INFO] Artifact com.belerweb:pinyin4j:pom:2.5.1 is present in the local repository, but cached from a remote repository ID that is unavailable in current build context, verifying that is downloadable from [central-only (https://repo.maven.apache.org/maven2, default, releases+snapshots)]
[INFO] Artifact com.belerweb:pinyin4j:pom:2.5.1 is present in the local repository, but cached from a remote repository ID that is unavailable in current build context, verifying that is downloadable from [central-only (https://repo.maven.apache.org/maven2, default, releases+snapshots)]
[INFO] Downloading from central-only: https://repo.maven.apache.org/maven2/com/belerweb/pinyin4j/2.5.1/pinyin4j-2.5.1.pom
[INFO] Downloaded from central-only: https://repo.maven.apache.org/maven2/com/belerweb/pinyin4j/2.5.1/pinyin4j-2.5.1.pom (0 B at 0 B/s)
[INFO] Artifact com.github.pagehelper:pagehelper-spring-boot-starter:pom:1.2.13 is present in the local repository, but cached from a remote repository ID that is unavailable in current build context, verifying that is downloadable from [central-only (https://repo.maven.apache.org/maven2, default, releases+snapshots)]
[INFO] Artifact com.github.pagehelper:pagehelper-spring-boot-starter:pom:1.2.13 is present in the local repository, but cached from a remote repository ID that is unavailable in current build context, verifying that is downloadable from [central-only (https://repo.maven.apache.org/maven2, default, releases+snapshots)]
[INFO] Downloading from central-only: https://repo.maven.apache.org/maven2/com/github/pagehelper/pagehelper-spring-boot-starter/1.2.13/pagehelper-spring-boot-starter-1.2.13.pom
[INFO] Downloaded from central-only: https://repo.maven.apache.org/maven2/com/github/pagehelper/pagehelper-spring-boot-starter/1.2.13/pagehelper-spring-boot-starter-1.2.13.pom (0 B at 0 B/s)
[INFO] Artifact com.github.pagehelper:pagehelper-spring-boot:pom:1.2.13 is present in the local repository, but cached from a remote repository ID that is unavailable in current build context, verifying that is downloadable from [central-only (https://repo.maven.apache.org/maven2, default, releases+snapshots)]
[INFO] Artifact com.github.pagehelper:pagehelper-spring-boot:pom:1.2.13 is present in the local repository, but cached from a remote repository ID that is unavailable in current build context, verifying that is downloadable from [central-only (https://repo.maven.apache.org/maven2, default, releases+snapshots)]
[INFO] Downloading from central-only: https://repo.maven.apache.org/maven2/com/github/pagehelper/pagehelper-spring-boot/1.2.13/pagehelper-spring-boot-1.2.13.pom
[INFO] Downloaded from central-only: https://repo.maven.apache.org/maven2/com/github/pagehelper/pagehelper-spring-boot/1.2.13/pagehelper-spring-boot-1.2.13.pom (0 B at 0 B/s)
[INFO] Artifact org.springframework.boot:spring-boot-dependencies:pom:2.2.1.RELEASE is present in the local repository, but cached from a remote repository ID that is unavailable in current build context, verifying that is downloadable from [central-only (https://repo.maven.apache.org/maven2, default, releases+snapshots)]
[INFO] Artifact org.springframework.boot:spring-boot-dependencies:pom:2.2.1.RELEASE is present in the local repository, but cached from a remote repository ID that is unavailable in current build context, verifying that is downloadable from [central-only (https://repo.maven.apache.org/maven2, default, releases+snapshots)]
[INFO] Downloading from central-only: https://repo.maven.apache.org/maven2/org/springframework/boot/spring-boot-dependencies/2.2.1.RELEASE/spring-boot-dependencies-2.2.1.RELEASE.pom
[INFO] Downloaded from central-only: https://repo.maven.apache.org/maven2/org/springframework/boot/spring-boot-dependencies/2.2.1.RELEASE/spring-boot-dependencies-2.2.1.RELEASE.pom (0 B at 0 B/s)
[INFO] Artifact com.fasterxml.jackson:jackson-bom:pom:2.10.0 is present in the local repository, but cached from a remote repository ID that is unavailable in current build context, verifying that is downloadable from [central-only (https://repo.maven.apache.org/maven2, default, releases+snapshots)]
[INFO] Artifact com.fasterxml.jackson:jackson-bom:pom:2.10.0 is present in the local repository, but cached from a remote repository ID that is unavailable in current build context, verifying that is downloadable from [central-only (https://repo.maven.apache.org/maven2, default, releases+snapshots)]
[INFO] Downloading from central-only: https://repo.maven.apache.org/maven2/com/fasterxml/jackson/jackson-bom/2.10.0/jackson-bom-2.10.0.pom
[INFO] Downloaded from central-only: https://repo.maven.apache.org/maven2/com/fasterxml/jackson/jackson-bom/2.10.0/jackson-bom-2.10.0.pom (0 B at 0 B/s)
[INFO] Artifact com.fasterxml.jackson:jackson-parent:pom:2.10 is present in the local repository, but cached from a remote repository ID that is unavailable in current build context, verifying that is downloadable from [central-only (https://repo.maven.apache.org/maven2, default, releases+snapshots)]
[INFO] Artifact com.fasterxml.jackson:jackson-parent:pom:2.10 is present in the local repository, but cached from a remote repository ID that is unavailable in current build context, verifying that is downloadable from [central-only (https://repo.maven.apache.org/maven2, default, releases+snapshots)]
[INFO] Downloading from central-only: https://repo.maven.apache.org/maven2/com/fasterxml/jackson/jackson-parent/2.10/jackson-parent-2.10.pom
[INFO] Downloaded from central-only: https://repo.maven.apache.org/maven2/com/fasterxml/jackson/jackson-parent/2.10/jackson-parent-2.10.pom (0 B at 0 B/s)
[INFO] Artifact com.fasterxml:oss-parent:pom:38 is present in the local repository, but cached from a remote repository ID that is unavailable in current build context, verifying that is downloadable from [central-only (https://repo.maven.apache.org/maven2, default, releases+snapshots)]
[INFO] Artifact com.fasterxml:oss-parent:pom:38 is present in the local repository, but cached from a remote repository ID that is unavailable in current build context, verifying that is downloadable from [central-only (https://repo.maven.apache.org/maven2, default, releases+snapshots)]
[INFO] Downloading from central-only: https://repo.maven.apache.org/maven2/com/fasterxml/oss-parent/38/oss-parent-38.pom
[INFO] Downloaded from central-only: https://repo.maven.apache.org/maven2/com/fasterxml/oss-parent/38/oss-parent-38.pom (0 B at 0 B/s)
[INFO] Artifact io.micrometer:micrometer-bom:pom:1.3.1 is present in the local repository, but cached from a remote repository ID that is unavailable in current build context, verifying that is downloadable from [central-only (https://repo.maven.apache.org/maven2, default, releases+snapshots)]
[INFO] Artifact io.micrometer:micrometer-bom:pom:1.3.1 is present in the local repository, but cached from a remote repository ID that is unavailable in current build context, verifying that is downloadable from [central-only (https://repo.maven.apache.org/maven2, default, releases+snapshots)]
[INFO] Downloading from central-only: https://repo.maven.apache.org/maven2/io/micrometer/micrometer-bom/1.3.1/micrometer-bom-1.3.1.pom
[INFO] Downloaded from central-only: https://repo.maven.apache.org/maven2/io/micrometer/micrometer-bom/1.3.1/micrometer-bom-1.3.1.pom (0 B at 0 B/s)
[INFO] Artifact io.netty:netty-bom:pom:4.1.43.Final is present in the local repository, but cached from a remote repository ID that is unavailable in current build context, verifying that is downloadable from [central-only (https://repo.maven.apache.org/maven2, default, releases+snapshots)]
[INFO] Artifact io.netty:netty-bom:pom:4.1.43.Final is present in the local repository, but cached from a remote repository ID that is unavailable in current build context, verifying that is downloadable from [central-only (https://repo.maven.apache.org/maven2, default, releases+snapshots)]
[INFO] Downloading from central-only: https://repo.maven.apache.org/maven2/io/netty/netty-bom/4.1.43.Final/netty-bom-4.1.43.Final.pom
[INFO] Downloaded from central-only: https://repo.maven.apache.org/maven2/io/netty/netty-bom/4.1.43.Final/netty-bom-4.1.43.Final.pom (0 B at 0 B/s)
[INFO] Artifact io.projectreactor:reactor-bom:pom:Dysprosium-SR1 is present in the local repository, but cached from a remote repository ID that is unavailable in current build context, verifying that is downloadable from [central-only (https://repo.maven.apache.org/maven2, default, releases+snapshots)]
[INFO] Artifact io.projectreactor:reactor-bom:pom:Dysprosium-SR1 is present in the local repository, but cached from a remote repository ID that is unavailable in current build context, verifying that is downloadable from [central-only (https://repo.maven.apache.org/maven2, default, releases+snapshots)]
[INFO] Downloading from central-only: https://repo.maven.apache.org/maven2/io/projectreactor/reactor-bom/Dysprosium-SR1/reactor-bom-Dysprosium-SR1.pom
[INFO] Downloaded from central-only: https://repo.maven.apache.org/maven2/io/projectreactor/reactor-bom/Dysprosium-SR1/reactor-bom-Dysprosium-SR1.pom (0 B at 0 B/s)
[INFO] Artifact io.rsocket:rsocket-bom:pom:1.0.0-RC5 is present in the local repository, but cached from a remote repository ID that is unavailable in current build context, verifying that is downloadable from [central-only (https://repo.maven.apache.org/maven2, default, releases+snapshots)]
[INFO] Artifact io.rsocket:rsocket-bom:pom:1.0.0-RC5 is present in the local repository, but cached from a remote repository ID that is unavailable in current build context, verifying that is downloadable from [central-only (https://repo.maven.apache.org/maven2, default, releases+snapshots)]
[INFO] Downloading from central-only: https://repo.maven.apache.org/maven2/io/rsocket/rsocket-bom/1.0.0-RC5/rsocket-bom-1.0.0-RC5.pom
[INFO] Downloaded from central-only: https://repo.maven.apache.org/maven2/io/rsocket/rsocket-bom/1.0.0-RC5/rsocket-bom-1.0.0-RC5.pom (0 B at 0 B/s)
[INFO] Artifact org.apache.logging.log4j:log4j-bom:pom:2.12.1 is present in the local repository, but cached from a remote repository ID that is unavailable in current build context, verifying that is downloadable from [central-only (https://repo.maven.apache.org/maven2, default, releases+snapshots)]
[INFO] Artifact org.apache.logging.log4j:log4j-bom:pom:2.12.1 is present in the local repository, but cached from a remote repository ID that is unavailable in current build context, verifying that is downloadable from [central-only (https://repo.maven.apache.org/maven2, default, releases+snapshots)]
[INFO] Downloading from central-only: https://repo.maven.apache.org/maven2/org/apache/logging/log4j/log4j-bom/2.12.1/log4j-bom-2.12.1.pom
[INFO] Downloaded from central-only: https://repo.maven.apache.org/maven2/org/apache/logging/log4j/log4j-bom/2.12.1/log4j-bom-2.12.1.pom (0 B at 0 B/s)
[INFO] Artifact org.eclipse.jetty:jetty-bom:pom:9.4.22.v20191022 is present in the local repository, but cached from a remote repository ID that is unavailable in current build context, verifying that is downloadable from [central-only (https://repo.maven.apache.org/maven2, default, releases+snapshots)]
[INFO] Artifact org.eclipse.jetty:jetty-bom:pom:9.4.22.v20191022 is present in the local repository, but cached from a remote repository ID that is unavailable in current build context, verifying that is downloadable from [central-only (https://repo.maven.apache.org/maven2, default, releases+snapshots)]
[INFO] Downloading from central-only: https://repo.maven.apache.org/maven2/org/eclipse/jetty/jetty-bom/9.4.22.v20191022/jetty-bom-9.4.22.v20191022.pom
[INFO] Downloaded from central-only: https://repo.maven.apache.org/maven2/org/eclipse/jetty/jetty-bom/9.4.22.v20191022/jetty-bom-9.4.22.v20191022.pom (0 B at 0 B/s)
[INFO] Artifact org.glassfish.jersey:jersey-bom:pom:2.29.1 is present in the local repository, but cached from a remote repository ID that is unavailable in current build context, verifying that is downloadable from [central-only (https://repo.maven.apache.org/maven2, default, releases+snapshots)]
[INFO] Artifact org.glassfish.jersey:jersey-bom:pom:2.29.1 is present in the local repository, but cached from a remote repository ID that is unavailable in current build context, verifying that is downloadable from [central-only (https://repo.maven.apache.org/maven2, default, releases+snapshots)]
[INFO] Downloading from central-only: https://repo.maven.apache.org/maven2/org/glassfish/jersey/jersey-bom/2.29.1/jersey-bom-2.29.1.pom
[INFO] Downloaded from central-only: https://repo.maven.apache.org/maven2/org/glassfish/jersey/jersey-bom/2.29.1/jersey-bom-2.29.1.pom (0 B at 0 B/s)
[INFO] Artifact org.eclipse.ee4j:project:pom:1.0.5 is present in the local repository, but cached from a remote repository ID that is unavailable in current build context, verifying that is downloadable from [central-only (https://repo.maven.apache.org/maven2, default, releases+snapshots)]
[INFO] Artifact org.eclipse.ee4j:project:pom:1.0.5 is present in the local repository, but cached from a remote repository ID that is unavailable in current build context, verifying that is downloadable from [central-only (https://repo.maven.apache.org/maven2, default, releases+snapshots)]
[INFO] Downloading from central-only: https://repo.maven.apache.org/maven2/org/eclipse/ee4j/project/1.0.5/project-1.0.5.pom
[INFO] Downloaded from central-only: https://repo.maven.apache.org/maven2/org/eclipse/ee4j/project/1.0.5/project-1.0.5.pom (0 B at 0 B/s)
[INFO] Artifact org.jetbrains.kotlin:kotlin-bom:pom:1.3.50 is present in the local repository, but cached from a remote repository ID that is unavailable in current build context, verifying that is downloadable from [central-only (https://repo.maven.apache.org/maven2, default, releases+snapshots)]
[INFO] Artifact org.jetbrains.kotlin:kotlin-bom:pom:1.3.50 is present in the local repository, but cached from a remote repository ID that is unavailable in current build context, verifying that is downloadable from [central-only (https://repo.maven.apache.org/maven2, default, releases+snapshots)]
[INFO] Downloading from central-only: https://repo.maven.apache.org/maven2/org/jetbrains/kotlin/kotlin-bom/1.3.50/kotlin-bom-1.3.50.pom
[INFO] Downloaded from central-only: https://repo.maven.apache.org/maven2/org/jetbrains/kotlin/kotlin-bom/1.3.50/kotlin-bom-1.3.50.pom (0 B at 0 B/s)
[INFO] Artifact org.jetbrains.kotlinx:kotlinx-coroutines-bom:pom:1.3.2 is present in the local repository, but cached from a remote repository ID that is unavailable in current build context, verifying that is downloadable from [central-only (https://repo.maven.apache.org/maven2, default, releases+snapshots)]
[INFO] Artifact org.jetbrains.kotlinx:kotlinx-coroutines-bom:pom:1.3.2 is present in the local repository, but cached from a remote repository ID that is unavailable in current build context, verifying that is downloadable from [central-only (https://repo.maven.apache.org/maven2, default, releases+snapshots)]
[INFO] Downloading from central-only: https://repo.maven.apache.org/maven2/org/jetbrains/kotlinx/kotlinx-coroutines-bom/1.3.2/kotlinx-coroutines-bom-1.3.2.pom
[INFO] Downloaded from central-only: https://repo.maven.apache.org/maven2/org/jetbrains/kotlinx/kotlinx-coroutines-bom/1.3.2/kotlinx-coroutines-bom-1.3.2.pom (0 B at 0 B/s)
[INFO] Artifact org.junit:junit-bom:pom:5.5.2 is present in the local repository, but cached from a remote repository ID that is unavailable in current build context, verifying that is downloadable from [central-only (https://repo.maven.apache.org/maven2, default, releases+snapshots)]
[INFO] Artifact org.junit:junit-bom:pom:5.5.2 is present in the local repository, but cached from a remote repository ID that is unavailable in current build context, verifying that is downloadable from [central-only (https://repo.maven.apache.org/maven2, default, releases+snapshots)]
[INFO] Downloading from central-only: https://repo.maven.apache.org/maven2/org/junit/junit-bom/5.5.2/junit-bom-5.5.2.pom
[INFO] Downloaded from central-only: https://repo.maven.apache.org/maven2/org/junit/junit-bom/5.5.2/junit-bom-5.5.2.pom (0 B at 0 B/s)
[INFO] Artifact org.springframework:spring-framework-bom:pom:5.2.1.RELEASE is present in the local repository, but cached from a remote repository ID that is unavailable in current build context, verifying that is downloadable from [central-only (https://repo.maven.apache.org/maven2, default, releases+snapshots)]
[INFO] Artifact org.springframework:spring-framework-bom:pom:5.2.1.RELEASE is present in the local repository, but cached from a remote repository ID that is unavailable in current build context, verifying that is downloadable from [central-only (https://repo.maven.apache.org/maven2, default, releases+snapshots)]
[INFO] Downloading from central-only: https://repo.maven.apache.org/maven2/org/springframework/spring-framework-bom/5.2.1.RELEASE/spring-framework-bom-5.2.1.RELEASE.pom
[INFO] Downloaded from central-only: https://repo.maven.apache.org/maven2/org/springframework/spring-framework-bom/5.2.1.RELEASE/spring-framework-bom-5.2.1.RELEASE.pom (0 B at 0 B/s)
[INFO] Artifact org.springframework.data:spring-data-releasetrain:pom:Moore-SR1 is present in the local repository, but cached from a remote repository ID that is unavailable in current build context, verifying that is downloadable from [central-only (https://repo.maven.apache.org/maven2, default, releases+snapshots)]
[INFO] Artifact org.springframework.data:spring-data-releasetrain:pom:Moore-SR1 is present in the local repository, but cached from a remote repository ID that is unavailable in current build context, verifying that is downloadable from [central-only (https://repo.maven.apache.org/maven2, default, releases+snapshots)]
[INFO] Downloading from central-only: https://repo.maven.apache.org/maven2/org/springframework/data/spring-data-releasetrain/Moore-SR1/spring-data-releasetrain-Moore-SR1.pom
[INFO] Downloaded from central-only: https://repo.maven.apache.org/maven2/org/springframework/data/spring-data-releasetrain/Moore-SR1/spring-data-releasetrain-Moore-SR1.pom (0 B at 0 B/s)
[INFO] Artifact org.springframework.data.build:spring-data-build:pom:2.2.1.RELEASE is present in the local repository, but cached from a remote repository ID that is unavailable in current build context, verifying that is downloadable from [central-only (https://repo.maven.apache.org/maven2, default, releases+snapshots)]
[INFO] Artifact org.springframework.data.build:spring-data-build:pom:2.2.1.RELEASE is present in the local repository, but cached from a remote repository ID that is unavailable in current build context, verifying that is downloadable from [central-only (https://repo.maven.apache.org/maven2, default, releases+snapshots)]
[INFO] Downloading from central-only: https://repo.maven.apache.org/maven2/org/springframework/data/build/spring-data-build/2.2.1.RELEASE/spring-data-build-2.2.1.RELEASE.pom
[INFO] Downloaded from central-only: https://repo.maven.apache.org/maven2/org/springframework/data/build/spring-data-build/2.2.1.RELEASE/spring-data-build-2.2.1.RELEASE.pom (0 B at 0 B/s)
[INFO] Artifact org.springframework.integration:spring-integration-bom:pom:5.2.1.RELEASE is present in the local repository, but cached from a remote repository ID that is unavailable in current build context, verifying that is downloadable from [central-only (https://repo.maven.apache.org/maven2, default, releases+snapshots)]
[INFO] Artifact org.springframework.integration:spring-integration-bom:pom:5.2.1.RELEASE is present in the local repository, but cached from a remote repository ID that is unavailable in current build context, verifying that is downloadable from [central-only (https://repo.maven.apache.org/maven2, default, releases+snapshots)]
[INFO] Downloading from central-only: https://repo.maven.apache.org/maven2/org/springframework/integration/spring-integration-bom/5.2.1.RELEASE/spring-integration-bom-5.2.1.RELEASE.pom
[INFO] Downloaded from central-only: https://repo.maven.apache.org/maven2/org/springframework/integration/spring-integration-bom/5.2.1.RELEASE/spring-integration-bom-5.2.1.RELEASE.pom (0 B at 0 B/s)
[INFO] Artifact org.springframework.security:spring-security-bom:pom:5.2.1.RELEASE is present in the local repository, but cached from a remote repository ID that is unavailable in current build context, verifying that is downloadable from [central-only (https://repo.maven.apache.org/maven2, default, releases+snapshots)]
[INFO] Artifact org.springframework.security:spring-security-bom:pom:5.2.1.RELEASE is present in the local repository, but cached from a remote repository ID that is unavailable in current build context, verifying that is downloadable from [central-only (https://repo.maven.apache.org/maven2, default, releases+snapshots)]
[INFO] Downloading from central-only: https://repo.maven.apache.org/maven2/org/springframework/security/spring-security-bom/5.2.1.RELEASE/spring-security-bom-5.2.1.RELEASE.pom
[INFO] Downloaded from central-only: https://repo.maven.apache.org/maven2/org/springframework/security/spring-security-bom/5.2.1.RELEASE/spring-security-bom-5.2.1.RELEASE.pom (0 B at 0 B/s)
[INFO] Artifact org.springframework.session:spring-session-bom:pom:Corn-RELEASE is present in the local repository, but cached from a remote repository ID that is unavailable in current build context, verifying that is downloadable from [central-only (https://repo.maven.apache.org/maven2, default, releases+snapshots)]
[INFO] Artifact org.springframework.session:spring-session-bom:pom:Corn-RELEASE is present in the local repository, but cached from a remote repository ID that is unavailable in current build context, verifying that is downloadable from [central-only (https://repo.maven.apache.org/maven2, default, releases+snapshots)]
[INFO] Downloading from central-only: https://repo.maven.apache.org/maven2/org/springframework/session/spring-session-bom/Corn-RELEASE/spring-session-bom-Corn-RELEASE.pom
[INFO] Downloaded from central-only: https://repo.maven.apache.org/maven2/org/springframework/session/spring-session-bom/Corn-RELEASE/spring-session-bom-Corn-RELEASE.pom (0 B at 0 B/s)
[INFO] Artifact org.mybatis.spring.boot:mybatis-spring-boot-starter:pom:2.1.1 is present in the local repository, but cached from a remote repository ID that is unavailable in current build context, verifying that is downloadable from [central-only (https://repo.maven.apache.org/maven2, default, releases+snapshots)]
[INFO] Artifact org.mybatis.spring.boot:mybatis-spring-boot-starter:pom:2.1.1 is present in the local repository, but cached from a remote repository ID that is unavailable in current build context, verifying that is downloadable from [central-only (https://repo.maven.apache.org/maven2, default, releases+snapshots)]
[INFO] Downloading from central-only: https://repo.maven.apache.org/maven2/org/mybatis/spring/boot/mybatis-spring-boot-starter/2.1.1/mybatis-spring-boot-starter-2.1.1.pom
[INFO] Downloaded from central-only: https://repo.maven.apache.org/maven2/org/mybatis/spring/boot/mybatis-spring-boot-starter/2.1.1/mybatis-spring-boot-starter-2.1.1.pom (0 B at 0 B/s)
[INFO] Artifact org.mybatis.spring.boot:mybatis-spring-boot:pom:2.1.1 is present in the local repository, but cached from a remote repository ID that is unavailable in current build context, verifying that is downloadable from [central-only (https://repo.maven.apache.org/maven2, default, releases+snapshots)]
[INFO] Artifact org.mybatis.spring.boot:mybatis-spring-boot:pom:2.1.1 is present in the local repository, but cached from a remote repository ID that is unavailable in current build context, verifying that is downloadable from [central-only (https://repo.maven.apache.org/maven2, default, releases+snapshots)]
[INFO] Downloading from central-only: https://repo.maven.apache.org/maven2/org/mybatis/spring/boot/mybatis-spring-boot/2.1.1/mybatis-spring-boot-2.1.1.pom
[INFO] Downloaded from central-only: https://repo.maven.apache.org/maven2/org/mybatis/spring/boot/mybatis-spring-boot/2.1.1/mybatis-spring-boot-2.1.1.pom (0 B at 0 B/s)
[INFO] Artifact org.mybatis:mybatis-parent:pom:31 is present in the local repository, but cached from a remote repository ID that is unavailable in current build context, verifying that is downloadable from [central-only (https://repo.maven.apache.org/maven2, default, releases+snapshots)]
[INFO] Artifact org.mybatis:mybatis-parent:pom:31 is present in the local repository, but cached from a remote repository ID that is unavailable in current build context, verifying that is downloadable from [central-only (https://repo.maven.apache.org/maven2, default, releases+snapshots)]
[INFO] Downloading from central-only: https://repo.maven.apache.org/maven2/org/mybatis/mybatis-parent/31/mybatis-parent-31.pom
[INFO] Downloaded from central-only: https://repo.maven.apache.org/maven2/org/mybatis/mybatis-parent/31/mybatis-parent-31.pom (0 B at 0 B/s)
[INFO] Artifact org.springframework.boot:spring-boot-dependencies:pom:2.1.9.RELEASE is present in the local repository, but cached from a remote repository ID that is unavailable in current build context, verifying that is downloadable from [central-only (https://repo.maven.apache.org/maven2, default, releases+snapshots)]
[INFO] Artifact org.springframework.boot:spring-boot-dependencies:pom:2.1.9.RELEASE is present in the local repository, but cached from a remote repository ID that is unavailable in current build context, verifying that is downloadable from [central-only (https://repo.maven.apache.org/maven2, default, releases+snapshots)]
[INFO] Downloading from central-only: https://repo.maven.apache.org/maven2/org/springframework/boot/spring-boot-dependencies/2.1.9.RELEASE/spring-boot-dependencies-2.1.9.RELEASE.pom
[INFO] Downloaded from central-only: https://repo.maven.apache.org/maven2/org/springframework/boot/spring-boot-dependencies/2.1.9.RELEASE/spring-boot-dependencies-2.1.9.RELEASE.pom (0 B at 0 B/s)
[INFO] Artifact com.fasterxml.jackson:jackson-bom:pom:2.9.9.20190807 is present in the local repository, but cached from a remote repository ID that is unavailable in current build context, verifying that is downloadable from [central-only (https://repo.maven.apache.org/maven2, default, releases+snapshots)]
[INFO] Artifact com.fasterxml.jackson:jackson-bom:pom:2.9.9.20190807 is present in the local repository, but cached from a remote repository ID that is unavailable in current build context, verifying that is downloadable from [central-only (https://repo.maven.apache.org/maven2, default, releases+snapshots)]
[INFO] Downloading from central-only: https://repo.maven.apache.org/maven2/com/fasterxml/jackson/jackson-bom/2.9.9.20190807/jackson-bom-2.9.9.20190807.pom
[INFO] Downloaded from central-only: https://repo.maven.apache.org/maven2/com/fasterxml/jackson/jackson-bom/2.9.9.20190807/jackson-bom-2.9.9.20190807.pom (0 B at 0 B/s)
[INFO] Artifact com.fasterxml.jackson:jackson-parent:pom:2.9.1.2 is present in the local repository, but cached from a remote repository ID that is unavailable in current build context, verifying that is downloadable from [central-only (https://repo.maven.apache.org/maven2, default, releases+snapshots)]
[INFO] Artifact com.fasterxml.jackson:jackson-parent:pom:2.9.1.2 is present in the local repository, but cached from a remote repository ID that is unavailable in current build context, verifying that is downloadable from [central-only (https://repo.maven.apache.org/maven2, default, releases+snapshots)]
[INFO] Downloading from central-only: https://repo.maven.apache.org/maven2/com/fasterxml/jackson/jackson-parent/2.9.1.2/jackson-parent-2.9.1.2.pom
[INFO] Downloaded from central-only: https://repo.maven.apache.org/maven2/com/fasterxml/jackson/jackson-parent/2.9.1.2/jackson-parent-2.9.1.2.pom (0 B at 0 B/s)
[INFO] Artifact com.fasterxml:oss-parent:pom:34 is present in the local repository, but cached from a remote repository ID that is unavailable in current build context, verifying that is downloadable from [central-only (https://repo.maven.apache.org/maven2, default, releases+snapshots)]
[INFO] Artifact com.fasterxml:oss-parent:pom:34 is present in the local repository, but cached from a remote repository ID that is unavailable in current build context, verifying that is downloadable from [central-only (https://repo.maven.apache.org/maven2, default, releases+snapshots)]
[INFO] Downloading from central-only: https://repo.maven.apache.org/maven2/com/fasterxml/oss-parent/34/oss-parent-34.pom
[INFO] Downloaded from central-only: https://repo.maven.apache.org/maven2/com/fasterxml/oss-parent/34/oss-parent-34.pom (0 B at 0 B/s)
[INFO] Artifact io.netty:netty-bom:pom:4.1.39.Final is present in the local repository, but cached from a remote repository ID that is unavailable in current build context, verifying that is downloadable from [central-only (https://repo.maven.apache.org/maven2, default, releases+snapshots)]
[INFO] Artifact io.netty:netty-bom:pom:4.1.39.Final is present in the local repository, but cached from a remote repository ID that is unavailable in current build context, verifying that is downloadable from [central-only (https://repo.maven.apache.org/maven2, default, releases+snapshots)]
[INFO] Downloading from central-only: https://repo.maven.apache.org/maven2/io/netty/netty-bom/4.1.39.Final/netty-bom-4.1.39.Final.pom
[INFO] Downloaded from central-only: https://repo.maven.apache.org/maven2/io/netty/netty-bom/4.1.39.Final/netty-bom-4.1.39.Final.pom (0 B at 0 B/s)
[INFO] Artifact io.projectreactor:reactor-bom:pom:Californium-SR12 is present in the local repository, but cached from a remote repository ID that is unavailable in current build context, verifying that is downloadable from [central-only (https://repo.maven.apache.org/maven2, default, releases+snapshots)]
[INFO] Artifact io.projectreactor:reactor-bom:pom:Californium-SR12 is present in the local repository, but cached from a remote repository ID that is unavailable in current build context, verifying that is downloadable from [central-only (https://repo.maven.apache.org/maven2, default, releases+snapshots)]
[INFO] Downloading from central-only: https://repo.maven.apache.org/maven2/io/projectreactor/reactor-bom/Californium-SR12/reactor-bom-Californium-SR12.pom
[INFO] Downloaded from central-only: https://repo.maven.apache.org/maven2/io/projectreactor/reactor-bom/Californium-SR12/reactor-bom-Californium-SR12.pom (0 B at 0 B/s)
[INFO] Artifact org.apache.logging.log4j:log4j-bom:pom:2.11.2 is present in the local repository, but cached from a remote repository ID that is unavailable in current build context, verifying that is downloadable from [central-only (https://repo.maven.apache.org/maven2, default, releases+snapshots)]
[INFO] Artifact org.apache.logging.log4j:log4j-bom:pom:2.11.2 is present in the local repository, but cached from a remote repository ID that is unavailable in current build context, verifying that is downloadable from [central-only (https://repo.maven.apache.org/maven2, default, releases+snapshots)]
[INFO] Downloading from central-only: https://repo.maven.apache.org/maven2/org/apache/logging/log4j/log4j-bom/2.11.2/log4j-bom-2.11.2.pom
[INFO] Downloaded from central-only: https://repo.maven.apache.org/maven2/org/apache/logging/log4j/log4j-bom/2.11.2/log4j-bom-2.11.2.pom (0 B at 0 B/s)
[INFO] Artifact org.eclipse.jetty:jetty-bom:pom:9.4.19.v20190610 is present in the local repository, but cached from a remote repository ID that is unavailable in current build context, verifying that is downloadable from [central-only (https://repo.maven.apache.org/maven2, default, releases+snapshots)]
[INFO] Artifact org.eclipse.jetty:jetty-bom:pom:9.4.19.v20190610 is present in the local repository, but cached from a remote repository ID that is unavailable in current build context, verifying that is downloadable from [central-only (https://repo.maven.apache.org/maven2, default, releases+snapshots)]
[INFO] Downloading from central-only: https://repo.maven.apache.org/maven2/org/eclipse/jetty/jetty-bom/9.4.19.v20190610/jetty-bom-9.4.19.v20190610.pom
[INFO] Downloaded from central-only: https://repo.maven.apache.org/maven2/org/eclipse/jetty/jetty-bom/9.4.19.v20190610/jetty-bom-9.4.19.v20190610.pom (0 B at 0 B/s)
[INFO] Artifact org.junit:junit-bom:pom:5.3.2 is present in the local repository, but cached from a remote repository ID that is unavailable in current build context, verifying that is downloadable from [central-only (https://repo.maven.apache.org/maven2, default, releases+snapshots)]
[INFO] Artifact org.junit:junit-bom:pom:5.3.2 is present in the local repository, but cached from a remote repository ID that is unavailable in current build context, verifying that is downloadable from [central-only (https://repo.maven.apache.org/maven2, default, releases+snapshots)]
[INFO] Downloading from central-only: https://repo.maven.apache.org/maven2/org/junit/junit-bom/5.3.2/junit-bom-5.3.2.pom
[INFO] Downloaded from central-only: https://repo.maven.apache.org/maven2/org/junit/junit-bom/5.3.2/junit-bom-5.3.2.pom (0 B at 0 B/s)
[INFO] Artifact org.springframework:spring-framework-bom:pom:5.1.10.RELEASE is present in the local repository, but cached from a remote repository ID that is unavailable in current build context, verifying that is downloadable from [central-only (https://repo.maven.apache.org/maven2, default, releases+snapshots)]
[INFO] Artifact org.springframework:spring-framework-bom:pom:5.1.10.RELEASE is present in the local repository, but cached from a remote repository ID that is unavailable in current build context, verifying that is downloadable from [central-only (https://repo.maven.apache.org/maven2, default, releases+snapshots)]
[INFO] Downloading from central-only: https://repo.maven.apache.org/maven2/org/springframework/spring-framework-bom/5.1.10.RELEASE/spring-framework-bom-5.1.10.RELEASE.pom
[INFO] Downloaded from central-only: https://repo.maven.apache.org/maven2/org/springframework/spring-framework-bom/5.1.10.RELEASE/spring-framework-bom-5.1.10.RELEASE.pom (0 B at 0 B/s)
[INFO] Artifact org.springframework.data:spring-data-releasetrain:pom:Lovelace-SR11 is present in the local repository, but cached from a remote repository ID that is unavailable in current build context, verifying that is downloadable from [central-only (https://repo.maven.apache.org/maven2, default, releases+snapshots)]
[INFO] Artifact org.springframework.data:spring-data-releasetrain:pom:Lovelace-SR11 is present in the local repository, but cached from a remote repository ID that is unavailable in current build context, verifying that is downloadable from [central-only (https://repo.maven.apache.org/maven2, default, releases+snapshots)]
[INFO] Downloading from central-only: https://repo.maven.apache.org/maven2/org/springframework/data/spring-data-releasetrain/Lovelace-SR11/spring-data-releasetrain-Lovelace-SR11.pom
[INFO] Downloaded from central-only: https://repo.maven.apache.org/maven2/org/springframework/data/spring-data-releasetrain/Lovelace-SR11/spring-data-releasetrain-Lovelace-SR11.pom (0 B at 0 B/s)
[INFO] Artifact org.springframework.data.build:spring-data-build:pom:2.1.11.RELEASE is present in the local repository, but cached from a remote repository ID that is unavailable in current build context, verifying that is downloadable from [central-only (https://repo.maven.apache.org/maven2, default, releases+snapshots)]
[INFO] Artifact org.springframework.data.build:spring-data-build:pom:2.1.11.RELEASE is present in the local repository, but cached from a remote repository ID that is unavailable in current build context, verifying that is downloadable from [central-only (https://repo.maven.apache.org/maven2, default, releases+snapshots)]
[INFO] Downloading from central-only: https://repo.maven.apache.org/maven2/org/springframework/data/build/spring-data-build/2.1.11.RELEASE/spring-data-build-2.1.11.RELEASE.pom
[INFO] Downloaded from central-only: https://repo.maven.apache.org/maven2/org/springframework/data/build/spring-data-build/2.1.11.RELEASE/spring-data-build-2.1.11.RELEASE.pom (0 B at 0 B/s)
[INFO] Artifact org.springframework.integration:spring-integration-bom:pom:5.1.8.RELEASE is present in the local repository, but cached from a remote repository ID that is unavailable in current build context, verifying that is downloadable from [central-only (https://repo.maven.apache.org/maven2, default, releases+snapshots)]
[INFO] Artifact org.springframework.integration:spring-integration-bom:pom:5.1.8.RELEASE is present in the local repository, but cached from a remote repository ID that is unavailable in current build context, verifying that is downloadable from [central-only (https://repo.maven.apache.org/maven2, default, releases+snapshots)]
[INFO] Downloading from central-only: https://repo.maven.apache.org/maven2/org/springframework/integration/spring-integration-bom/5.1.8.RELEASE/spring-integration-bom-5.1.8.RELEASE.pom
[INFO] Downloaded from central-only: https://repo.maven.apache.org/maven2/org/springframework/integration/spring-integration-bom/5.1.8.RELEASE/spring-integration-bom-5.1.8.RELEASE.pom (0 B at 0 B/s)
[INFO] Artifact org.springframework.security:spring-security-bom:pom:5.1.6.RELEASE is present in the local repository, but cached from a remote repository ID that is unavailable in current build context, verifying that is downloadable from [central-only (https://repo.maven.apache.org/maven2, default, releases+snapshots)]
[INFO] Artifact org.springframework.security:spring-security-bom:pom:5.1.6.RELEASE is present in the local repository, but cached from a remote repository ID that is unavailable in current build context, verifying that is downloadable from [central-only (https://repo.maven.apache.org/maven2, default, releases+snapshots)]
[INFO] Downloading from central-only: https://repo.maven.apache.org/maven2/org/springframework/security/spring-security-bom/5.1.6.RELEASE/spring-security-bom-5.1.6.RELEASE.pom
[INFO] Downloaded from central-only: https://repo.maven.apache.org/maven2/org/springframework/security/spring-security-bom/5.1.6.RELEASE/spring-security-bom-5.1.6.RELEASE.pom (0 B at 0 B/s)
[INFO] Artifact org.springframework.session:spring-session-bom:pom:Bean-SR8 is present in the local repository, but cached from a remote repository ID that is unavailable in current build context, verifying that is downloadable from [central-only (https://repo.maven.apache.org/maven2, default, releases+snapshots)]
[INFO] Artifact org.springframework.session:spring-session-bom:pom:Bean-SR8 is present in the local repository, but cached from a remote repository ID that is unavailable in current build context, verifying that is downloadable from [central-only (https://repo.maven.apache.org/maven2, default, releases+snapshots)]
[INFO] Downloading from central-only: https://repo.maven.apache.org/maven2/org/springframework/session/spring-session-bom/Bean-SR8/spring-session-bom-Bean-SR8.pom
[INFO] Downloaded from central-only: https://repo.maven.apache.org/maven2/org/springframework/session/spring-session-bom/Bean-SR8/spring-session-bom-Bean-SR8.pom (0 B at 0 B/s)
[INFO] Artifact org.mybatis.spring.boot:mybatis-spring-boot-autoconfigure:pom:2.1.1 is present in the local repository, but cached from a remote repository ID that is unavailable in current build context, verifying that is downloadable from [central-only (https://repo.maven.apache.org/maven2, default, releases+snapshots)]
[INFO] Artifact org.mybatis.spring.boot:mybatis-spring-boot-autoconfigure:pom:2.1.1 is present in the local repository, but cached from a remote repository ID that is unavailable in current build context, verifying that is downloadable from [central-only (https://repo.maven.apache.org/maven2, default, releases+snapshots)]
[INFO] Downloading from central-only: https://repo.maven.apache.org/maven2/org/mybatis/spring/boot/mybatis-spring-boot-autoconfigure/2.1.1/mybatis-spring-boot-autoconfigure-2.1.1.pom
[INFO] Downloaded from central-only: https://repo.maven.apache.org/maven2/org/mybatis/spring/boot/mybatis-spring-boot-autoconfigure/2.1.1/mybatis-spring-boot-autoconfigure-2.1.1.pom (0 B at 0 B/s)
[INFO] Artifact org.mybatis:mybatis:pom:3.5.3 is present in the local repository, but cached from a remote repository ID that is unavailable in current build context, verifying that is downloadable from [central-only (https://repo.maven.apache.org/maven2, default, releases+snapshots)]
[INFO] Artifact org.mybatis:mybatis:pom:3.5.3 is present in the local repository, but cached from a remote repository ID that is unavailable in current build context, verifying that is downloadable from [central-only (https://repo.maven.apache.org/maven2, default, releases+snapshots)]
[INFO] Downloading from central-only: https://repo.maven.apache.org/maven2/org/mybatis/mybatis/3.5.3/mybatis-3.5.3.pom
[INFO] Downloaded from central-only: https://repo.maven.apache.org/maven2/org/mybatis/mybatis/3.5.3/mybatis-3.5.3.pom (0 B at 0 B/s)
[INFO] Downloading from central-only: https://repo.maven.apache.org/maven2/org/mybatis/mybatis-spring/2.0.3/mybatis-spring-2.0.3.pom
[INFO] Downloaded from central-only: https://repo.maven.apache.org/maven2/org/mybatis/mybatis-spring/2.0.3/mybatis-spring-2.0.3.pom (11 kB at 12 kB/s)
[INFO] Downloading from central-only: https://repo.maven.apache.org/maven2/com/github/pagehelper/pagehelper-spring-boot-autoconfigure/1.2.13/pagehelper-spring-boot-autoconfigure-1.2.13.pom
[INFO] Downloaded from central-only: https://repo.maven.apache.org/maven2/com/github/pagehelper/pagehelper-spring-boot-autoconfigure/1.2.13/pagehelper-spring-boot-autoconfigure-1.2.13.pom (3.0 kB at 6.7 kB/s)
[INFO] Downloading from central-only: https://repo.maven.apache.org/maven2/com/github/pagehelper/pagehelper/5.1.11/pagehelper-5.1.11.pom
[INFO] Downloaded from central-only: https://repo.maven.apache.org/maven2/com/github/pagehelper/pagehelper/5.1.11/pagehelper-5.1.11.pom (10 kB at 26 kB/s)
[INFO] Downloading from central-only: https://repo.maven.apache.org/maven2/com/github/jsqlparser/jsqlparser/2.0/jsqlparser-2.0.pom
[INFO] Downloaded from central-only: https://repo.maven.apache.org/maven2/com/github/jsqlparser/jsqlparser/2.0/jsqlparser-2.0.pom (18 kB at 64 kB/s)
[INFO] Downloading from central-only: https://repo.maven.apache.org/maven2/com/sun/mail/javax.mail/1.6.2/javax.mail-1.6.2.pom
[INFO] Downloaded from central-only: https://repo.maven.apache.org/maven2/com/sun/mail/javax.mail/1.6.2/javax.mail-1.6.2.pom (7.0 kB at 26 kB/s)
[INFO] Downloading from central-only: https://repo.maven.apache.org/maven2/com/sun/mail/all/1.6.2/all-1.6.2.pom
[INFO] Downloaded from central-only: https://repo.maven.apache.org/maven2/com/sun/mail/all/1.6.2/all-1.6.2.pom (23 kB at 57 kB/s)
[INFO] Downloading from central-only: https://repo.maven.apache.org/maven2/net/java/jvnet-parent/1/jvnet-parent-1.pom
[INFO] Downloaded from central-only: https://repo.maven.apache.org/maven2/net/java/jvnet-parent/1/jvnet-parent-1.pom (4.7 kB at 15 kB/s)
[INFO] Downloading from central-only: https://repo.maven.apache.org/maven2/javax/activation/activation/1.1/activation-1.1.pom
[INFO] Downloaded from central-only: https://repo.maven.apache.org/maven2/javax/activation/activation/1.1/activation-1.1.pom (1.1 kB at 3.5 kB/s)
[WARNING] The artifact mysql:mysql-connector-java:jar:8.0.33 has been relocated to com.mysql:mysql-connector-j:jar:8.0.33: MySQL Connector/J artifacts moved to reverse-DNS compliant Maven 2+ coordinates.
[WARNING] The artifact org.apache.commons:commons-io:jar:1.3.2 has been relocated to commons-io:commons-io:jar:1.3.2: https://issues.sonatype.org/browse/MVNCENTRAL-244
[INFO] Downloading from central-only: https://repo.maven.apache.org/maven2/com/gitee/starblues/springboot-plugin-framework/2.2.1-RELEASE/springboot-plugin-framework-2.2.1-RELEASE.jar
[INFO] Downloaded from central-only: https://repo.maven.apache.org/maven2/com/gitee/starblues/springboot-plugin-framework/2.2.1-RELEASE/springboot-plugin-framework-2.2.1-RELEASE.jar (128 kB at 194 kB/s)
[INFO] Downloading from central-only: https://repo.maven.apache.org/maven2/org/pf4j/pf4j/3.1.0/pf4j-3.1.0.jar
[INFO] Downloading from central-only: https://repo.maven.apache.org/maven2/com/github/zafarkhaja/java-semver/0.9.0/java-semver-0.9.0.jar
[INFO] Downloading from central-only: https://repo.maven.apache.org/maven2/com/fasterxml/jackson/core/jackson-databind/2.9.4/jackson-databind-2.9.4.jar
[INFO] Downloading from central-only: https://repo.maven.apache.org/maven2/com/fasterxml/jackson/core/jackson-annotations/2.9.0/jackson-annotations-2.9.0.jar
[INFO] Downloading from central-only: https://repo.maven.apache.org/maven2/com/fasterxml/jackson/core/jackson-core/2.9.4/jackson-core-2.9.4.jar
[INFO] Downloaded from central-only: https://repo.maven.apache.org/maven2/org/pf4j/pf4j/3.1.0/pf4j-3.1.0.jar (117 kB at 281 kB/s)
[INFO] Downloading from central-only: https://repo.maven.apache.org/maven2/com/fasterxml/jackson/dataformat/jackson-dataformat-yaml/2.9.4/jackson-dataformat-yaml-2.9.4.jar
[INFO] Downloaded from central-only: https://repo.maven.apache.org/maven2/com/fasterxml/jackson/dataformat/jackson-dataformat-yaml/2.9.4/jackson-dataformat-yaml-2.9.4.jar (41 kB at 39 kB/s)
[INFO] Downloading from central-only: https://repo.maven.apache.org/maven2/org/yaml/snakeyaml/1.19/snakeyaml-1.19.jar
[INFO] Downloaded from central-only: https://repo.maven.apache.org/maven2/com/fasterxml/jackson/core/jackson-annotations/2.9.0/jackson-annotations-2.9.0.jar (67 kB at 52 kB/s)
[INFO] Downloading from central-only: https://repo.maven.apache.org/maven2/com/gitee/starblues/springboot-plugin-framework-extension-mybatis/2.2.1-RELEASE/springboot-plugin-framework-extension-mybatis-2.2.1-RELEASE.jar
[INFO] Downloaded from central-only: https://repo.maven.apache.org/maven2/com/github/zafarkhaja/java-semver/0.9.0/java-semver-0.9.0.jar (47 kB at 34 kB/s)
[INFO] Downloading from central-only: https://repo.maven.apache.org/maven2/org/springframework/boot/spring-boot-starter-web/2.0.0.RELEASE/spring-boot-starter-web-2.0.0.RELEASE.jar
[INFO] Downloaded from central-only: https://repo.maven.apache.org/maven2/org/springframework/boot/spring-boot-starter-web/2.0.0.RELEASE/spring-boot-starter-web-2.0.0.RELEASE.jar (588 B at 347 B/s)
[INFO] Downloading from central-only: https://repo.maven.apache.org/maven2/org/springframework/boot/spring-boot-starter/2.0.0.RELEASE/spring-boot-starter-2.0.0.RELEASE.jar
[INFO] Downloaded from central-only: https://repo.maven.apache.org/maven2/com/fasterxml/jackson/core/jackson-core/2.9.4/jackson-core-2.9.4.jar (321 kB at 181 kB/s)
[INFO] Downloading from central-only: https://repo.maven.apache.org/maven2/org/springframework/boot/spring-boot/2.0.0.RELEASE/spring-boot-2.0.0.RELEASE.jar
[INFO] Downloaded from central-only: https://repo.maven.apache.org/maven2/org/yaml/snakeyaml/1.19/snakeyaml-1.19.jar (298 kB at 158 kB/s)
[INFO] Downloading from central-only: https://repo.maven.apache.org/maven2/org/springframework/boot/spring-boot-starter-logging/2.0.0.RELEASE/spring-boot-starter-logging-2.0.0.RELEASE.jar
[INFO] Downloaded from central-only: https://repo.maven.apache.org/maven2/org/springframework/boot/spring-boot-starter/2.0.0.RELEASE/spring-boot-starter-2.0.0.RELEASE.jar (592 B at 295 B/s)
[INFO] Downloading from central-only: https://repo.maven.apache.org/maven2/ch/qos/logback/logback-classic/1.2.3/logback-classic-1.2.3.jar
[INFO] Downloaded from central-only: https://repo.maven.apache.org/maven2/com/gitee/starblues/springboot-plugin-framework-extension-mybatis/2.2.1-RELEASE/springboot-plugin-framework-extension-mybatis-2.2.1-RELEASE.jar (29 kB at 14 kB/s)
[INFO] Downloading from central-only: https://repo.maven.apache.org/maven2/ch/qos/logback/logback-core/1.2.3/logback-core-1.2.3.jar
[INFO] Downloaded from central-only: https://repo.maven.apache.org/maven2/org/springframework/boot/spring-boot-starter-logging/2.0.0.RELEASE/spring-boot-starter-logging-2.0.0.RELEASE.jar (613 B at 280 B/s)
[INFO] Downloading from central-only: https://repo.maven.apache.org/maven2/javax/annotation/javax.annotation-api/1.3.2/javax.annotation-api-1.3.2.jar
[INFO] Downloaded from central-only: https://repo.maven.apache.org/maven2/com/fasterxml/jackson/core/jackson-databind/2.9.4/jackson-databind-2.9.4.jar (1.3 MB at 609 kB/s)
[INFO] Downloading from central-only: https://repo.maven.apache.org/maven2/org/springframework/boot/spring-boot-starter-json/2.0.0.RELEASE/spring-boot-starter-json-2.0.0.RELEASE.jar
[INFO] Downloaded from central-only: https://repo.maven.apache.org/maven2/org/springframework/boot/spring-boot-starter-json/2.0.0.RELEASE/spring-boot-starter-json-2.0.0.RELEASE.jar (645 B at 259 B/s)
[INFO] Downloading from central-only: https://repo.maven.apache.org/maven2/com/fasterxml/jackson/datatype/jackson-datatype-jdk8/2.9.4/jackson-datatype-jdk8-2.9.4.jar
[INFO] Downloaded from central-only: https://repo.maven.apache.org/maven2/javax/annotation/javax.annotation-api/1.3.2/javax.annotation-api-1.3.2.jar (27 kB at 10 kB/s)
[INFO] Downloading from central-only: https://repo.maven.apache.org/maven2/com/fasterxml/jackson/datatype/jackson-datatype-jsr310/2.9.4/jackson-datatype-jsr310-2.9.4.jar
[INFO] Downloaded from central-only: https://repo.maven.apache.org/maven2/ch/qos/logback/logback-classic/1.2.3/logback-classic-1.2.3.jar (290 kB at 112 kB/s)
[INFO] Downloading from central-only: https://repo.maven.apache.org/maven2/com/fasterxml/jackson/module/jackson-module-parameter-names/2.9.4/jackson-module-parameter-names-2.9.4.jar
[INFO] Downloaded from central-only: https://repo.maven.apache.org/maven2/org/springframework/boot/spring-boot/2.0.0.RELEASE/spring-boot-2.0.0.RELEASE.jar (922 kB at 351 kB/s)
[INFO] Downloading from central-only: https://repo.maven.apache.org/maven2/org/springframework/boot/spring-boot-starter-tomcat/2.0.0.RELEASE/spring-boot-starter-tomcat-2.0.0.RELEASE.jar
[INFO] Downloaded from central-only: https://repo.maven.apache.org/maven2/org/springframework/boot/spring-boot-starter-tomcat/2.0.0.RELEASE/spring-boot-starter-tomcat-2.0.0.RELEASE.jar (590 B at 192 B/s)
[INFO] Downloading from central-only: https://repo.maven.apache.org/maven2/org/apache/tomcat/embed/tomcat-embed-core/8.5.28/tomcat-embed-core-8.5.28.jar
[INFO] Downloaded from central-only: https://repo.maven.apache.org/maven2/ch/qos/logback/logback-core/1.2.3/logback-core-1.2.3.jar (472 kB at 154 kB/s)
[INFO] Downloading from central-only: https://repo.maven.apache.org/maven2/org/apache/tomcat/embed/tomcat-embed-el/8.5.28/tomcat-embed-el-8.5.28.jar
[INFO] Downloaded from central-only: https://repo.maven.apache.org/maven2/com/fasterxml/jackson/datatype/jackson-datatype-jsr310/2.9.4/jackson-datatype-jsr310-2.9.4.jar (98 kB at 31 kB/s)
[INFO] Downloading from central-only: https://repo.maven.apache.org/maven2/org/apache/tomcat/embed/tomcat-embed-websocket/8.5.28/tomcat-embed-websocket-8.5.28.jar
[INFO] Downloaded from central-only: https://repo.maven.apache.org/maven2/com/fasterxml/jackson/datatype/jackson-datatype-jdk8/2.9.4/jackson-datatype-jdk8-2.9.4.jar (33 kB at 11 kB/s)
[INFO] Downloading from central-only: https://repo.maven.apache.org/maven2/org/hibernate/validator/hibernate-validator/6.0.7.Final/hibernate-validator-6.0.7.Final.jar
[INFO] Downloaded from central-only: https://repo.maven.apache.org/maven2/com/fasterxml/jackson/module/jackson-module-parameter-names/2.9.4/jackson-module-parameter-names-2.9.4.jar (8.6 kB at 2.6 kB/s)
[INFO] Downloading from central-only: https://repo.maven.apache.org/maven2/javax/validation/validation-api/2.0.1.Final/validation-api-2.0.1.Final.jar
[INFO] Downloaded from central-only: https://repo.maven.apache.org/maven2/org/apache/tomcat/embed/tomcat-embed-el/8.5.28/tomcat-embed-el-8.5.28.jar (240 kB at 71 kB/s)
[INFO] Downloading from central-only: https://repo.maven.apache.org/maven2/org/jboss/logging/jboss-logging/3.3.2.Final/jboss-logging-3.3.2.Final.jar
[INFO] Downloaded from central-only: https://repo.maven.apache.org/maven2/org/apache/tomcat/embed/tomcat-embed-websocket/8.5.28/tomcat-embed-websocket-8.5.28.jar (257 kB at 73 kB/s)
[INFO] Downloading from central-only: https://repo.maven.apache.org/maven2/org/springframework/spring-web/5.0.4.RELEASE/spring-web-5.0.4.RELEASE.jar
[INFO] Downloaded from central-only: https://repo.maven.apache.org/maven2/javax/validation/validation-api/2.0.1.Final/validation-api-2.0.1.Final.jar (93 kB at 26 kB/s)
[INFO] Downloading from central-only: https://repo.maven.apache.org/maven2/org/springframework/spring-beans/5.0.4.RELEASE/spring-beans-5.0.4.RELEASE.jar
[INFO] Downloaded from central-only: https://repo.maven.apache.org/maven2/org/jboss/logging/jboss-logging/3.3.2.Final/jboss-logging-3.3.2.Final.jar (66 kB at 18 kB/s)
[INFO] Downloading from central-only: https://repo.maven.apache.org/maven2/org/springframework/spring-webmvc/5.0.4.RELEASE/spring-webmvc-5.0.4.RELEASE.jar
[INFO] Downloaded from central-only: https://repo.maven.apache.org/maven2/org/hibernate/validator/hibernate-validator/6.0.7.Final/hibernate-validator-6.0.7.Final.jar (1.1 MB at 283 kB/s)
[INFO] Downloading from central-only: https://repo.maven.apache.org/maven2/org/springframework/spring-aop/5.0.4.RELEASE/spring-aop-5.0.4.RELEASE.jar
[INFO] Downloaded from central-only: https://repo.maven.apache.org/maven2/org/springframework/spring-beans/5.0.4.RELEASE/spring-beans-5.0.4.RELEASE.jar (654 kB at 164 kB/s)
[INFO] Downloading from central-only: https://repo.maven.apache.org/maven2/org/springframework/spring-context/5.0.4.RELEASE/spring-context-5.0.4.RELEASE.jar
[INFO] Downloaded from central-only: https://repo.maven.apache.org/maven2/org/springframework/spring-webmvc/5.0.4.RELEASE/spring-webmvc-5.0.4.RELEASE.jar (782 kB at 189 kB/s)
[INFO] Downloading from central-only: https://repo.maven.apache.org/maven2/org/springframework/spring-expression/5.0.4.RELEASE/spring-expression-5.0.4.RELEASE.jar
[INFO] Downloaded from central-only: https://repo.maven.apache.org/maven2/org/apache/tomcat/embed/tomcat-embed-core/8.5.28/tomcat-embed-core-8.5.28.jar (3.1 MB at 740 kB/s)
[INFO] Downloading from central-only: https://repo.maven.apache.org/maven2/org/springframework/boot/spring-boot-starter-test/2.0.0.RELEASE/spring-boot-starter-test-2.0.0.RELEASE.jar
[INFO] Downloaded from central-only: https://repo.maven.apache.org/maven2/org/springframework/spring-aop/5.0.4.RELEASE/spring-aop-5.0.4.RELEASE.jar (360 kB at 84 kB/s)
[INFO] Downloading from central-only: https://repo.maven.apache.org/maven2/org/springframework/boot/spring-boot-test/2.0.0.RELEASE/spring-boot-test-2.0.0.RELEASE.jar
[INFO] Downloaded from central-only: https://repo.maven.apache.org/maven2/org/springframework/spring-web/5.0.4.RELEASE/spring-web-5.0.4.RELEASE.jar (1.2 MB at 291 kB/s)
[INFO] Downloading from central-only: https://repo.maven.apache.org/maven2/org/springframework/boot/spring-boot-test-autoconfigure/2.0.0.RELEASE/spring-boot-test-autoconfigure-2.0.0.RELEASE.jar
[INFO] Downloaded from central-only: https://repo.maven.apache.org/maven2/org/springframework/spring-context/5.0.4.RELEASE/spring-context-5.0.4.RELEASE.jar (1.1 MB at 241 kB/s)
[INFO] Downloading from central-only: https://repo.maven.apache.org/maven2/com/jayway/jsonpath/json-path/2.4.0/json-path-2.4.0.jar
[INFO] Downloaded from central-only: https://repo.maven.apache.org/maven2/org/springframework/spring-expression/5.0.4.RELEASE/spring-expression-5.0.4.RELEASE.jar (263 kB at 59 kB/s)
[INFO] Downloading from central-only: https://repo.maven.apache.org/maven2/net/minidev/json-smart/2.3/json-smart-2.3.jar
[INFO] Downloaded from central-only: https://repo.maven.apache.org/maven2/org/springframework/boot/spring-boot-starter-test/2.0.0.RELEASE/spring-boot-starter-test-2.0.0.RELEASE.jar (637 B at 140 B/s)
[INFO] Downloading from central-only: https://repo.maven.apache.org/maven2/net/minidev/accessors-smart/1.2/accessors-smart-1.2.jar
[INFO] Downloaded from central-only: https://repo.maven.apache.org/maven2/org/springframework/boot/spring-boot-test/2.0.0.RELEASE/spring-boot-test-2.0.0.RELEASE.jar (195 kB at 43 kB/s)
[INFO] Downloading from central-only: https://repo.maven.apache.org/maven2/org/ow2/asm/asm/5.0.4/asm-5.0.4.jar
[INFO] Downloaded from central-only: https://repo.maven.apache.org/maven2/org/springframework/boot/spring-boot-test-autoconfigure/2.0.0.RELEASE/spring-boot-test-autoconfigure-2.0.0.RELEASE.jar (156 kB at 34 kB/s)
[INFO] Downloading from central-only: https://repo.maven.apache.org/maven2/junit/junit/4.12/junit-4.12.jar
[INFO] Downloaded from central-only: https://repo.maven.apache.org/maven2/com/jayway/jsonpath/json-path/2.4.0/json-path-2.4.0.jar (223 kB at 47 kB/s)
[INFO] Downloading from central-only: https://repo.maven.apache.org/maven2/org/assertj/assertj-core/3.9.1/assertj-core-3.9.1.jar
[INFO] Downloaded from central-only: https://repo.maven.apache.org/maven2/net/minidev/json-smart/2.3/json-smart-2.3.jar (120 kB at 25 kB/s)
[INFO] Downloading from central-only: https://repo.maven.apache.org/maven2/org/mockito/mockito-core/2.15.0/mockito-core-2.15.0.jar
[INFO] Downloaded from central-only: https://repo.maven.apache.org/maven2/org/ow2/asm/asm/5.0.4/asm-5.0.4.jar (53 kB at 11 kB/s)
[INFO] Downloading from central-only: https://repo.maven.apache.org/maven2/net/bytebuddy/byte-buddy/1.7.10/byte-buddy-1.7.10.jar
[INFO] Downloaded from central-only: https://repo.maven.apache.org/maven2/junit/junit/4.12/junit-4.12.jar (315 kB at 64 kB/s)
[INFO] Downloading from central-only: https://repo.maven.apache.org/maven2/net/bytebuddy/byte-buddy-agent/1.7.10/byte-buddy-agent-1.7.10.jar
[INFO] Downloaded from central-only: https://repo.maven.apache.org/maven2/net/minidev/accessors-smart/1.2/accessors-smart-1.2.jar (30 kB at 6.0 kB/s)
[INFO] Downloading from central-only: https://repo.maven.apache.org/maven2/org/objenesis/objenesis/2.6/objenesis-2.6.jar
[INFO] Downloaded from central-only: https://repo.maven.apache.org/maven2/org/mockito/mockito-core/2.15.0/mockito-core-2.15.0.jar (542 kB at 104 kB/s)
[INFO] Downloading from central-only: https://repo.maven.apache.org/maven2/org/hamcrest/hamcrest-core/1.3/hamcrest-core-1.3.jar
[INFO] Downloaded from central-only: https://repo.maven.apache.org/maven2/org/objenesis/objenesis/2.6/objenesis-2.6.jar (56 kB at 11 kB/s)
[INFO] Downloading from central-only: https://repo.maven.apache.org/maven2/org/hamcrest/hamcrest-library/1.3/hamcrest-library-1.3.jar
[INFO] Downloaded from central-only: https://repo.maven.apache.org/maven2/org/assertj/assertj-core/3.9.1/assertj-core-3.9.1.jar (3.9 MB at 738 kB/s)
[INFO] Downloading from central-only: https://repo.maven.apache.org/maven2/org/skyscreamer/jsonassert/1.5.0/jsonassert-1.5.0.jar
[INFO] Downloaded from central-only: https://repo.maven.apache.org/maven2/net/bytebuddy/byte-buddy-agent/1.7.10/byte-buddy-agent-1.7.10.jar (43 kB at 8.0 kB/s)
[INFO] Downloading from central-only: https://repo.maven.apache.org/maven2/com/vaadin/external/google/android-json/0.0.20131108.vaadin1/android-json-0.0.20131108.vaadin1.jar
[INFO] Downloaded from central-only: https://repo.maven.apache.org/maven2/org/hamcrest/hamcrest-library/1.3/hamcrest-library-1.3.jar (53 kB at 9.1 kB/s)
[INFO] Downloading from central-only: https://repo.maven.apache.org/maven2/org/springframework/spring-core/5.0.4.RELEASE/spring-core-5.0.4.RELEASE.jar
[INFO] Downloaded from central-only: https://repo.maven.apache.org/maven2/net/bytebuddy/byte-buddy/1.7.10/byte-buddy-1.7.10.jar (2.9 MB at 495 kB/s)
[INFO] Downloading from central-only: https://repo.maven.apache.org/maven2/org/springframework/spring-jcl/5.0.4.RELEASE/spring-jcl-5.0.4.RELEASE.jar
[INFO] Downloaded from central-only: https://repo.maven.apache.org/maven2/com/vaadin/external/google/android-json/0.0.20131108.vaadin1/android-json-0.0.20131108.vaadin1.jar (18 kB at 3.1 kB/s)
[INFO] Downloading from central-only: https://repo.maven.apache.org/maven2/org/springframework/spring-test/5.0.4.RELEASE/spring-test-5.0.4.RELEASE.jar
[INFO] Downloaded from central-only: https://repo.maven.apache.org/maven2/org/skyscreamer/jsonassert/1.5.0/jsonassert-1.5.0.jar (30 kB at 5.0 kB/s)
[INFO] Downloading from central-only: https://repo.maven.apache.org/maven2/org/xmlunit/xmlunit-core/2.5.1/xmlunit-core-2.5.1.jar
[INFO] Downloaded from central-only: https://repo.maven.apache.org/maven2/org/hamcrest/hamcrest-core/1.3/hamcrest-core-1.3.jar (45 kB at 7.3 kB/s)
[INFO] Downloading from central-only: https://repo.maven.apache.org/maven2/com/alibaba/fastjson/1.2.83/fastjson-1.2.83.jar
[INFO] Downloaded from central-only: https://repo.maven.apache.org/maven2/org/springframework/spring-test/5.0.4.RELEASE/spring-test-5.0.4.RELEASE.jar (590 kB at 94 kB/s)
[INFO] Downloading from central-only: https://repo.maven.apache.org/maven2/com/mysql/mysql-connector-j/8.0.33/mysql-connector-j-8.0.33.jar
[INFO] Downloaded from central-only: https://repo.maven.apache.org/maven2/org/springframework/spring-core/5.0.4.RELEASE/spring-core-5.0.4.RELEASE.jar (1.2 MB at 193 kB/s)
[INFO] Downloading from central-only: https://repo.maven.apache.org/maven2/com/google/protobuf/protobuf-java/3.21.9/protobuf-java-3.21.9.jar
[INFO] Downloaded from central-only: https://repo.maven.apache.org/maven2/org/springframework/spring-jcl/5.0.4.RELEASE/spring-jcl-5.0.4.RELEASE.jar (16 kB at 2.5 kB/s)
[INFO] Downloading from central-only: https://repo.maven.apache.org/maven2/org/apache/httpcomponents/httpclient/4.5.2/httpclient-4.5.2.jar
[INFO] Downloaded from central-only: https://repo.maven.apache.org/maven2/org/xmlunit/xmlunit-core/2.5.1/xmlunit-core-2.5.1.jar (157 kB at 24 kB/s)
[INFO] Downloading from central-only: https://repo.maven.apache.org/maven2/org/apache/httpcomponents/httpcore/4.4.9/httpcore-4.4.9.jar
[INFO] Downloaded from central-only: https://repo.maven.apache.org/maven2/com/alibaba/fastjson/1.2.83/fastjson-1.2.83.jar (672 kB at 103 kB/s)
[INFO] Downloading from central-only: https://repo.maven.apache.org/maven2/commons-codec/commons-codec/1.11/commons-codec-1.11.jar
[INFO] Downloaded from central-only: https://repo.maven.apache.org/maven2/com/mysql/mysql-connector-j/8.0.33/mysql-connector-j-8.0.33.jar (2.5 MB at 376 kB/s)
[INFO] Downloading from central-only: https://repo.maven.apache.org/maven2/net/sourceforge/jexcelapi/jxl/2.6.12/jxl-2.6.12.jar
[INFO] Downloaded from central-only: https://repo.maven.apache.org/maven2/org/apache/httpcomponents/httpcore/4.4.9/httpcore-4.4.9.jar (326 kB at 48 kB/s)
[INFO] Downloading from central-only: https://repo.maven.apache.org/maven2/log4j/log4j/1.2.14/log4j-1.2.14.jar
[INFO] Downloaded from central-only: https://repo.maven.apache.org/maven2/org/apache/httpcomponents/httpclient/4.5.2/httpclient-4.5.2.jar (737 kB at 109 kB/s)
[INFO] Downloading from central-only: https://repo.maven.apache.org/maven2/org/projectlombok/lombok/1.18.12/lombok-1.18.12.jar
[INFO] Downloaded from central-only: https://repo.maven.apache.org/maven2/com/google/protobuf/protobuf-java/3.21.9/protobuf-java-3.21.9.jar (1.7 MB at 246 kB/s)
[INFO] Downloading from central-only: https://repo.maven.apache.org/maven2/org/apache/logging/log4j/log4j-to-slf4j/2.15.0/log4j-to-slf4j-2.15.0.jar
[INFO] Downloaded from central-only: https://repo.maven.apache.org/maven2/commons-codec/commons-codec/1.11/commons-codec-1.11.jar (335 kB at 49 kB/s)
[INFO] Downloading from central-only: https://repo.maven.apache.org/maven2/org/slf4j/slf4j-api/1.7.25/slf4j-api-1.7.25.jar
[INFO] Downloaded from central-only: https://repo.maven.apache.org/maven2/net/sourceforge/jexcelapi/jxl/2.6.12/jxl-2.6.12.jar (726 kB at 105 kB/s)
[INFO] Downloading from central-only: https://repo.maven.apache.org/maven2/org/apache/logging/log4j/log4j-api/2.10.0/log4j-api-2.10.0.jar
[INFO] Downloaded from central-only: https://repo.maven.apache.org/maven2/log4j/log4j/1.2.14/log4j-1.2.14.jar (367 kB at 52 kB/s)
[INFO] Downloading from central-only: https://repo.maven.apache.org/maven2/org/slf4j/jul-to-slf4j/1.7.25/jul-to-slf4j-1.7.25.jar
[INFO] Downloaded from central-only: https://repo.maven.apache.org/maven2/org/apache/logging/log4j/log4j-to-slf4j/2.15.0/log4j-to-slf4j-2.15.0.jar (18 kB at 2.5 kB/s)
[INFO] Downloading from central-only: https://repo.maven.apache.org/maven2/com/baomidou/mybatis-plus-boot-starter/3.0.7.1/mybatis-plus-boot-starter-3.0.7.1.jar
[INFO] Downloaded from central-only: https://repo.maven.apache.org/maven2/org/apache/logging/log4j/log4j-api/2.10.0/log4j-api-2.10.0.jar (255 kB at 35 kB/s)
[INFO] Downloading from central-only: https://repo.maven.apache.org/maven2/com/baomidou/mybatis-plus/3.0.7.1/mybatis-plus-3.0.7.1.jar
[INFO] Downloaded from central-only: https://repo.maven.apache.org/maven2/org/slf4j/slf4j-api/1.7.25/slf4j-api-1.7.25.jar (41 kB at 5.6 kB/s)
[INFO] Downloading from central-only: https://repo.maven.apache.org/maven2/com/baomidou/mybatis-plus-extension/3.0.7.1/mybatis-plus-extension-3.0.7.1.jar
[INFO] Downloaded from central-only: https://repo.maven.apache.org/maven2/org/slf4j/jul-to-slf4j/1.7.25/jul-to-slf4j-1.7.25.jar (4.6 kB at 624 B/s)
[INFO] Downloading from central-only: https://repo.maven.apache.org/maven2/com/baomidou/mybatis-plus-core/3.0.7.1/mybatis-plus-core-3.0.7.1.jar
[INFO] Downloaded from central-only: https://repo.maven.apache.org/maven2/org/projectlombok/lombok/1.18.12/lombok-1.18.12.jar (1.8 MB at 242 kB/s)
[INFO] Downloading from central-only: https://repo.maven.apache.org/maven2/com/baomidou/mybatis-plus-annotation/3.0.7.1/mybatis-plus-annotation-3.0.7.1.jar
[INFO] Downloaded from central-only: https://repo.maven.apache.org/maven2/com/baomidou/mybatis-plus/3.0.7.1/mybatis-plus-3.0.7.1.jar (284 B at 37 B/s)
[INFO] Downloading from central-only: https://repo.maven.apache.org/maven2/org/springframework/boot/spring-boot-autoconfigure/2.0.0.RELEASE/spring-boot-autoconfigure-2.0.0.RELEASE.jar
[INFO] Downloaded from central-only: https://repo.maven.apache.org/maven2/com/baomidou/mybatis-plus-boot-starter/3.0.7.1/mybatis-plus-boot-starter-3.0.7.1.jar (15 kB at 2.0 kB/s)
[INFO] Downloading from central-only: https://repo.maven.apache.org/maven2/org/springframework/boot/spring-boot-starter-jdbc/2.0.0.RELEASE/spring-boot-starter-jdbc-2.0.0.RELEASE.jar
[INFO] Downloaded from central-only: https://repo.maven.apache.org/maven2/com/baomidou/mybatis-plus-extension/3.0.7.1/mybatis-plus-extension-3.0.7.1.jar (166 kB at 22 kB/s)
[INFO] Downloading from central-only: https://repo.maven.apache.org/maven2/com/zaxxer/HikariCP/2.7.8/HikariCP-2.7.8.jar
[INFO] Downloaded from central-only: https://repo.maven.apache.org/maven2/com/baomidou/mybatis-plus-core/3.0.7.1/mybatis-plus-core-3.0.7.1.jar (223 kB at 29 kB/s)
[INFO] Downloading from central-only: https://repo.maven.apache.org/maven2/org/springframework/spring-jdbc/5.0.4.RELEASE/spring-jdbc-5.0.4.RELEASE.jar
[INFO] Downloaded from central-only: https://repo.maven.apache.org/maven2/com/baomidou/mybatis-plus-annotation/3.0.7.1/mybatis-plus-annotation-3.0.7.1.jar (9.8 kB at 1.3 kB/s)
[INFO] Downloading from central-only: https://repo.maven.apache.org/maven2/org/springframework/boot/spring-boot-starter-redis/1.4.1.RELEASE/spring-boot-starter-redis-1.4.1.RELEASE.jar
[INFO] Downloaded from central-only: https://repo.maven.apache.org/maven2/org/springframework/boot/spring-boot-autoconfigure/2.0.0.RELEASE/spring-boot-autoconfigure-2.0.0.RELEASE.jar (1.1 MB at 147 kB/s)
[INFO] Downloading from central-only: https://repo.maven.apache.org/maven2/org/springframework/data/spring-data-redis/2.0.5.RELEASE/spring-data-redis-2.0.5.RELEASE.jar
[INFO] Downloaded from central-only: https://repo.maven.apache.org/maven2/org/springframework/boot/spring-boot-starter-jdbc/2.0.0.RELEASE/spring-boot-starter-jdbc-2.0.0.RELEASE.jar (598 B at 76 B/s)
[INFO] Downloading from central-only: https://repo.maven.apache.org/maven2/org/springframework/data/spring-data-keyvalue/2.0.5.RELEASE/spring-data-keyvalue-2.0.5.RELEASE.jar
[INFO] Downloaded from central-only: https://repo.maven.apache.org/maven2/com/zaxxer/HikariCP/2.7.8/HikariCP-2.7.8.jar (141 kB at 18 kB/s)
[INFO] Downloading from central-only: https://repo.maven.apache.org/maven2/org/springframework/data/spring-data-commons/2.0.5.RELEASE/spring-data-commons-2.0.5.RELEASE.jar
[INFO] Downloaded from central-only: https://repo.maven.apache.org/maven2/org/springframework/spring-jdbc/5.0.4.RELEASE/spring-jdbc-5.0.4.RELEASE.jar (392 kB at 49 kB/s)
[INFO] Downloading from central-only: https://repo.maven.apache.org/maven2/org/springframework/spring-tx/5.0.4.RELEASE/spring-tx-5.0.4.RELEASE.jar
[INFO] Downloaded from central-only: https://repo.maven.apache.org/maven2/org/springframework/boot/spring-boot-starter-redis/1.4.1.RELEASE/spring-boot-starter-redis-1.4.1.RELEASE.jar (4.2 kB at 524 B/s)
[INFO] Downloading from central-only: https://repo.maven.apache.org/maven2/org/springframework/spring-oxm/5.0.4.RELEASE/spring-oxm-5.0.4.RELEASE.jar
[INFO] Downloaded from central-only: https://repo.maven.apache.org/maven2/org/springframework/data/spring-data-keyvalue/2.0.5.RELEASE/spring-data-keyvalue-2.0.5.RELEASE.jar (105 kB at 13 kB/s)
[INFO] Downloading from central-only: https://repo.maven.apache.org/maven2/org/springframework/spring-context-support/5.0.4.RELEASE/spring-context-support-5.0.4.RELEASE.jar
[INFO] Downloaded from central-only: https://repo.maven.apache.org/maven2/org/springframework/data/spring-data-redis/2.0.5.RELEASE/spring-data-redis-2.0.5.RELEASE.jar (1.3 MB at 162 kB/s)
[INFO] Downloading from central-only: https://repo.maven.apache.org/maven2/redis/clients/jedis/2.9.0/jedis-2.9.0.jar
[INFO] Downloaded from central-only: https://repo.maven.apache.org/maven2/org/springframework/data/spring-data-commons/2.0.5.RELEASE/spring-data-commons-2.0.5.RELEASE.jar (1.1 MB at 130 kB/s)
[INFO] Downloading from central-only: https://repo.maven.apache.org/maven2/org/apache/commons/commons-pool2/2.5.0/commons-pool2-2.5.0.jar
[INFO] Downloaded from central-only: https://repo.maven.apache.org/maven2/org/springframework/spring-tx/5.0.4.RELEASE/spring-tx-5.0.4.RELEASE.jar (249 kB at 30 kB/s)
[INFO] Downloading from central-only: https://repo.maven.apache.org/maven2/io/springfox/springfox-swagger2/2.7.0/springfox-swagger2-2.7.0.jar
[INFO] Downloaded from central-only: https://repo.maven.apache.org/maven2/org/springframework/spring-oxm/5.0.4.RELEASE/spring-oxm-5.0.4.RELEASE.jar (66 kB at 8.0 kB/s)
[INFO] Downloading from central-only: https://repo.maven.apache.org/maven2/io/swagger/swagger-annotations/1.5.13/swagger-annotations-1.5.13.jar
[INFO] Downloaded from central-only: https://repo.maven.apache.org/maven2/org/springframework/spring-context-support/5.0.4.RELEASE/spring-context-support-5.0.4.RELEASE.jar (172 kB at 20 kB/s)
[INFO] Downloading from central-only: https://repo.maven.apache.org/maven2/io/swagger/swagger-models/1.5.13/swagger-models-1.5.13.jar
[INFO] Downloaded from central-only: https://repo.maven.apache.org/maven2/io/springfox/springfox-swagger2/2.7.0/springfox-swagger2-2.7.0.jar (62 kB at 7.2 kB/s)
[INFO] Downloading from central-only: https://repo.maven.apache.org/maven2/io/springfox/springfox-spi/2.7.0/springfox-spi-2.7.0.jar
[INFO] Downloaded from central-only: https://repo.maven.apache.org/maven2/org/apache/commons/commons-pool2/2.5.0/commons-pool2-2.5.0.jar (128 kB at 15 kB/s)
[INFO] Downloading from central-only: https://repo.maven.apache.org/maven2/io/springfox/springfox-core/2.7.0/springfox-core-2.7.0.jar
[INFO] Downloaded from central-only: https://repo.maven.apache.org/maven2/redis/clients/jedis/2.9.0/jedis-2.9.0.jar (554 kB at 64 kB/s)
[INFO] Downloading from central-only: https://repo.maven.apache.org/maven2/io/springfox/springfox-schema/2.7.0/springfox-schema-2.7.0.jar
[INFO] Downloaded from central-only: https://repo.maven.apache.org/maven2/io/swagger/swagger-models/1.5.13/swagger-models-1.5.13.jar (143 kB at 16 kB/s)
[INFO] Downloading from central-only: https://repo.maven.apache.org/maven2/io/springfox/springfox-swagger-common/2.7.0/springfox-swagger-common-2.7.0.jar
[INFO] Downloaded from central-only: https://repo.maven.apache.org/maven2/io/springfox/springfox-core/2.7.0/springfox-core-2.7.0.jar (107 kB at 12 kB/s)
[INFO] Downloading from central-only: https://repo.maven.apache.org/maven2/io/springfox/springfox-spring-web/2.7.0/springfox-spring-web-2.7.0.jar
[INFO] Downloaded from central-only: https://repo.maven.apache.org/maven2/io/springfox/springfox-schema/2.7.0/springfox-schema-2.7.0.jar (74 kB at 8.2 kB/s)
[INFO] Downloading from central-only: https://repo.maven.apache.org/maven2/org/reflections/reflections/0.9.11/reflections-0.9.11.jar
[INFO] Downloaded from central-only: https://repo.maven.apache.org/maven2/io/springfox/springfox-spi/2.7.0/springfox-spi-2.7.0.jar (50 kB at 5.6 kB/s)
[INFO] Downloading from central-only: https://repo.maven.apache.org/maven2/org/javassist/javassist/3.21.0-GA/javassist-3.21.0-GA.jar
[INFO] Downloaded from central-only: https://repo.maven.apache.org/maven2/io/swagger/swagger-annotations/1.5.13/swagger-annotations-1.5.13.jar (21 kB at 2.3 kB/s)
[INFO] Downloading from central-only: https://repo.maven.apache.org/maven2/com/google/guava/guava/18.0/guava-18.0.jar
[INFO] Downloaded from central-only: https://repo.maven.apache.org/maven2/io/springfox/springfox-swagger-common/2.7.0/springfox-swagger-common-2.7.0.jar (87 kB at 9.5 kB/s)
[INFO] Downloading from central-only: https://repo.maven.apache.org/maven2/com/fasterxml/classmate/1.3.4/classmate-1.3.4.jar
[INFO] Downloaded from central-only: https://repo.maven.apache.org/maven2/io/springfox/springfox-spring-web/2.7.0/springfox-spring-web-2.7.0.jar (175 kB at 19 kB/s)
[INFO] Downloading from central-only: https://repo.maven.apache.org/maven2/org/springframework/plugin/spring-plugin-core/1.2.0.RELEASE/spring-plugin-core-1.2.0.RELEASE.jar
[INFO] Downloaded from central-only: https://repo.maven.apache.org/maven2/org/reflections/reflections/0.9.11/reflections-0.9.11.jar (131 kB at 14 kB/s)
[INFO] Downloading from central-only: https://repo.maven.apache.org/maven2/org/springframework/plugin/spring-plugin-metadata/1.2.0.RELEASE/spring-plugin-metadata-1.2.0.RELEASE.jar
[INFO] Downloaded from central-only: https://repo.maven.apache.org/maven2/org/javassist/javassist/3.21.0-GA/javassist-3.21.0-GA.jar (735 kB at 79 kB/s)
[INFO] Downloading from central-only: https://repo.maven.apache.org/maven2/org/mapstruct/mapstruct/1.1.0.Final/mapstruct-1.1.0.Final.jar
[INFO] Downloaded from central-only: https://repo.maven.apache.org/maven2/com/fasterxml/classmate/1.3.4/classmate-1.3.4.jar (65 kB at 6.9 kB/s)
[INFO] Downloading from central-only: https://repo.maven.apache.org/maven2/com/github/xiaoymin/swagger-bootstrap-ui/1.6/swagger-bootstrap-ui-1.6.jar
[INFO] Downloaded from central-only: https://repo.maven.apache.org/maven2/org/springframework/plugin/spring-plugin-core/1.2.0.RELEASE/spring-plugin-core-1.2.0.RELEASE.jar (20 kB at 2.1 kB/s)
[INFO] Downloading from central-only: https://repo.maven.apache.org/maven2/com/aliyun/oss/aliyun-sdk-oss/3.10.1/aliyun-sdk-oss-3.10.1.jar
[INFO] Downloaded from central-only: https://repo.maven.apache.org/maven2/org/springframework/plugin/spring-plugin-metadata/1.2.0.RELEASE/spring-plugin-metadata-1.2.0.RELEASE.jar (5.1 kB at 534 B/s)
[INFO] Downloading from central-only: https://repo.maven.apache.org/maven2/org/jdom/jdom/1.1/jdom-1.1.jar
[INFO] Downloaded from central-only: https://repo.maven.apache.org/maven2/org/mapstruct/mapstruct/1.1.0.Final/mapstruct-1.1.0.Final.jar (19 kB at 2.0 kB/s)
[INFO] Downloading from central-only: https://repo.maven.apache.org/maven2/org/codehaus/jettison/jettison/1.1/jettison-1.1.jar
[INFO] Downloaded from central-only: https://repo.maven.apache.org/maven2/com/github/xiaoymin/swagger-bootstrap-ui/1.6/swagger-bootstrap-ui-1.6.jar (765 kB at 79 kB/s)
[INFO] Downloading from central-only: https://repo.maven.apache.org/maven2/stax/stax-api/1.0.1/stax-api-1.0.1.jar
[INFO] Downloaded from central-only: https://repo.maven.apache.org/maven2/com/google/guava/guava/18.0/guava-18.0.jar (2.3 MB at 225 kB/s)
[INFO] Downloading from central-only: https://repo.maven.apache.org/maven2/com/aliyun/aliyun-java-sdk-core/3.4.0/aliyun-java-sdk-core-3.4.0.jar
[INFO] Downloaded from central-only: https://repo.maven.apache.org/maven2/com/aliyun/oss/aliyun-sdk-oss/3.10.1/aliyun-sdk-oss-3.10.1.jar (735 kB at 73 kB/s)
[INFO] Downloading from central-only: https://repo.maven.apache.org/maven2/com/aliyun/aliyun-java-sdk-ram/3.0.0/aliyun-java-sdk-ram-3.0.0.jar
[INFO] Downloaded from central-only: https://repo.maven.apache.org/maven2/org/codehaus/jettison/jettison/1.1/jettison-1.1.jar (68 kB at 6.7 kB/s)
[INFO] Downloading from central-only: https://repo.maven.apache.org/maven2/com/aliyun/aliyun-java-sdk-sts/3.0.0/aliyun-java-sdk-sts-3.0.0.jar
[INFO] Downloaded from central-only: https://repo.maven.apache.org/maven2/org/jdom/jdom/1.1/jdom-1.1.jar (153 kB at 15 kB/s)
[INFO] Downloading from central-only: https://repo.maven.apache.org/maven2/com/aliyun/aliyun-java-sdk-ecs/4.2.0/aliyun-java-sdk-ecs-4.2.0.jar
[INFO] Downloaded from central-only: https://repo.maven.apache.org/maven2/stax/stax-api/1.0.1/stax-api-1.0.1.jar (27 kB at 2.6 kB/s)
[INFO] Downloading from central-only: https://repo.maven.apache.org/maven2/com/aliyun/aliyun-java-sdk-kms/2.7.0/aliyun-java-sdk-kms-2.7.0.jar
[INFO] Downloaded from central-only: https://repo.maven.apache.org/maven2/com/aliyun/aliyun-java-sdk-core/3.4.0/aliyun-java-sdk-core-3.4.0.jar (116 kB at 11 kB/s)
[INFO] Downloading from central-only: https://repo.maven.apache.org/maven2/com/google/code/gson/gson/2.8.2/gson-2.8.2.jar
[INFO] Downloaded from central-only: https://repo.maven.apache.org/maven2/com/aliyun/aliyun-java-sdk-ram/3.0.0/aliyun-java-sdk-ram-3.0.0.jar (215 kB at 21 kB/s)
[INFO] Downloading from central-only: https://repo.maven.apache.org/maven2/com/itextpdf/itextpdf/5.5.13.1/itextpdf-5.5.13.1.jar
[INFO] Downloaded from central-only: https://repo.maven.apache.org/maven2/com/aliyun/aliyun-java-sdk-ecs/4.2.0/aliyun-java-sdk-ecs-4.2.0.jar (788 kB at 75 kB/s)
[INFO] Downloading from central-only: https://repo.maven.apache.org/maven2/commons-io/commons-io/1.3.2/commons-io-1.3.2.jar
[INFO] Downloaded from central-only: https://repo.maven.apache.org/maven2/com/aliyun/aliyun-java-sdk-sts/3.0.0/aliyun-java-sdk-sts-3.0.0.jar (13 kB at 1.3 kB/s)
[INFO] Downloading from central-only: https://repo.maven.apache.org/maven2/com/belerweb/pinyin4j/2.5.1/pinyin4j-2.5.1.jar
[INFO] Downloaded from central-only: https://repo.maven.apache.org/maven2/com/aliyun/aliyun-java-sdk-kms/2.7.0/aliyun-java-sdk-kms-2.7.0.jar (76 kB at 7.1 kB/s)
[INFO] Downloading from central-only: https://repo.maven.apache.org/maven2/com/github/pagehelper/pagehelper-spring-boot-starter/1.2.13/pagehelper-spring-boot-starter-1.2.13.jar
[INFO] Downloaded from central-only: https://repo.maven.apache.org/maven2/com/google/code/gson/gson/2.8.2/gson-2.8.2.jar (233 kB at 22 kB/s)
[INFO] Downloading from central-only: https://repo.maven.apache.org/maven2/org/mybatis/spring/boot/mybatis-spring-boot-starter/2.1.1/mybatis-spring-boot-starter-2.1.1.jar
[INFO] Downloaded from central-only: https://repo.maven.apache.org/maven2/commons-io/commons-io/1.3.2/commons-io-1.3.2.jar (88 kB at 8.2 kB/s)
[INFO] Downloading from central-only: https://repo.maven.apache.org/maven2/org/mybatis/spring/boot/mybatis-spring-boot-autoconfigure/2.1.1/mybatis-spring-boot-autoconfigure-2.1.1.jar
[INFO] Downloaded from central-only: https://repo.maven.apache.org/maven2/com/belerweb/pinyin4j/2.5.1/pinyin4j-2.5.1.jar (324 kB at 30 kB/s)
[INFO] Downloading from central-only: https://repo.maven.apache.org/maven2/org/mybatis/mybatis/3.5.3/mybatis-3.5.3.jar
[INFO] Downloaded from central-only: https://repo.maven.apache.org/maven2/com/github/pagehelper/pagehelper-spring-boot-starter/1.2.13/pagehelper-spring-boot-starter-1.2.13.jar (2.6 kB at 241 B/s)
[INFO] Downloading from central-only: https://repo.maven.apache.org/maven2/org/mybatis/mybatis-spring/2.0.3/mybatis-spring-2.0.3.jar
[INFO] Downloaded from central-only: https://repo.maven.apache.org/maven2/org/mybatis/spring/boot/mybatis-spring-boot-starter/2.1.1/mybatis-spring-boot-starter-2.1.1.jar (2.4 kB at 222 B/s)
[INFO] Downloading from central-only: https://repo.maven.apache.org/maven2/com/github/pagehelper/pagehelper-spring-boot-autoconfigure/1.2.13/pagehelper-spring-boot-autoconfigure-1.2.13.jar
[INFO] Downloaded from central-only: https://repo.maven.apache.org/maven2/com/itextpdf/itextpdf/5.5.13.1/itextpdf-5.5.13.1.jar (2.3 MB at 214 kB/s)
[INFO] Downloading from central-only: https://repo.maven.apache.org/maven2/com/github/pagehelper/pagehelper/5.1.11/pagehelper-5.1.11.jar
[INFO] Downloaded from central-only: https://repo.maven.apache.org/maven2/org/mybatis/mybatis/3.5.3/mybatis-3.5.3.jar (1.7 MB at 152 kB/s)
[INFO] Downloading from central-only: https://repo.maven.apache.org/maven2/com/github/jsqlparser/jsqlparser/2.0/jsqlparser-2.0.jar
[INFO] Downloaded from central-only: https://repo.maven.apache.org/maven2/com/github/pagehelper/pagehelper/5.1.11/pagehelper-5.1.11.jar (87 kB at 7.8 kB/s)
[INFO] Downloading from central-only: https://repo.maven.apache.org/maven2/com/sun/mail/javax.mail/1.6.2/javax.mail-1.6.2.jar
[INFO] Downloaded from central-only: https://repo.maven.apache.org/maven2/org/mybatis/mybatis-spring/2.0.3/mybatis-spring-2.0.3.jar (68 kB at 6.0 kB/s)
[INFO] Downloading from central-only: https://repo.maven.apache.org/maven2/javax/activation/activation/1.1/activation-1.1.jar
[INFO] Downloaded from central-only: https://repo.maven.apache.org/maven2/org/mybatis/spring/boot/mybatis-spring-boot-autoconfigure/2.1.1/mybatis-spring-boot-autoconfigure-2.1.1.jar (25 kB at 2.2 kB/s)
[INFO] Downloaded from central-only: https://repo.maven.apache.org/maven2/com/github/pagehelper/pagehelper-spring-boot-autoconfigure/1.2.13/pagehelper-spring-boot-autoconfigure-1.2.13.jar (6.4 kB at 557 B/s)
[INFO] Downloaded from central-only: https://repo.maven.apache.org/maven2/com/github/jsqlparser/jsqlparser/2.0/jsqlparser-2.0.jar (453 kB at 39 kB/s)
[INFO] Downloaded from central-only: https://repo.maven.apache.org/maven2/com/sun/mail/javax.mail/1.6.2/javax.mail-1.6.2.jar (659 kB at 57 kB/s)
[INFO] Downloaded from central-only: https://repo.maven.apache.org/maven2/javax/activation/activation/1.1/activation-1.1.jar (63 kB at 5.4 kB/s)
[INFO] 
[INFO] --- spring-boot:2.0.3.RELEASE:build-info (build-info) @ jshERP-boot ---
[INFO] Downloading from central-only: https://repo.maven.apache.org/maven2/org/springframework/boot/spring-boot-loader-tools/2.0.3.RELEASE/spring-boot-loader-tools-2.0.3.RELEASE.pom
[INFO] Downloaded from central-only: https://repo.maven.apache.org/maven2/org/springframework/boot/spring-boot-loader-tools/2.0.3.RELEASE/spring-boot-loader-tools-2.0.3.RELEASE.pom (2.7 kB at 9.3 kB/s)
[INFO] Downloading from central-only: https://repo.maven.apache.org/maven2/org/springframework/spring-core/5.0.7.RELEASE/spring-core-5.0.7.RELEASE.pom
[INFO] Downloaded from central-only: https://repo.maven.apache.org/maven2/org/springframework/spring-core/5.0.7.RELEASE/spring-core-5.0.7.RELEASE.pom (3.6 kB at 13 kB/s)
[INFO] Downloading from central-only: https://repo.maven.apache.org/maven2/org/springframework/spring-jcl/5.0.7.RELEASE/spring-jcl-5.0.7.RELEASE.pom
[INFO] Downloaded from central-only: https://repo.maven.apache.org/maven2/org/springframework/spring-jcl/5.0.7.RELEASE/spring-jcl-5.0.7.RELEASE.pom (1.9 kB at 6.5 kB/s)
[INFO] Downloading from central-only: https://repo.maven.apache.org/maven2/org/apache/commons/commons-compress/1.14/commons-compress-1.14.pom
[INFO] Downloaded from central-only: https://repo.maven.apache.org/maven2/org/apache/commons/commons-compress/1.14/commons-compress-1.14.pom (13 kB at 46 kB/s)
[INFO] Downloading from central-only: https://repo.maven.apache.org/maven2/org/apache/maven/maven-archiver/2.6/maven-archiver-2.6.pom
[INFO] Downloaded from central-only: https://repo.maven.apache.org/maven2/org/apache/maven/maven-archiver/2.6/maven-archiver-2.6.pom (4.3 kB at 15 kB/s)
[INFO] Downloading from central-only: https://repo.maven.apache.org/maven2/org/apache/maven/shared/maven-shared-components/20/maven-shared-components-20.pom
[INFO] Downloaded from central-only: https://repo.maven.apache.org/maven2/org/apache/maven/shared/maven-shared-components/20/maven-shared-components-20.pom (5.1 kB at 18 kB/s)
[INFO] Downloading from central-only: https://repo.maven.apache.org/maven2/org/apache/maven/maven-artifact/2.2.1/maven-artifact-2.2.1.pom
[INFO] Downloaded from central-only: https://repo.maven.apache.org/maven2/org/apache/maven/maven-artifact/2.2.1/maven-artifact-2.2.1.pom (1.6 kB at 5.1 kB/s)
[INFO] Downloading from central-only: https://repo.maven.apache.org/maven2/org/apache/maven/maven/2.2.1/maven-2.2.1.pom
[INFO] Downloaded from central-only: https://repo.maven.apache.org/maven2/org/apache/maven/maven/2.2.1/maven-2.2.1.pom (22 kB at 74 kB/s)
[INFO] Downloading from central-only: https://repo.maven.apache.org/maven2/org/apache/maven/maven-parent/11/maven-parent-11.pom
[INFO] Downloaded from central-only: https://repo.maven.apache.org/maven2/org/apache/maven/maven-parent/11/maven-parent-11.pom (32 kB at 106 kB/s)
[INFO] Downloading from central-only: https://repo.maven.apache.org/maven2/org/apache/apache/5/apache-5.pom
[INFO] Downloaded from central-only: https://repo.maven.apache.org/maven2/org/apache/apache/5/apache-5.pom (4.1 kB at 15 kB/s)
[INFO] Downloading from central-only: https://repo.maven.apache.org/maven2/org/codehaus/plexus/plexus-utils/1.5.15/plexus-utils-1.5.15.pom
[INFO] Downloaded from central-only: https://repo.maven.apache.org/maven2/org/codehaus/plexus/plexus-utils/1.5.15/plexus-utils-1.5.15.pom (6.8 kB at 24 kB/s)
[INFO] Downloading from central-only: https://repo.maven.apache.org/maven2/org/codehaus/plexus/plexus/2.0.2/plexus-2.0.2.pom
[INFO] Downloaded from central-only: https://repo.maven.apache.org/maven2/org/codehaus/plexus/plexus/2.0.2/plexus-2.0.2.pom (12 kB at 40 kB/s)
[INFO] Downloading from central-only: https://repo.maven.apache.org/maven2/org/apache/maven/maven-model/2.2.1/maven-model-2.2.1.pom
[INFO] Downloaded from central-only: https://repo.maven.apache.org/maven2/org/apache/maven/maven-model/2.2.1/maven-model-2.2.1.pom (3.2 kB at 9.7 kB/s)
[INFO] Downloading from central-only: https://repo.maven.apache.org/maven2/org/apache/maven/maven-core/2.2.1/maven-core-2.2.1.pom
[INFO] Downloaded from central-only: https://repo.maven.apache.org/maven2/org/apache/maven/maven-core/2.2.1/maven-core-2.2.1.pom (12 kB at 37 kB/s)
[INFO] Downloading from central-only: https://repo.maven.apache.org/maven2/org/apache/maven/maven-settings/2.2.1/maven-settings-2.2.1.pom
[INFO] Downloaded from central-only: https://repo.maven.apache.org/maven2/org/apache/maven/maven-settings/2.2.1/maven-settings-2.2.1.pom (2.2 kB at 7.9 kB/s)
[INFO] Downloading from central-only: https://repo.maven.apache.org/maven2/org/codehaus/plexus/plexus-interpolation/1.11/plexus-interpolation-1.11.pom
[INFO] Downloaded from central-only: https://repo.maven.apache.org/maven2/org/codehaus/plexus/plexus-interpolation/1.11/plexus-interpolation-1.11.pom (889 B at 3.1 kB/s)
[INFO] Downloading from central-only: https://repo.maven.apache.org/maven2/org/codehaus/plexus/plexus-components/1.1.14/plexus-components-1.1.14.pom
[INFO] Downloaded from central-only: https://repo.maven.apache.org/maven2/org/codehaus/plexus/plexus-components/1.1.14/plexus-components-1.1.14.pom (5.8 kB at 20 kB/s)
[INFO] Downloading from central-only: https://repo.maven.apache.org/maven2/org/codehaus/plexus/plexus-container-default/1.0-alpha-9-stable-1/plexus-container-default-1.0-alpha-9-stable-1.pom
[INFO] Downloaded from central-only: https://repo.maven.apache.org/maven2/org/codehaus/plexus/plexus-container-default/1.0-alpha-9-stable-1/plexus-container-default-1.0-alpha-9-stable-1.pom (3.9 kB at 14 kB/s)
[INFO] Downloading from central-only: https://repo.maven.apache.org/maven2/org/codehaus/plexus/plexus-containers/1.0.3/plexus-containers-1.0.3.pom
[INFO] Downloaded from central-only: https://repo.maven.apache.org/maven2/org/codehaus/plexus/plexus-containers/1.0.3/plexus-containers-1.0.3.pom (492 B at 1.7 kB/s)
[INFO] Downloading from central-only: https://repo.maven.apache.org/maven2/org/codehaus/plexus/plexus/1.0.4/plexus-1.0.4.pom
[INFO] Downloaded from central-only: https://repo.maven.apache.org/maven2/org/codehaus/plexus/plexus/1.0.4/plexus-1.0.4.pom (5.7 kB at 21 kB/s)
[INFO] Downloading from central-only: https://repo.maven.apache.org/maven2/org/codehaus/plexus/plexus-utils/1.0.4/plexus-utils-1.0.4.pom
[INFO] Downloaded from central-only: https://repo.maven.apache.org/maven2/org/codehaus/plexus/plexus-utils/1.0.4/plexus-utils-1.0.4.pom (6.9 kB at 24 kB/s)
[INFO] Downloading from central-only: https://repo.maven.apache.org/maven2/classworlds/classworlds/1.1-alpha-2/classworlds-1.1-alpha-2.pom
[INFO] Downloaded from central-only: https://repo.maven.apache.org/maven2/classworlds/classworlds/1.1-alpha-2/classworlds-1.1-alpha-2.pom (3.1 kB at 10 kB/s)
[INFO] Downloading from central-only: https://repo.maven.apache.org/maven2/org/apache/maven/maven-plugin-parameter-documenter/2.2.1/maven-plugin-parameter-documenter-2.2.1.pom
[INFO] Downloaded from central-only: https://repo.maven.apache.org/maven2/org/apache/maven/maven-plugin-parameter-documenter/2.2.1/maven-plugin-parameter-documenter-2.2.1.pom (2.0 kB at 6.3 kB/s)
[INFO] Downloading from central-only: https://repo.maven.apache.org/maven2/org/slf4j/slf4j-jdk14/1.7.25/slf4j-jdk14-1.7.25.pom
[INFO] Downloaded from central-only: https://repo.maven.apache.org/maven2/org/slf4j/slf4j-jdk14/1.7.25/slf4j-jdk14-1.7.25.pom (1.0 kB at 3.5 kB/s)
[INFO] Downloading from central-only: https://repo.maven.apache.org/maven2/org/slf4j/jcl-over-slf4j/1.7.25/jcl-over-slf4j-1.7.25.pom
[INFO] Downloaded from central-only: https://repo.maven.apache.org/maven2/org/slf4j/jcl-over-slf4j/1.7.25/jcl-over-slf4j-1.7.25.pom (959 B at 3.3 kB/s)
[INFO] Downloading from central-only: https://repo.maven.apache.org/maven2/org/apache/maven/reporting/maven-reporting-api/2.2.1/maven-reporting-api-2.2.1.pom
[INFO] Downloaded from central-only: https://repo.maven.apache.org/maven2/org/apache/maven/reporting/maven-reporting-api/2.2.1/maven-reporting-api-2.2.1.pom (1.9 kB at 6.5 kB/s)
[INFO] Downloading from central-only: https://repo.maven.apache.org/maven2/org/apache/maven/reporting/maven-reporting/2.2.1/maven-reporting-2.2.1.pom
[INFO] Downloaded from central-only: https://repo.maven.apache.org/maven2/org/apache/maven/reporting/maven-reporting/2.2.1/maven-reporting-2.2.1.pom (1.4 kB at 5.0 kB/s)
[INFO] Downloading from central-only: https://repo.maven.apache.org/maven2/org/apache/maven/doxia/doxia-sink-api/1.1/doxia-sink-api-1.1.pom
[INFO] Downloaded from central-only: https://repo.maven.apache.org/maven2/org/apache/maven/doxia/doxia-sink-api/1.1/doxia-sink-api-1.1.pom (2.0 kB at 6.3 kB/s)
[INFO] Downloading from central-only: https://repo.maven.apache.org/maven2/org/apache/maven/doxia/doxia/1.1/doxia-1.1.pom
[INFO] Downloaded from central-only: https://repo.maven.apache.org/maven2/org/apache/maven/doxia/doxia/1.1/doxia-1.1.pom (15 kB at 52 kB/s)
[INFO] Downloading from central-only: https://repo.maven.apache.org/maven2/org/apache/maven/doxia/doxia-logging-api/1.1/doxia-logging-api-1.1.pom
[INFO] Downloaded from central-only: https://repo.maven.apache.org/maven2/org/apache/maven/doxia/doxia-logging-api/1.1/doxia-logging-api-1.1.pom (1.6 kB at 4.7 kB/s)
[INFO] Downloading from central-only: https://repo.maven.apache.org/maven2/org/codehaus/plexus/plexus-container-default/1.0-alpha-30/plexus-container-default-1.0-alpha-30.pom
[INFO] Downloaded from central-only: https://repo.maven.apache.org/maven2/org/codehaus/plexus/plexus-container-default/1.0-alpha-30/plexus-container-default-1.0-alpha-30.pom (3.5 kB at 12 kB/s)
[INFO] Downloading from central-only: https://repo.maven.apache.org/maven2/org/codehaus/plexus/plexus-containers/1.0-alpha-30/plexus-containers-1.0-alpha-30.pom
[INFO] Downloaded from central-only: https://repo.maven.apache.org/maven2/org/codehaus/plexus/plexus-containers/1.0-alpha-30/plexus-containers-1.0-alpha-30.pom (1.9 kB at 5.4 kB/s)
[INFO] Downloading from central-only: https://repo.maven.apache.org/maven2/org/codehaus/plexus/plexus/1.0.11/plexus-1.0.11.pom
[INFO] Downloaded from central-only: https://repo.maven.apache.org/maven2/org/codehaus/plexus/plexus/1.0.11/plexus-1.0.11.pom (9.0 kB at 31 kB/s)
[INFO] Downloading from central-only: https://repo.maven.apache.org/maven2/org/codehaus/plexus/plexus-utils/1.4.5/plexus-utils-1.4.5.pom
[INFO] Downloaded from central-only: https://repo.maven.apache.org/maven2/org/codehaus/plexus/plexus-utils/1.4.5/plexus-utils-1.4.5.pom (2.3 kB at 8.2 kB/s)
[INFO] Downloading from central-only: https://repo.maven.apache.org/maven2/org/codehaus/plexus/plexus-classworlds/1.2-alpha-9/plexus-classworlds-1.2-alpha-9.pom
[INFO] Downloaded from central-only: https://repo.maven.apache.org/maven2/org/codehaus/plexus/plexus-classworlds/1.2-alpha-9/plexus-classworlds-1.2-alpha-9.pom (3.2 kB at 11 kB/s)
[INFO] Downloading from central-only: https://repo.maven.apache.org/maven2/org/codehaus/plexus/plexus/1.0.10/plexus-1.0.10.pom
[INFO] Downloaded from central-only: https://repo.maven.apache.org/maven2/org/codehaus/plexus/plexus/1.0.10/plexus-1.0.10.pom (8.2 kB at 29 kB/s)
[INFO] Downloading from central-only: https://repo.maven.apache.org/maven2/org/apache/maven/maven-profile/2.2.1/maven-profile-2.2.1.pom
[INFO] Downloaded from central-only: https://repo.maven.apache.org/maven2/org/apache/maven/maven-profile/2.2.1/maven-profile-2.2.1.pom (2.2 kB at 7.8 kB/s)
[INFO] Downloading from central-only: https://repo.maven.apache.org/maven2/org/apache/maven/maven-repository-metadata/2.2.1/maven-repository-metadata-2.2.1.pom
[INFO] Downloaded from central-only: https://repo.maven.apache.org/maven2/org/apache/maven/maven-repository-metadata/2.2.1/maven-repository-metadata-2.2.1.pom (1.9 kB at 6.8 kB/s)
[INFO] Downloading from central-only: https://repo.maven.apache.org/maven2/org/apache/maven/maven-error-diagnostics/2.2.1/maven-error-diagnostics-2.2.1.pom
[INFO] Downloaded from central-only: https://repo.maven.apache.org/maven2/org/apache/maven/maven-error-diagnostics/2.2.1/maven-error-diagnostics-2.2.1.pom (1.7 kB at 6.1 kB/s)
[INFO] Downloading from central-only: https://repo.maven.apache.org/maven2/org/apache/maven/maven-project/2.2.1/maven-project-2.2.1.pom
[INFO] Downloaded from central-only: https://repo.maven.apache.org/maven2/org/apache/maven/maven-project/2.2.1/maven-project-2.2.1.pom (2.8 kB at 10 kB/s)
[INFO] Downloading from central-only: https://repo.maven.apache.org/maven2/org/apache/maven/maven-artifact-manager/2.2.1/maven-artifact-manager-2.2.1.pom
[INFO] Downloaded from central-only: https://repo.maven.apache.org/maven2/org/apache/maven/maven-artifact-manager/2.2.1/maven-artifact-manager-2.2.1.pom (3.1 kB at 11 kB/s)
[INFO] Downloading from central-only: https://repo.maven.apache.org/maven2/backport-util-concurrent/backport-util-concurrent/3.1/backport-util-concurrent-3.1.pom
[INFO] Downloaded from central-only: https://repo.maven.apache.org/maven2/backport-util-concurrent/backport-util-concurrent/3.1/backport-util-concurrent-3.1.pom (880 B at 2.6 kB/s)
[INFO] Downloading from central-only: https://repo.maven.apache.org/maven2/org/apache/maven/maven-plugin-registry/2.2.1/maven-plugin-registry-2.2.1.pom
[INFO] Downloaded from central-only: https://repo.maven.apache.org/maven2/org/apache/maven/maven-plugin-registry/2.2.1/maven-plugin-registry-2.2.1.pom (1.9 kB at 7.0 kB/s)
[INFO] Downloading from central-only: https://repo.maven.apache.org/maven2/commons-cli/commons-cli/1.2/commons-cli-1.2.pom
[INFO] Downloaded from central-only: https://repo.maven.apache.org/maven2/commons-cli/commons-cli/1.2/commons-cli-1.2.pom (8.0 kB at 27 kB/s)
[INFO] Downloading from central-only: https://repo.maven.apache.org/maven2/org/apache/commons/commons-parent/11/commons-parent-11.pom
[INFO] Downloaded from central-only: https://repo.maven.apache.org/maven2/org/apache/commons/commons-parent/11/commons-parent-11.pom (25 kB at 84 kB/s)
[INFO] Downloading from central-only: https://repo.maven.apache.org/maven2/org/apache/maven/maven-plugin-api/2.2.1/maven-plugin-api-2.2.1.pom
[INFO] Downloaded from central-only: https://repo.maven.apache.org/maven2/org/apache/maven/maven-plugin-api/2.2.1/maven-plugin-api-2.2.1.pom (1.5 kB at 5.2 kB/s)
[INFO] Downloading from central-only: https://repo.maven.apache.org/maven2/org/apache/maven/maven-plugin-descriptor/2.2.1/maven-plugin-descriptor-2.2.1.pom
[INFO] Downloaded from central-only: https://repo.maven.apache.org/maven2/org/apache/maven/maven-plugin-descriptor/2.2.1/maven-plugin-descriptor-2.2.1.pom (2.1 kB at 7.3 kB/s)
[INFO] Downloading from central-only: https://repo.maven.apache.org/maven2/org/codehaus/plexus/plexus-interactivity-api/1.0-alpha-4/plexus-interactivity-api-1.0-alpha-4.pom
[INFO] Downloaded from central-only: https://repo.maven.apache.org/maven2/org/codehaus/plexus/plexus-interactivity-api/1.0-alpha-4/plexus-interactivity-api-1.0-alpha-4.pom (7.1 kB at 25 kB/s)
[INFO] Downloading from central-only: https://repo.maven.apache.org/maven2/org/apache/maven/maven-monitor/2.2.1/maven-monitor-2.2.1.pom
[INFO] Downloaded from central-only: https://repo.maven.apache.org/maven2/org/apache/maven/maven-monitor/2.2.1/maven-monitor-2.2.1.pom (1.3 kB at 4.6 kB/s)
[INFO] Downloading from central-only: https://repo.maven.apache.org/maven2/classworlds/classworlds/1.1/classworlds-1.1.pom
[INFO] Downloaded from central-only: https://repo.maven.apache.org/maven2/classworlds/classworlds/1.1/classworlds-1.1.pom (3.3 kB at 12 kB/s)
[INFO] Downloading from central-only: https://repo.maven.apache.org/maven2/org/sonatype/plexus/plexus-sec-dispatcher/1.3/plexus-sec-dispatcher-1.3.pom
[INFO] Downloaded from central-only: https://repo.maven.apache.org/maven2/org/sonatype/plexus/plexus-sec-dispatcher/1.3/plexus-sec-dispatcher-1.3.pom (3.0 kB at 10 kB/s)
[INFO] Downloading from central-only: https://repo.maven.apache.org/maven2/org/sonatype/spice/spice-parent/12/spice-parent-12.pom
[INFO] Downloaded from central-only: https://repo.maven.apache.org/maven2/org/sonatype/spice/spice-parent/12/spice-parent-12.pom (6.8 kB at 25 kB/s)
[INFO] Downloading from central-only: https://repo.maven.apache.org/maven2/org/sonatype/forge/forge-parent/4/forge-parent-4.pom
[INFO] Downloaded from central-only: https://repo.maven.apache.org/maven2/org/sonatype/forge/forge-parent/4/forge-parent-4.pom (8.4 kB at 29 kB/s)
[INFO] Downloading from central-only: https://repo.maven.apache.org/maven2/org/codehaus/plexus/plexus-utils/1.5.5/plexus-utils-1.5.5.pom
[INFO] Downloaded from central-only: https://repo.maven.apache.org/maven2/org/codehaus/plexus/plexus-utils/1.5.5/plexus-utils-1.5.5.pom (5.1 kB at 18 kB/s)
[INFO] Downloading from central-only: https://repo.maven.apache.org/maven2/org/sonatype/plexus/plexus-cipher/1.4/plexus-cipher-1.4.pom
[INFO] Downloaded from central-only: https://repo.maven.apache.org/maven2/org/sonatype/plexus/plexus-cipher/1.4/plexus-cipher-1.4.pom (2.1 kB at 7.4 kB/s)
[INFO] Downloading from central-only: https://repo.maven.apache.org/maven2/org/apache/maven/shared/maven-shared-utils/0.7/maven-shared-utils-0.7.pom
[INFO] Downloaded from central-only: https://repo.maven.apache.org/maven2/org/apache/maven/shared/maven-shared-utils/0.7/maven-shared-utils-0.7.pom (5.0 kB at 17 kB/s)
[INFO] Downloading from central-only: https://repo.maven.apache.org/maven2/com/google/code/findbugs/jsr305/2.0.1/jsr305-2.0.1.pom
[INFO] Downloaded from central-only: https://repo.maven.apache.org/maven2/com/google/code/findbugs/jsr305/2.0.1/jsr305-2.0.1.pom (965 B at 3.4 kB/s)
[INFO] Downloading from central-only: https://repo.maven.apache.org/maven2/org/codehaus/plexus/plexus-archiver/2.8.1/plexus-archiver-2.8.1.pom
[INFO] Downloaded from central-only: https://repo.maven.apache.org/maven2/org/codehaus/plexus/plexus-archiver/2.8.1/plexus-archiver-2.8.1.pom (4.1 kB at 15 kB/s)
[INFO] Downloading from central-only: https://repo.maven.apache.org/maven2/org/codehaus/plexus/plexus-components/1.3/plexus-components-1.3.pom
[INFO] Downloaded from central-only: https://repo.maven.apache.org/maven2/org/codehaus/plexus/plexus-components/1.3/plexus-components-1.3.pom (3.1 kB at 11 kB/s)
[INFO] Downloading from central-only: https://repo.maven.apache.org/maven2/org/codehaus/plexus/plexus/3.3/plexus-3.3.pom
[INFO] Downloaded from central-only: https://repo.maven.apache.org/maven2/org/codehaus/plexus/plexus/3.3/plexus-3.3.pom (20 kB at 71 kB/s)
[INFO] Downloading from central-only: https://repo.maven.apache.org/maven2/org/sonatype/spice/spice-parent/17/spice-parent-17.pom
[INFO] Downloaded from central-only: https://repo.maven.apache.org/maven2/org/sonatype/spice/spice-parent/17/spice-parent-17.pom (6.8 kB at 24 kB/s)
[INFO] Downloading from central-only: https://repo.maven.apache.org/maven2/org/sonatype/forge/forge-parent/10/forge-parent-10.pom
[INFO] Downloaded from central-only: https://repo.maven.apache.org/maven2/org/sonatype/forge/forge-parent/10/forge-parent-10.pom (14 kB at 46 kB/s)
[INFO] Downloading from central-only: https://repo.maven.apache.org/maven2/org/codehaus/plexus/plexus-utils/3.0.20/plexus-utils-3.0.20.pom
[INFO] Downloaded from central-only: https://repo.maven.apache.org/maven2/org/codehaus/plexus/plexus-utils/3.0.20/plexus-utils-3.0.20.pom (3.8 kB at 13 kB/s)
[INFO] Downloading from central-only: https://repo.maven.apache.org/maven2/org/codehaus/plexus/plexus/3.3.1/plexus-3.3.1.pom
[INFO] Downloaded from central-only: https://repo.maven.apache.org/maven2/org/codehaus/plexus/plexus/3.3.1/plexus-3.3.1.pom (20 kB at 74 kB/s)
[INFO] Downloading from central-only: https://repo.maven.apache.org/maven2/org/codehaus/plexus/plexus-io/2.3.2/plexus-io-2.3.2.pom
[INFO] Downloaded from central-only: https://repo.maven.apache.org/maven2/org/codehaus/plexus/plexus-io/2.3.2/plexus-io-2.3.2.pom (2.7 kB at 9.2 kB/s)
[INFO] Downloading from central-only: https://repo.maven.apache.org/maven2/org/codehaus/plexus/plexus-components/1.2/plexus-components-1.2.pom
[INFO] Downloaded from central-only: https://repo.maven.apache.org/maven2/org/codehaus/plexus/plexus-components/1.2/plexus-components-1.2.pom (3.1 kB at 11 kB/s)
[INFO] Downloading from central-only: https://repo.maven.apache.org/maven2/org/codehaus/plexus/plexus/3.2/plexus-3.2.pom
[INFO] Downloaded from central-only: https://repo.maven.apache.org/maven2/org/codehaus/plexus/plexus/3.2/plexus-3.2.pom (19 kB at 64 kB/s)
[INFO] Downloading from central-only: https://repo.maven.apache.org/maven2/org/apache/commons/commons-compress/1.9/commons-compress-1.9.pom
[INFO] Downloaded from central-only: https://repo.maven.apache.org/maven2/org/apache/commons/commons-compress/1.9/commons-compress-1.9.pom (11 kB at 41 kB/s)
[INFO] Downloading from central-only: https://repo.maven.apache.org/maven2/org/apache/commons/commons-parent/34/commons-parent-34.pom
[INFO] Downloaded from central-only: https://repo.maven.apache.org/maven2/org/apache/commons/commons-parent/34/commons-parent-34.pom (56 kB at 198 kB/s)
[INFO] Downloading from central-only: https://repo.maven.apache.org/maven2/org/codehaus/plexus/plexus-interpolation/1.21/plexus-interpolation-1.21.pom
[INFO] Downloaded from central-only: https://repo.maven.apache.org/maven2/org/codehaus/plexus/plexus-interpolation/1.21/plexus-interpolation-1.21.pom (1.5 kB at 5.7 kB/s)
[INFO] Downloading from central-only: https://repo.maven.apache.org/maven2/org/codehaus/plexus/plexus-components/1.3.1/plexus-components-1.3.1.pom
[INFO] Downloaded from central-only: https://repo.maven.apache.org/maven2/org/codehaus/plexus/plexus-components/1.3.1/plexus-components-1.3.1.pom (3.1 kB at 11 kB/s)
[INFO] Downloading from central-only: https://repo.maven.apache.org/maven2/org/apache/maven/maven-artifact/3.1.1/maven-artifact-3.1.1.pom
[INFO] Downloaded from central-only: https://repo.maven.apache.org/maven2/org/apache/maven/maven-artifact/3.1.1/maven-artifact-3.1.1.pom (2.0 kB at 6.2 kB/s)
[INFO] Downloading from central-only: https://repo.maven.apache.org/maven2/org/apache/maven/maven/3.1.1/maven-3.1.1.pom
[INFO] Downloaded from central-only: https://repo.maven.apache.org/maven2/org/apache/maven/maven/3.1.1/maven-3.1.1.pom (22 kB at 79 kB/s)
[INFO] Downloading from central-only: https://repo.maven.apache.org/maven2/org/apache/maven/maven-parent/23/maven-parent-23.pom
[INFO] Downloaded from central-only: https://repo.maven.apache.org/maven2/org/apache/maven/maven-parent/23/maven-parent-23.pom (33 kB at 116 kB/s)
[INFO] Downloading from central-only: https://repo.maven.apache.org/maven2/org/codehaus/plexus/plexus-utils/3.0.15/plexus-utils-3.0.15.pom
[INFO] Downloaded from central-only: https://repo.maven.apache.org/maven2/org/codehaus/plexus/plexus-utils/3.0.15/plexus-utils-3.0.15.pom (3.1 kB at 12 kB/s)
[INFO] Downloading from central-only: https://repo.maven.apache.org/maven2/org/apache/maven/maven-core/3.1.1/maven-core-3.1.1.pom
[INFO] Downloaded from central-only: https://repo.maven.apache.org/maven2/org/apache/maven/maven-core/3.1.1/maven-core-3.1.1.pom (7.3 kB at 26 kB/s)
[INFO] Downloading from central-only: https://repo.maven.apache.org/maven2/org/apache/maven/maven-model/3.1.1/maven-model-3.1.1.pom
[INFO] Downloaded from central-only: https://repo.maven.apache.org/maven2/org/apache/maven/maven-model/3.1.1/maven-model-3.1.1.pom (4.1 kB at 14 kB/s)
[INFO] Downloading from central-only: https://repo.maven.apache.org/maven2/org/apache/maven/maven-settings/3.1.1/maven-settings-3.1.1.pom
[INFO] Downloaded from central-only: https://repo.maven.apache.org/maven2/org/apache/maven/maven-settings/3.1.1/maven-settings-3.1.1.pom (2.2 kB at 8.2 kB/s)
[INFO] Downloading from central-only: https://repo.maven.apache.org/maven2/org/apache/maven/maven-settings-builder/3.1.1/maven-settings-builder-3.1.1.pom
[INFO] Downloaded from central-only: https://repo.maven.apache.org/maven2/org/apache/maven/maven-settings-builder/3.1.1/maven-settings-builder-3.1.1.pom (2.6 kB at 9.1 kB/s)
[INFO] Downloading from central-only: https://repo.maven.apache.org/maven2/org/codehaus/plexus/plexus-interpolation/1.19/plexus-interpolation-1.19.pom
[INFO] Downloaded from central-only: https://repo.maven.apache.org/maven2/org/codehaus/plexus/plexus-interpolation/1.19/plexus-interpolation-1.19.pom (1.0 kB at 3.6 kB/s)
[INFO] Downloading from central-only: https://repo.maven.apache.org/maven2/org/codehaus/plexus/plexus-component-annotations/1.5.5/plexus-component-annotations-1.5.5.pom
[INFO] Downloaded from central-only: https://repo.maven.apache.org/maven2/org/codehaus/plexus/plexus-component-annotations/1.5.5/plexus-component-annotations-1.5.5.pom (815 B at 2.9 kB/s)
[INFO] Downloading from central-only: https://repo.maven.apache.org/maven2/org/codehaus/plexus/plexus-containers/1.5.5/plexus-containers-1.5.5.pom
[INFO] Downloaded from central-only: https://repo.maven.apache.org/maven2/org/codehaus/plexus/plexus-containers/1.5.5/plexus-containers-1.5.5.pom (4.2 kB at 15 kB/s)
[INFO] Downloading from central-only: https://repo.maven.apache.org/maven2/org/codehaus/plexus/plexus/2.0.7/plexus-2.0.7.pom
[INFO] Downloaded from central-only: https://repo.maven.apache.org/maven2/org/codehaus/plexus/plexus/2.0.7/plexus-2.0.7.pom (17 kB at 61 kB/s)
[INFO] Downloading from central-only: https://repo.maven.apache.org/maven2/org/apache/maven/maven-repository-metadata/3.1.1/maven-repository-metadata-3.1.1.pom
[INFO] Downloaded from central-only: https://repo.maven.apache.org/maven2/org/apache/maven/maven-repository-metadata/3.1.1/maven-repository-metadata-3.1.1.pom (2.2 kB at 7.4 kB/s)
[INFO] Downloading from central-only: https://repo.maven.apache.org/maven2/org/apache/maven/maven-plugin-api/3.1.1/maven-plugin-api-3.1.1.pom
[INFO] Downloaded from central-only: https://repo.maven.apache.org/maven2/org/apache/maven/maven-plugin-api/3.1.1/maven-plugin-api-3.1.1.pom (3.4 kB at 12 kB/s)
[INFO] Downloading from central-only: https://repo.maven.apache.org/maven2/org/eclipse/sisu/org.eclipse.sisu.plexus/0.0.0.M5/org.eclipse.sisu.plexus-0.0.0.M5.pom
[INFO] Downloaded from central-only: https://repo.maven.apache.org/maven2/org/eclipse/sisu/org.eclipse.sisu.plexus/0.0.0.M5/org.eclipse.sisu.plexus-0.0.0.M5.pom (4.8 kB at 17 kB/s)
[INFO] Downloading from central-only: https://repo.maven.apache.org/maven2/org/eclipse/sisu/sisu-plexus/0.0.0.M5/sisu-plexus-0.0.0.M5.pom
[INFO] Downloaded from central-only: https://repo.maven.apache.org/maven2/org/eclipse/sisu/sisu-plexus/0.0.0.M5/sisu-plexus-0.0.0.M5.pom (13 kB at 47 kB/s)
[INFO] Downloading from central-only: https://repo.maven.apache.org/maven2/javax/enterprise/cdi-api/1.0/cdi-api-1.0.pom
[INFO] Downloaded from central-only: https://repo.maven.apache.org/maven2/javax/enterprise/cdi-api/1.0/cdi-api-1.0.pom (1.4 kB at 4.8 kB/s)
[INFO] Downloading from central-only: https://repo.maven.apache.org/maven2/org/jboss/weld/weld-api-parent/1.0/weld-api-parent-1.0.pom
[INFO] Downloaded from central-only: https://repo.maven.apache.org/maven2/org/jboss/weld/weld-api-parent/1.0/weld-api-parent-1.0.pom (2.4 kB at 7.5 kB/s)
[INFO] Downloading from central-only: https://repo.maven.apache.org/maven2/org/jboss/weld/weld-api-bom/1.0/weld-api-bom-1.0.pom
[INFO] Downloaded from central-only: https://repo.maven.apache.org/maven2/org/jboss/weld/weld-api-bom/1.0/weld-api-bom-1.0.pom (7.9 kB at 29 kB/s)
[INFO] Downloading from central-only: https://repo.maven.apache.org/maven2/org/jboss/weld/weld-parent/6/weld-parent-6.pom
[INFO] Downloaded from central-only: https://repo.maven.apache.org/maven2/org/jboss/weld/weld-parent/6/weld-parent-6.pom (21 kB at 71 kB/s)
[INFO] Downloading from central-only: https://repo.maven.apache.org/maven2/javax/annotation/jsr250-api/1.0/jsr250-api-1.0.pom
[INFO] Downloaded from central-only: https://repo.maven.apache.org/maven2/javax/annotation/jsr250-api/1.0/jsr250-api-1.0.pom (1.0 kB at 3.7 kB/s)
[INFO] Downloading from central-only: https://repo.maven.apache.org/maven2/javax/inject/javax.inject/1/javax.inject-1.pom
[INFO] Downloaded from central-only: https://repo.maven.apache.org/maven2/javax/inject/javax.inject/1/javax.inject-1.pom (612 B at 2.2 kB/s)
[INFO] Downloading from central-only: https://repo.maven.apache.org/maven2/com/google/guava/guava/10.0.1/guava-10.0.1.pom
[INFO] Downloaded from central-only: https://repo.maven.apache.org/maven2/com/google/guava/guava/10.0.1/guava-10.0.1.pom (5.4 kB at 19 kB/s)
[INFO] Downloading from central-only: https://repo.maven.apache.org/maven2/com/google/guava/guava-parent/10.0.1/guava-parent-10.0.1.pom
[INFO] Downloaded from central-only: https://repo.maven.apache.org/maven2/com/google/guava/guava-parent/10.0.1/guava-parent-10.0.1.pom (2.0 kB at 7.1 kB/s)
[INFO] Downloading from central-only: https://repo.maven.apache.org/maven2/com/google/code/findbugs/jsr305/1.3.9/jsr305-1.3.9.pom
[INFO] Downloaded from central-only: https://repo.maven.apache.org/maven2/com/google/code/findbugs/jsr305/1.3.9/jsr305-1.3.9.pom (965 B at 3.4 kB/s)
[INFO] Downloading from central-only: https://repo.maven.apache.org/maven2/org/sonatype/sisu/sisu-guice/3.1.0/sisu-guice-3.1.0.pom
[INFO] Downloaded from central-only: https://repo.maven.apache.org/maven2/org/sonatype/sisu/sisu-guice/3.1.0/sisu-guice-3.1.0.pom (10 kB at 32 kB/s)
[INFO] Downloading from central-only: https://repo.maven.apache.org/maven2/org/sonatype/sisu/inject/guice-parent/3.1.0/guice-parent-3.1.0.pom
[INFO] Downloaded from central-only: https://repo.maven.apache.org/maven2/org/sonatype/sisu/inject/guice-parent/3.1.0/guice-parent-3.1.0.pom (11 kB at 36 kB/s)
[INFO] Downloading from central-only: https://repo.maven.apache.org/maven2/aopalliance/aopalliance/1.0/aopalliance-1.0.pom
[INFO] Downloaded from central-only: https://repo.maven.apache.org/maven2/aopalliance/aopalliance/1.0/aopalliance-1.0.pom (363 B at 1.3 kB/s)
[INFO] Downloading from central-only: https://repo.maven.apache.org/maven2/org/eclipse/sisu/org.eclipse.sisu.inject/0.0.0.M5/org.eclipse.sisu.inject-0.0.0.M5.pom
[INFO] Downloaded from central-only: https://repo.maven.apache.org/maven2/org/eclipse/sisu/org.eclipse.sisu.inject/0.0.0.M5/org.eclipse.sisu.inject-0.0.0.M5.pom (2.5 kB at 8.9 kB/s)
[INFO] Downloading from central-only: https://repo.maven.apache.org/maven2/org/eclipse/sisu/sisu-inject/0.0.0.M5/sisu-inject-0.0.0.M5.pom
[INFO] Downloaded from central-only: https://repo.maven.apache.org/maven2/org/eclipse/sisu/sisu-inject/0.0.0.M5/sisu-inject-0.0.0.M5.pom (14 kB at 51 kB/s)
[INFO] Downloading from central-only: https://repo.maven.apache.org/maven2/org/codehaus/plexus/plexus-classworlds/2.4/plexus-classworlds-2.4.pom
[INFO] Downloaded from central-only: https://repo.maven.apache.org/maven2/org/codehaus/plexus/plexus-classworlds/2.4/plexus-classworlds-2.4.pom (3.9 kB at 14 kB/s)
[INFO] Downloading from central-only: https://repo.maven.apache.org/maven2/org/codehaus/plexus/plexus-utils/2.1/plexus-utils-2.1.pom
[INFO] Downloaded from central-only: https://repo.maven.apache.org/maven2/org/codehaus/plexus/plexus-utils/2.1/plexus-utils-2.1.pom (4.0 kB at 15 kB/s)
[INFO] Downloading from central-only: https://repo.maven.apache.org/maven2/org/sonatype/spice/spice-parent/16/spice-parent-16.pom
[INFO] Downloaded from central-only: https://repo.maven.apache.org/maven2/org/sonatype/spice/spice-parent/16/spice-parent-16.pom (8.4 kB at 28 kB/s)
[INFO] Downloading from central-only: https://repo.maven.apache.org/maven2/org/sonatype/forge/forge-parent/5/forge-parent-5.pom
[INFO] Downloaded from central-only: https://repo.maven.apache.org/maven2/org/sonatype/forge/forge-parent/5/forge-parent-5.pom (8.4 kB at 31 kB/s)
[INFO] Downloading from central-only: https://repo.maven.apache.org/maven2/org/apache/maven/maven-model-builder/3.1.1/maven-model-builder-3.1.1.pom
[INFO] Downloaded from central-only: https://repo.maven.apache.org/maven2/org/apache/maven/maven-model-builder/3.1.1/maven-model-builder-3.1.1.pom (2.8 kB at 10.0 kB/s)
[INFO] Downloading from central-only: https://repo.maven.apache.org/maven2/org/apache/maven/maven-aether-provider/3.1.1/maven-aether-provider-3.1.1.pom
[INFO] Downloaded from central-only: https://repo.maven.apache.org/maven2/org/apache/maven/maven-aether-provider/3.1.1/maven-aether-provider-3.1.1.pom (4.1 kB at 15 kB/s)
[INFO] Downloading from central-only: https://repo.maven.apache.org/maven2/org/eclipse/aether/aether-api/0.9.0.M2/aether-api-0.9.0.M2.pom
[INFO] Downloaded from central-only: https://repo.maven.apache.org/maven2/org/eclipse/aether/aether-api/0.9.0.M2/aether-api-0.9.0.M2.pom (1.7 kB at 6.1 kB/s)
[INFO] Downloading from central-only: https://repo.maven.apache.org/maven2/org/eclipse/aether/aether/0.9.0.M2/aether-0.9.0.M2.pom
[INFO] Downloaded from central-only: https://repo.maven.apache.org/maven2/org/eclipse/aether/aether/0.9.0.M2/aether-0.9.0.M2.pom (28 kB at 94 kB/s)
[INFO] Downloading from central-only: https://repo.maven.apache.org/maven2/org/eclipse/aether/aether-spi/0.9.0.M2/aether-spi-0.9.0.M2.pom
[INFO] Downloaded from central-only: https://repo.maven.apache.org/maven2/org/eclipse/aether/aether-spi/0.9.0.M2/aether-spi-0.9.0.M2.pom (1.8 kB at 6.2 kB/s)
[INFO] Downloading from central-only: https://repo.maven.apache.org/maven2/org/eclipse/aether/aether-util/0.9.0.M2/aether-util-0.9.0.M2.pom
[INFO] Downloaded from central-only: https://repo.maven.apache.org/maven2/org/eclipse/aether/aether-util/0.9.0.M2/aether-util-0.9.0.M2.pom (2.0 kB at 7.4 kB/s)
[INFO] Downloading from central-only: https://repo.maven.apache.org/maven2/org/eclipse/aether/aether-impl/0.9.0.M2/aether-impl-0.9.0.M2.pom
[INFO] Downloaded from central-only: https://repo.maven.apache.org/maven2/org/eclipse/aether/aether-impl/0.9.0.M2/aether-impl-0.9.0.M2.pom (3.3 kB at 12 kB/s)
[INFO] Downloading from central-only: https://repo.maven.apache.org/maven2/org/codehaus/plexus/plexus-classworlds/2.5.1/plexus-classworlds-2.5.1.pom
[INFO] Downloaded from central-only: https://repo.maven.apache.org/maven2/org/codehaus/plexus/plexus-classworlds/2.5.1/plexus-classworlds-2.5.1.pom (5.0 kB at 18 kB/s)
[INFO] Downloading from central-only: https://repo.maven.apache.org/maven2/org/apache/maven/shared/maven-common-artifact-filters/1.4/maven-common-artifact-filters-1.4.pom
[INFO] Downloaded from central-only: https://repo.maven.apache.org/maven2/org/apache/maven/shared/maven-common-artifact-filters/1.4/maven-common-artifact-filters-1.4.pom (3.8 kB at 13 kB/s)
[INFO] Downloading from central-only: https://repo.maven.apache.org/maven2/org/apache/maven/shared/maven-shared-components/17/maven-shared-components-17.pom
[INFO] Downloaded from central-only: https://repo.maven.apache.org/maven2/org/apache/maven/shared/maven-shared-components/17/maven-shared-components-17.pom (8.7 kB at 30 kB/s)
[INFO] Downloading from central-only: https://repo.maven.apache.org/maven2/org/apache/maven/maven-parent/21/maven-parent-21.pom
[INFO] Downloaded from central-only: https://repo.maven.apache.org/maven2/org/apache/maven/maven-parent/21/maven-parent-21.pom (26 kB at 91 kB/s)
[INFO] Downloading from central-only: https://repo.maven.apache.org/maven2/org/apache/apache/10/apache-10.pom
[INFO] Downloaded from central-only: https://repo.maven.apache.org/maven2/org/apache/apache/10/apache-10.pom (15 kB at 53 kB/s)
[INFO] Downloading from central-only: https://repo.maven.apache.org/maven2/org/apache/maven/maven-artifact/2.0.8/maven-artifact-2.0.8.pom
[INFO] Downloaded from central-only: https://repo.maven.apache.org/maven2/org/apache/maven/maven-artifact/2.0.8/maven-artifact-2.0.8.pom (1.6 kB at 5.9 kB/s)
[INFO] Downloading from central-only: https://repo.maven.apache.org/maven2/org/apache/maven/maven/2.0.8/maven-2.0.8.pom
[INFO] Downloaded from central-only: https://repo.maven.apache.org/maven2/org/apache/maven/maven/2.0.8/maven-2.0.8.pom (12 kB at 40 kB/s)
[INFO] Downloading from central-only: https://repo.maven.apache.org/maven2/org/apache/maven/maven-parent/6/maven-parent-6.pom
[INFO] Downloaded from central-only: https://repo.maven.apache.org/maven2/org/apache/maven/maven-parent/6/maven-parent-6.pom (20 kB at 68 kB/s)
[INFO] Downloading from central-only: https://repo.maven.apache.org/maven2/org/codehaus/plexus/plexus-utils/1.4.6/plexus-utils-1.4.6.pom
[INFO] Downloaded from central-only: https://repo.maven.apache.org/maven2/org/codehaus/plexus/plexus-utils/1.4.6/plexus-utils-1.4.6.pom (2.3 kB at 8.0 kB/s)
[INFO] Downloading from central-only: https://repo.maven.apache.org/maven2/org/apache/maven/maven-model/2.0.8/maven-model-2.0.8.pom
[INFO] Downloaded from central-only: https://repo.maven.apache.org/maven2/org/apache/maven/maven-model/2.0.8/maven-model-2.0.8.pom (3.1 kB at 11 kB/s)
[INFO] Downloading from central-only: https://repo.maven.apache.org/maven2/org/apache/maven/maven-project/2.0.8/maven-project-2.0.8.pom
[INFO] Downloaded from central-only: https://repo.maven.apache.org/maven2/org/apache/maven/maven-project/2.0.8/maven-project-2.0.8.pom (2.7 kB at 9.7 kB/s)
[INFO] Downloading from central-only: https://repo.maven.apache.org/maven2/org/apache/maven/maven-settings/2.0.8/maven-settings-2.0.8.pom
[INFO] Downloaded from central-only: https://repo.maven.apache.org/maven2/org/apache/maven/maven-settings/2.0.8/maven-settings-2.0.8.pom (2.1 kB at 7.3 kB/s)
[INFO] Downloading from central-only: https://repo.maven.apache.org/maven2/org/apache/maven/maven-profile/2.0.8/maven-profile-2.0.8.pom
[INFO] Downloaded from central-only: https://repo.maven.apache.org/maven2/org/apache/maven/maven-profile/2.0.8/maven-profile-2.0.8.pom (2.0 kB at 6.3 kB/s)
[INFO] Downloading from central-only: https://repo.maven.apache.org/maven2/org/apache/maven/maven-artifact-manager/2.0.8/maven-artifact-manager-2.0.8.pom
[INFO] Downloaded from central-only: https://repo.maven.apache.org/maven2/org/apache/maven/maven-artifact-manager/2.0.8/maven-artifact-manager-2.0.8.pom (2.7 kB at 8.6 kB/s)
[INFO] Downloading from central-only: https://repo.maven.apache.org/maven2/org/apache/maven/maven-repository-metadata/2.0.8/maven-repository-metadata-2.0.8.pom
[INFO] Downloaded from central-only: https://repo.maven.apache.org/maven2/org/apache/maven/maven-repository-metadata/2.0.8/maven-repository-metadata-2.0.8.pom (1.9 kB at 3.3 kB/s)
[INFO] Downloading from central-only: https://repo.maven.apache.org/maven2/org/apache/maven/maven-plugin-registry/2.0.8/maven-plugin-registry-2.0.8.pom
[INFO] Downloaded from central-only: https://repo.maven.apache.org/maven2/org/apache/maven/maven-plugin-registry/2.0.8/maven-plugin-registry-2.0.8.pom (2.0 kB at 7.1 kB/s)
[INFO] Downloading from central-only: https://repo.maven.apache.org/maven2/org/apache/maven/maven-plugin-api/2.0.8/maven-plugin-api-2.0.8.pom
[INFO] Downloaded from central-only: https://repo.maven.apache.org/maven2/org/apache/maven/maven-plugin-api/2.0.8/maven-plugin-api-2.0.8.pom (1.5 kB at 5.3 kB/s)
[INFO] Downloading from central-only: https://repo.maven.apache.org/maven2/org/codehaus/plexus/plexus-container-default/1.5.5/plexus-container-default-1.5.5.pom
[INFO] Downloaded from central-only: https://repo.maven.apache.org/maven2/org/codehaus/plexus/plexus-container-default/1.5.5/plexus-container-default-1.5.5.pom (2.8 kB at 10 kB/s)
[INFO] Downloading from central-only: https://repo.maven.apache.org/maven2/org/codehaus/plexus/plexus-classworlds/2.2.2/plexus-classworlds-2.2.2.pom
[INFO] Downloaded from central-only: https://repo.maven.apache.org/maven2/org/codehaus/plexus/plexus-classworlds/2.2.2/plexus-classworlds-2.2.2.pom (4.0 kB at 14 kB/s)
[INFO] Downloading from central-only: https://repo.maven.apache.org/maven2/org/codehaus/plexus/plexus/2.0.3/plexus-2.0.3.pom
[INFO] Downloaded from central-only: https://repo.maven.apache.org/maven2/org/codehaus/plexus/plexus/2.0.3/plexus-2.0.3.pom (15 kB at 52 kB/s)
[INFO] Downloading from central-only: https://repo.maven.apache.org/maven2/org/apache/xbean/xbean-reflect/3.4/xbean-reflect-3.4.pom
[INFO] Downloaded from central-only: https://repo.maven.apache.org/maven2/org/apache/xbean/xbean-reflect/3.4/xbean-reflect-3.4.pom (2.8 kB at 9.4 kB/s)
[INFO] Downloading from central-only: https://repo.maven.apache.org/maven2/org/apache/xbean/xbean/3.4/xbean-3.4.pom
[INFO] Downloaded from central-only: https://repo.maven.apache.org/maven2/org/apache/xbean/xbean/3.4/xbean-3.4.pom (19 kB at 60 kB/s)
[INFO] Downloading from central-only: https://repo.maven.apache.org/maven2/log4j/log4j/1.2.12/log4j-1.2.12.pom
[INFO] Downloaded from central-only: https://repo.maven.apache.org/maven2/log4j/log4j/1.2.12/log4j-1.2.12.pom (145 B at 488 B/s)
[INFO] Downloading from central-only: https://repo.maven.apache.org/maven2/commons-logging/commons-logging-api/1.1/commons-logging-api-1.1.pom
[INFO] Downloaded from central-only: https://repo.maven.apache.org/maven2/commons-logging/commons-logging-api/1.1/commons-logging-api-1.1.pom (5.3 kB at 19 kB/s)
[INFO] Downloading from central-only: https://repo.maven.apache.org/maven2/com/google/collections/google-collections/1.0/google-collections-1.0.pom
[INFO] Downloaded from central-only: https://repo.maven.apache.org/maven2/com/google/collections/google-collections/1.0/google-collections-1.0.pom (2.5 kB at 8.9 kB/s)
[INFO] Downloading from central-only: https://repo.maven.apache.org/maven2/com/google/google/1/google-1.pom
[INFO] Downloaded from central-only: https://repo.maven.apache.org/maven2/com/google/google/1/google-1.pom (1.6 kB at 5.6 kB/s)
[INFO] Downloading from central-only: https://repo.maven.apache.org/maven2/org/codehaus/plexus/plexus-utils/3.0.24/plexus-utils-3.0.24.pom
[INFO] Downloaded from central-only: https://repo.maven.apache.org/maven2/org/codehaus/plexus/plexus-utils/3.0.24/plexus-utils-3.0.24.pom (4.1 kB at 14 kB/s)
[INFO] Downloading from central-only: https://repo.maven.apache.org/maven2/org/codehaus/plexus/plexus/4.0/plexus-4.0.pom
[INFO] Downloaded from central-only: https://repo.maven.apache.org/maven2/org/codehaus/plexus/plexus/4.0/plexus-4.0.pom (22 kB at 74 kB/s)
[INFO] Downloading from central-only: https://repo.maven.apache.org/maven2/org/sonatype/plexus/plexus-build-api/0.0.7/plexus-build-api-0.0.7.pom
[INFO] Downloaded from central-only: https://repo.maven.apache.org/maven2/org/sonatype/plexus/plexus-build-api/0.0.7/plexus-build-api-0.0.7.pom (3.2 kB at 11 kB/s)
[INFO] Downloading from central-only: https://repo.maven.apache.org/maven2/org/sonatype/spice/spice-parent/15/spice-parent-15.pom
[INFO] Downloaded from central-only: https://repo.maven.apache.org/maven2/org/sonatype/spice/spice-parent/15/spice-parent-15.pom (8.4 kB at 28 kB/s)
[INFO] Downloading from central-only: https://repo.maven.apache.org/maven2/org/codehaus/plexus/plexus-utils/1.5.8/plexus-utils-1.5.8.pom
[INFO] Downloaded from central-only: https://repo.maven.apache.org/maven2/org/codehaus/plexus/plexus-utils/1.5.8/plexus-utils-1.5.8.pom (8.1 kB at 29 kB/s)
[INFO] Downloading from central-only: https://repo.maven.apache.org/maven2/org/apache/maven/plugins/maven-shade-plugin/2.2/maven-shade-plugin-2.2.pom
[INFO] Downloaded from central-only: https://repo.maven.apache.org/maven2/org/apache/maven/plugins/maven-shade-plugin/2.2/maven-shade-plugin-2.2.pom (7.8 kB at 27 kB/s)
[INFO] Downloading from central-only: https://repo.maven.apache.org/maven2/org/apache/maven/plugins/maven-plugins/24/maven-plugins-24.pom
[INFO] Downloaded from central-only: https://repo.maven.apache.org/maven2/org/apache/maven/plugins/maven-plugins/24/maven-plugins-24.pom (11 kB at 36 kB/s)
[INFO] Downloading from central-only: https://repo.maven.apache.org/maven2/org/apache/maven/maven-plugin-api/3.0/maven-plugin-api-3.0.pom
[INFO] Downloaded from central-only: https://repo.maven.apache.org/maven2/org/apache/maven/maven-plugin-api/3.0/maven-plugin-api-3.0.pom (2.3 kB at 8.2 kB/s)
[INFO] Downloading from central-only: https://repo.maven.apache.org/maven2/org/apache/maven/maven/3.0/maven-3.0.pom
[INFO] Downloaded from central-only: https://repo.maven.apache.org/maven2/org/apache/maven/maven/3.0/maven-3.0.pom (22 kB at 76 kB/s)
[INFO] Downloading from central-only: https://repo.maven.apache.org/maven2/org/apache/maven/maven-parent/15/maven-parent-15.pom
[INFO] Downloaded from central-only: https://repo.maven.apache.org/maven2/org/apache/maven/maven-parent/15/maven-parent-15.pom (24 kB at 82 kB/s)
[INFO] Downloading from central-only: https://repo.maven.apache.org/maven2/org/apache/apache/6/apache-6.pom
[INFO] Downloaded from central-only: https://repo.maven.apache.org/maven2/org/apache/apache/6/apache-6.pom (13 kB at 46 kB/s)
[INFO] Downloading from central-only: https://repo.maven.apache.org/maven2/org/apache/maven/maven-model/3.0/maven-model-3.0.pom
[INFO] Downloaded from central-only: https://repo.maven.apache.org/maven2/org/apache/maven/maven-model/3.0/maven-model-3.0.pom (3.9 kB at 14 kB/s)
[INFO] Downloading from central-only: https://repo.maven.apache.org/maven2/org/codehaus/plexus/plexus-utils/2.0.4/plexus-utils-2.0.4.pom
[INFO] Downloaded from central-only: https://repo.maven.apache.org/maven2/org/codehaus/plexus/plexus-utils/2.0.4/plexus-utils-2.0.4.pom (3.3 kB at 12 kB/s)
[INFO] Downloading from central-only: https://repo.maven.apache.org/maven2/org/codehaus/plexus/plexus/2.0.6/plexus-2.0.6.pom
[INFO] Downloaded from central-only: https://repo.maven.apache.org/maven2/org/codehaus/plexus/plexus/2.0.6/plexus-2.0.6.pom (17 kB at 57 kB/s)
[INFO] Downloading from central-only: https://repo.maven.apache.org/maven2/org/apache/maven/maven-artifact/3.0/maven-artifact-3.0.pom
[INFO] Downloaded from central-only: https://repo.maven.apache.org/maven2/org/apache/maven/maven-artifact/3.0/maven-artifact-3.0.pom (1.9 kB at 6.7 kB/s)
[INFO] Downloading from central-only: https://repo.maven.apache.org/maven2/org/sonatype/sisu/sisu-inject-plexus/1.4.2/sisu-inject-plexus-1.4.2.pom
[INFO] Downloaded from central-only: https://repo.maven.apache.org/maven2/org/sonatype/sisu/sisu-inject-plexus/1.4.2/sisu-inject-plexus-1.4.2.pom (5.4 kB at 19 kB/s)
[INFO] Downloading from central-only: https://repo.maven.apache.org/maven2/org/sonatype/sisu/inject/guice-plexus/1.4.2/guice-plexus-1.4.2.pom
[INFO] Downloaded from central-only: https://repo.maven.apache.org/maven2/org/sonatype/sisu/inject/guice-plexus/1.4.2/guice-plexus-1.4.2.pom (3.1 kB at 11 kB/s)
[INFO] Downloading from central-only: https://repo.maven.apache.org/maven2/org/sonatype/sisu/inject/guice-bean/1.4.2/guice-bean-1.4.2.pom
[INFO] Downloaded from central-only: https://repo.maven.apache.org/maven2/org/sonatype/sisu/inject/guice-bean/1.4.2/guice-bean-1.4.2.pom (2.6 kB at 8.2 kB/s)
[INFO] Downloading from central-only: https://repo.maven.apache.org/maven2/org/sonatype/sisu/sisu-inject/1.4.2/sisu-inject-1.4.2.pom
[INFO] Downloaded from central-only: https://repo.maven.apache.org/maven2/org/sonatype/sisu/sisu-inject/1.4.2/sisu-inject-1.4.2.pom (1.2 kB at 4.5 kB/s)
[INFO] Downloading from central-only: https://repo.maven.apache.org/maven2/org/sonatype/sisu/sisu-parent/1.4.2/sisu-parent-1.4.2.pom
[INFO] Downloaded from central-only: https://repo.maven.apache.org/maven2/org/sonatype/sisu/sisu-parent/1.4.2/sisu-parent-1.4.2.pom (7.8 kB at 23 kB/s)
[INFO] Downloading from central-only: https://repo.maven.apache.org/maven2/org/sonatype/forge/forge-parent/6/forge-parent-6.pom
[INFO] Downloaded from central-only: https://repo.maven.apache.org/maven2/org/sonatype/forge/forge-parent/6/forge-parent-6.pom (11 kB at 37 kB/s)
[INFO] Downloading from central-only: https://repo.maven.apache.org/maven2/org/codehaus/plexus/plexus-component-annotations/1.5.4/plexus-component-annotations-1.5.4.pom
[INFO] Downloaded from central-only: https://repo.maven.apache.org/maven2/org/codehaus/plexus/plexus-component-annotations/1.5.4/plexus-component-annotations-1.5.4.pom (815 B at 2.9 kB/s)
[INFO] Downloading from central-only: https://repo.maven.apache.org/maven2/org/codehaus/plexus/plexus-containers/1.5.4/plexus-containers-1.5.4.pom
[INFO] Downloaded from central-only: https://repo.maven.apache.org/maven2/org/codehaus/plexus/plexus-containers/1.5.4/plexus-containers-1.5.4.pom (4.2 kB at 15 kB/s)
[INFO] Downloading from central-only: https://repo.maven.apache.org/maven2/org/codehaus/plexus/plexus/2.0.5/plexus-2.0.5.pom
[INFO] Downloaded from central-only: https://repo.maven.apache.org/maven2/org/codehaus/plexus/plexus/2.0.5/plexus-2.0.5.pom (17 kB at 62 kB/s)
[INFO] Downloading from central-only: https://repo.maven.apache.org/maven2/org/codehaus/plexus/plexus-classworlds/2.2.3/plexus-classworlds-2.2.3.pom
[INFO] Downloaded from central-only: https://repo.maven.apache.org/maven2/org/codehaus/plexus/plexus-classworlds/2.2.3/plexus-classworlds-2.2.3.pom (4.0 kB at 14 kB/s)
[INFO] Downloading from central-only: https://repo.maven.apache.org/maven2/org/codehaus/plexus/plexus-utils/2.0.5/plexus-utils-2.0.5.pom
[INFO] Downloaded from central-only: https://repo.maven.apache.org/maven2/org/codehaus/plexus/plexus-utils/2.0.5/plexus-utils-2.0.5.pom (3.3 kB at 11 kB/s)
[INFO] Downloading from central-only: https://repo.maven.apache.org/maven2/org/sonatype/sisu/sisu-inject-bean/1.4.2/sisu-inject-bean-1.4.2.pom
[INFO] Downloaded from central-only: https://repo.maven.apache.org/maven2/org/sonatype/sisu/sisu-inject-bean/1.4.2/sisu-inject-bean-1.4.2.pom (5.5 kB at 19 kB/s)
[INFO] Downloading from central-only: https://repo.maven.apache.org/maven2/org/sonatype/sisu/sisu-guice/2.1.7/sisu-guice-2.1.7.pom
[INFO] Downloaded from central-only: https://repo.maven.apache.org/maven2/org/sonatype/sisu/sisu-guice/2.1.7/sisu-guice-2.1.7.pom (11 kB at 38 kB/s)
[INFO] Downloading from central-only: https://repo.maven.apache.org/maven2/org/apache/maven/maven-core/3.0/maven-core-3.0.pom
[INFO] Downloaded from central-only: https://repo.maven.apache.org/maven2/org/apache/maven/maven-core/3.0/maven-core-3.0.pom (6.6 kB at 24 kB/s)
[INFO] Downloading from central-only: https://repo.maven.apache.org/maven2/org/apache/maven/maven-settings/3.0/maven-settings-3.0.pom
[INFO] Downloaded from central-only: https://repo.maven.apache.org/maven2/org/apache/maven/maven-settings/3.0/maven-settings-3.0.pom (1.9 kB at 6.6 kB/s)
[INFO] Downloading from central-only: https://repo.maven.apache.org/maven2/org/apache/maven/maven-settings-builder/3.0/maven-settings-builder-3.0.pom
[INFO] Downloaded from central-only: https://repo.maven.apache.org/maven2/org/apache/maven/maven-settings-builder/3.0/maven-settings-builder-3.0.pom (2.2 kB at 7.9 kB/s)
[INFO] Downloading from central-only: https://repo.maven.apache.org/maven2/org/codehaus/plexus/plexus-interpolation/1.14/plexus-interpolation-1.14.pom
[INFO] Downloaded from central-only: https://repo.maven.apache.org/maven2/org/codehaus/plexus/plexus-interpolation/1.14/plexus-interpolation-1.14.pom (910 B at 3.3 kB/s)
[INFO] Downloading from central-only: https://repo.maven.apache.org/maven2/org/codehaus/plexus/plexus-components/1.1.18/plexus-components-1.1.18.pom
[INFO] Downloaded from central-only: https://repo.maven.apache.org/maven2/org/codehaus/plexus/plexus-components/1.1.18/plexus-components-1.1.18.pom (5.4 kB at 19 kB/s)
[INFO] Downloading from central-only: https://repo.maven.apache.org/maven2/org/apache/maven/maven-repository-metadata/3.0/maven-repository-metadata-3.0.pom
[INFO] Downloaded from central-only: https://repo.maven.apache.org/maven2/org/apache/maven/maven-repository-metadata/3.0/maven-repository-metadata-3.0.pom (1.9 kB at 6.8 kB/s)
[INFO] Downloading from central-only: https://repo.maven.apache.org/maven2/org/apache/maven/maven-model-builder/3.0/maven-model-builder-3.0.pom
[INFO] Downloaded from central-only: https://repo.maven.apache.org/maven2/org/apache/maven/maven-model-builder/3.0/maven-model-builder-3.0.pom (2.2 kB at 7.9 kB/s)
[INFO] Downloading from central-only: https://repo.maven.apache.org/maven2/org/apache/maven/maven-aether-provider/3.0/maven-aether-provider-3.0.pom
[INFO] Downloaded from central-only: https://repo.maven.apache.org/maven2/org/apache/maven/maven-aether-provider/3.0/maven-aether-provider-3.0.pom (2.5 kB at 9.0 kB/s)
[INFO] Downloading from central-only: https://repo.maven.apache.org/maven2/org/sonatype/aether/aether-api/1.7/aether-api-1.7.pom
[INFO] Downloaded from central-only: https://repo.maven.apache.org/maven2/org/sonatype/aether/aether-api/1.7/aether-api-1.7.pom (1.7 kB at 6.0 kB/s)
[INFO] Downloading from central-only: https://repo.maven.apache.org/maven2/org/sonatype/aether/aether-parent/1.7/aether-parent-1.7.pom
[INFO] Downloaded from central-only: https://repo.maven.apache.org/maven2/org/sonatype/aether/aether-parent/1.7/aether-parent-1.7.pom (7.7 kB at 28 kB/s)
[INFO] Downloading from central-only: https://repo.maven.apache.org/maven2/org/sonatype/aether/aether-util/1.7/aether-util-1.7.pom
[INFO] Downloaded from central-only: https://repo.maven.apache.org/maven2/org/sonatype/aether/aether-util/1.7/aether-util-1.7.pom (2.1 kB at 7.3 kB/s)
[INFO] Downloading from central-only: https://repo.maven.apache.org/maven2/org/sonatype/aether/aether-impl/1.7/aether-impl-1.7.pom
[INFO] Downloaded from central-only: https://repo.maven.apache.org/maven2/org/sonatype/aether/aether-impl/1.7/aether-impl-1.7.pom (3.7 kB at 13 kB/s)
[INFO] Downloading from central-only: https://repo.maven.apache.org/maven2/org/sonatype/aether/aether-spi/1.7/aether-spi-1.7.pom
[INFO] Downloaded from central-only: https://repo.maven.apache.org/maven2/org/sonatype/aether/aether-spi/1.7/aether-spi-1.7.pom (1.7 kB at 6.1 kB/s)
[INFO] Downloading from central-only: https://repo.maven.apache.org/maven2/org/apache/maven/maven-compat/3.0/maven-compat-3.0.pom
[INFO] Downloaded from central-only: https://repo.maven.apache.org/maven2/org/apache/maven/maven-compat/3.0/maven-compat-3.0.pom (4.0 kB at 15 kB/s)
[INFO] Downloading from central-only: https://repo.maven.apache.org/maven2/org/apache/maven/wagon/wagon-provider-api/1.0-beta-6/wagon-provider-api-1.0-beta-6.pom
[INFO] Downloaded from central-only: https://repo.maven.apache.org/maven2/org/apache/maven/wagon/wagon-provider-api/1.0-beta-6/wagon-provider-api-1.0-beta-6.pom (1.8 kB at 5.6 kB/s)
[INFO] Downloading from central-only: https://repo.maven.apache.org/maven2/org/apache/maven/wagon/wagon/1.0-beta-6/wagon-1.0-beta-6.pom
[INFO] Downloaded from central-only: https://repo.maven.apache.org/maven2/org/apache/maven/wagon/wagon/1.0-beta-6/wagon-1.0-beta-6.pom (12 kB at 43 kB/s)
[INFO] Downloading from central-only: https://repo.maven.apache.org/maven2/org/codehaus/plexus/plexus-utils/1.4.2/plexus-utils-1.4.2.pom
[INFO] Downloaded from central-only: https://repo.maven.apache.org/maven2/org/codehaus/plexus/plexus-utils/1.4.2/plexus-utils-1.4.2.pom (2.0 kB at 7.0 kB/s)
[INFO] Downloading from central-only: https://repo.maven.apache.org/maven2/asm/asm/3.3.1/asm-3.3.1.pom
[INFO] Downloaded from central-only: https://repo.maven.apache.org/maven2/asm/asm/3.3.1/asm-3.3.1.pom (266 B at 960 B/s)
[INFO] Downloading from central-only: https://repo.maven.apache.org/maven2/asm/asm-parent/3.3.1/asm-parent-3.3.1.pom
[INFO] Downloaded from central-only: https://repo.maven.apache.org/maven2/asm/asm-parent/3.3.1/asm-parent-3.3.1.pom (4.3 kB at 15 kB/s)
[INFO] Downloading from central-only: https://repo.maven.apache.org/maven2/asm/asm-commons/3.3.1/asm-commons-3.3.1.pom
[INFO] Downloaded from central-only: https://repo.maven.apache.org/maven2/asm/asm-commons/3.3.1/asm-commons-3.3.1.pom (417 B at 1.4 kB/s)
[INFO] Downloading from central-only: https://repo.maven.apache.org/maven2/asm/asm-tree/3.3.1/asm-tree-3.3.1.pom
[INFO] Downloaded from central-only: https://repo.maven.apache.org/maven2/asm/asm-tree/3.3.1/asm-tree-3.3.1.pom (406 B at 1.4 kB/s)
[INFO] Downloading from central-only: https://repo.maven.apache.org/maven2/org/apache/maven/shared/maven-dependency-tree/2.1/maven-dependency-tree-2.1.pom
[INFO] Downloaded from central-only: https://repo.maven.apache.org/maven2/org/apache/maven/shared/maven-dependency-tree/2.1/maven-dependency-tree-2.1.pom (6.8 kB at 23 kB/s)
[INFO] Downloading from central-only: https://repo.maven.apache.org/maven2/org/apache/maven/shared/maven-shared-components/19/maven-shared-components-19.pom
[INFO] Downloaded from central-only: https://repo.maven.apache.org/maven2/org/apache/maven/shared/maven-shared-components/19/maven-shared-components-19.pom (6.4 kB at 18 kB/s)
[INFO] Downloading from central-only: https://repo.maven.apache.org/maven2/org/apache/maven/maven-project/2.2.0/maven-project-2.2.0.pom
[INFO] Downloaded from central-only: https://repo.maven.apache.org/maven2/org/apache/maven/maven-project/2.2.0/maven-project-2.2.0.pom (2.8 kB at 9.6 kB/s)
[INFO] Downloading from central-only: https://repo.maven.apache.org/maven2/org/apache/maven/maven/2.2.0/maven-2.2.0.pom
[INFO] Downloaded from central-only: https://repo.maven.apache.org/maven2/org/apache/maven/maven/2.2.0/maven-2.2.0.pom (22 kB at 77 kB/s)
[INFO] Downloading from central-only: https://repo.maven.apache.org/maven2/org/apache/maven/maven-settings/2.2.0/maven-settings-2.2.0.pom
[INFO] Downloaded from central-only: https://repo.maven.apache.org/maven2/org/apache/maven/maven-settings/2.2.0/maven-settings-2.2.0.pom (2.2 kB at 7.0 kB/s)
[INFO] Downloading from central-only: https://repo.maven.apache.org/maven2/org/apache/maven/maven-model/2.2.0/maven-model-2.2.0.pom
[INFO] Downloaded from central-only: https://repo.maven.apache.org/maven2/org/apache/maven/maven-model/2.2.0/maven-model-2.2.0.pom (3.2 kB at 12 kB/s)
[INFO] Downloading from central-only: https://repo.maven.apache.org/maven2/org/apache/maven/maven-profile/2.2.0/maven-profile-2.2.0.pom
[INFO] Downloaded from central-only: https://repo.maven.apache.org/maven2/org/apache/maven/maven-profile/2.2.0/maven-profile-2.2.0.pom (2.2 kB at 7.8 kB/s)
[INFO] Downloading from central-only: https://repo.maven.apache.org/maven2/org/apache/maven/maven-artifact-manager/2.2.0/maven-artifact-manager-2.2.0.pom
[INFO] Downloaded from central-only: https://repo.maven.apache.org/maven2/org/apache/maven/maven-artifact-manager/2.2.0/maven-artifact-manager-2.2.0.pom (3.1 kB at 11 kB/s)
[INFO] Downloading from central-only: https://repo.maven.apache.org/maven2/org/apache/maven/maven-repository-metadata/2.2.0/maven-repository-metadata-2.2.0.pom
[INFO] Downloaded from central-only: https://repo.maven.apache.org/maven2/org/apache/maven/maven-repository-metadata/2.2.0/maven-repository-metadata-2.2.0.pom (1.9 kB at 6.6 kB/s)
[INFO] Downloading from central-only: https://repo.maven.apache.org/maven2/org/apache/maven/maven-artifact/2.2.0/maven-artifact-2.2.0.pom
[INFO] Downloaded from central-only: https://repo.maven.apache.org/maven2/org/apache/maven/maven-artifact/2.2.0/maven-artifact-2.2.0.pom (1.6 kB at 5.8 kB/s)
[INFO] Downloading from central-only: https://repo.maven.apache.org/maven2/org/apache/maven/maven-plugin-registry/2.2.0/maven-plugin-registry-2.2.0.pom
[INFO] Downloaded from central-only: https://repo.maven.apache.org/maven2/org/apache/maven/maven-plugin-registry/2.2.0/maven-plugin-registry-2.2.0.pom (1.9 kB at 7.1 kB/s)
[INFO] Downloading from central-only: https://repo.maven.apache.org/maven2/org/vafer/jdependency/0.7/jdependency-0.7.pom
[INFO] Downloaded from central-only: https://repo.maven.apache.org/maven2/org/vafer/jdependency/0.7/jdependency-0.7.pom (7.5 kB at 27 kB/s)
[INFO] Downloading from central-only: https://repo.maven.apache.org/maven2/asm/asm/3.2/asm-3.2.pom
[INFO] Downloaded from central-only: https://repo.maven.apache.org/maven2/asm/asm/3.2/asm-3.2.pom (264 B at 926 B/s)
[INFO] Downloading from central-only: https://repo.maven.apache.org/maven2/asm/asm-parent/3.2/asm-parent-3.2.pom
[INFO] Downloaded from central-only: https://repo.maven.apache.org/maven2/asm/asm-parent/3.2/asm-parent-3.2.pom (4.4 kB at 16 kB/s)
[INFO] Downloading from central-only: https://repo.maven.apache.org/maven2/asm/asm-analysis/3.2/asm-analysis-3.2.pom
[INFO] Downloaded from central-only: https://repo.maven.apache.org/maven2/asm/asm-analysis/3.2/asm-analysis-3.2.pom (417 B at 1.5 kB/s)
[INFO] Downloading from central-only: https://repo.maven.apache.org/maven2/asm/asm-tree/3.2/asm-tree-3.2.pom
[INFO] Downloaded from central-only: https://repo.maven.apache.org/maven2/asm/asm-tree/3.2/asm-tree-3.2.pom (404 B at 1.4 kB/s)
[INFO] Downloading from central-only: https://repo.maven.apache.org/maven2/asm/asm-commons/3.2/asm-commons-3.2.pom
[INFO] Downloaded from central-only: https://repo.maven.apache.org/maven2/asm/asm-commons/3.2/asm-commons-3.2.pom (415 B at 1.4 kB/s)
[INFO] Downloading from central-only: https://repo.maven.apache.org/maven2/asm/asm-util/3.2/asm-util-3.2.pom
[INFO] Downloaded from central-only: https://repo.maven.apache.org/maven2/asm/asm-util/3.2/asm-util-3.2.pom (409 B at 1.3 kB/s)
[INFO] Downloading from central-only: https://repo.maven.apache.org/maven2/com/google/guava/guava/11.0.2/guava-11.0.2.pom
[INFO] Downloaded from central-only: https://repo.maven.apache.org/maven2/com/google/guava/guava/11.0.2/guava-11.0.2.pom (5.5 kB at 19 kB/s)
[INFO] Downloading from central-only: https://repo.maven.apache.org/maven2/com/google/guava/guava-parent/11.0.2/guava-parent-11.0.2.pom
[INFO] Downloaded from central-only: https://repo.maven.apache.org/maven2/com/google/guava/guava-parent/11.0.2/guava-parent-11.0.2.pom (2.0 kB at 7.1 kB/s)
[INFO] Downloading from central-only: https://repo.maven.apache.org/maven2/org/springframework/boot/spring-boot-loader-tools/2.0.3.RELEASE/spring-boot-loader-tools-2.0.3.RELEASE.jar
[INFO] Downloaded from central-only: https://repo.maven.apache.org/maven2/org/springframework/boot/spring-boot-loader-tools/2.0.3.RELEASE/spring-boot-loader-tools-2.0.3.RELEASE.jar (148 kB at 497 kB/s)
[INFO] Downloading from central-only: https://repo.maven.apache.org/maven2/org/springframework/spring-core/5.0.7.RELEASE/spring-core-5.0.7.RELEASE.jar
[INFO] Downloading from central-only: https://repo.maven.apache.org/maven2/org/springframework/spring-jcl/5.0.7.RELEASE/spring-jcl-5.0.7.RELEASE.jar
[INFO] Downloading from central-only: https://repo.maven.apache.org/maven2/org/apache/commons/commons-compress/1.14/commons-compress-1.14.jar
[INFO] Downloading from central-only: https://repo.maven.apache.org/maven2/org/apache/maven/maven-archiver/2.6/maven-archiver-2.6.jar
[INFO] Downloading from central-only: https://repo.maven.apache.org/maven2/org/apache/maven/shared/maven-shared-utils/0.7/maven-shared-utils-0.7.jar
[INFO] Downloaded from central-only: https://repo.maven.apache.org/maven2/org/apache/maven/shared/maven-shared-utils/0.7/maven-shared-utils-0.7.jar (170 kB at 603 kB/s)
[INFO] Downloading from central-only: https://repo.maven.apache.org/maven2/com/google/code/findbugs/jsr305/2.0.1/jsr305-2.0.1.jar
[INFO] Downloaded from central-only: https://repo.maven.apache.org/maven2/org/apache/commons/commons-compress/1.14/commons-compress-1.14.jar (530 kB at 1.6 MB/s)
[INFO] Downloading from central-only: https://repo.maven.apache.org/maven2/org/codehaus/plexus/plexus-interpolation/1.21/plexus-interpolation-1.21.jar
[INFO] Downloaded from central-only: https://repo.maven.apache.org/maven2/org/springframework/spring-core/5.0.7.RELEASE/spring-core-5.0.7.RELEASE.jar (1.2 MB at 3.6 MB/s)
[INFO] Downloading from central-only: https://repo.maven.apache.org/maven2/org/apache/maven/maven-artifact/3.1.1/maven-artifact-3.1.1.jar
[INFO] Downloaded from central-only: https://repo.maven.apache.org/maven2/org/springframework/spring-jcl/5.0.7.RELEASE/spring-jcl-5.0.7.RELEASE.jar (22 kB at 58 kB/s)
[INFO] Downloading from central-only: https://repo.maven.apache.org/maven2/org/apache/maven/maven-core/3.1.1/maven-core-3.1.1.jar
[INFO] Downloaded from central-only: https://repo.maven.apache.org/maven2/org/apache/maven/maven-archiver/2.6/maven-archiver-2.6.jar (23 kB at 59 kB/s)
[INFO] Downloading from central-only: https://repo.maven.apache.org/maven2/org/apache/maven/maven-settings-builder/3.1.1/maven-settings-builder-3.1.1.jar
[INFO] Downloaded from central-only: https://repo.maven.apache.org/maven2/org/codehaus/plexus/plexus-interpolation/1.21/plexus-interpolation-1.21.jar (62 kB at 103 kB/s)
[INFO] Downloading from central-only: https://repo.maven.apache.org/maven2/org/apache/maven/maven-repository-metadata/3.1.1/maven-repository-metadata-3.1.1.jar
[INFO] Downloaded from central-only: https://repo.maven.apache.org/maven2/org/apache/maven/maven-artifact/3.1.1/maven-artifact-3.1.1.jar (52 kB at 85 kB/s)
[INFO] Downloading from central-only: https://repo.maven.apache.org/maven2/org/apache/maven/maven-model-builder/3.1.1/maven-model-builder-3.1.1.jar
[INFO] Downloaded from central-only: https://repo.maven.apache.org/maven2/org/apache/maven/maven-core/3.1.1/maven-core-3.1.1.jar (557 kB at 847 kB/s)
[INFO] Downloading from central-only: https://repo.maven.apache.org/maven2/org/apache/maven/maven-aether-provider/3.1.1/maven-aether-provider-3.1.1.jar
[INFO] Downloaded from central-only: https://repo.maven.apache.org/maven2/com/google/code/findbugs/jsr305/2.0.1/jsr305-2.0.1.jar (32 kB at 39 kB/s)
[INFO] Downloading from central-only: https://repo.maven.apache.org/maven2/org/eclipse/aether/aether-spi/0.9.0.M2/aether-spi-0.9.0.M2.jar
[INFO] Downloaded from central-only: https://repo.maven.apache.org/maven2/org/apache/maven/maven-settings-builder/3.1.1/maven-settings-builder-3.1.1.jar (42 kB at 49 kB/s)
[INFO] Downloading from central-only: https://repo.maven.apache.org/maven2/org/eclipse/aether/aether-impl/0.9.0.M2/aether-impl-0.9.0.M2.jar
[INFO] Downloaded from central-only: https://repo.maven.apache.org/maven2/org/apache/maven/maven-model-builder/3.1.1/maven-model-builder-3.1.1.jar (160 kB at 175 kB/s)
[INFO] Downloading from central-only: https://repo.maven.apache.org/maven2/org/eclipse/aether/aether-api/0.9.0.M2/aether-api-0.9.0.M2.jar
[INFO] Downloaded from central-only: https://repo.maven.apache.org/maven2/org/apache/maven/maven-aether-provider/3.1.1/maven-aether-provider-3.1.1.jar (60 kB at 64 kB/s)
[INFO] Downloading from central-only: https://repo.maven.apache.org/maven2/org/eclipse/aether/aether-util/0.9.0.M2/aether-util-0.9.0.M2.jar
[INFO] Downloaded from central-only: https://repo.maven.apache.org/maven2/org/apache/maven/maven-repository-metadata/3.1.1/maven-repository-metadata-3.1.1.jar (25 kB at 26 kB/s)
[INFO] Downloading from central-only: https://repo.maven.apache.org/maven2/org/eclipse/sisu/org.eclipse.sisu.plexus/0.0.0.M5/org.eclipse.sisu.plexus-0.0.0.M5.jar
[INFO] Downloaded from central-only: https://repo.maven.apache.org/maven2/org/eclipse/aether/aether-impl/0.9.0.M2/aether-impl-0.9.0.M2.jar (145 kB at 127 kB/s)
[INFO] Downloading from central-only: https://repo.maven.apache.org/maven2/javax/enterprise/cdi-api/1.0/cdi-api-1.0.jar
[INFO] Downloaded from central-only: https://repo.maven.apache.org/maven2/org/eclipse/aether/aether-spi/0.9.0.M2/aether-spi-0.9.0.M2.jar (18 kB at 15 kB/s)
[INFO] Downloading from central-only: https://repo.maven.apache.org/maven2/javax/annotation/jsr250-api/1.0/jsr250-api-1.0.jar
[INFO] Downloaded from central-only: https://repo.maven.apache.org/maven2/org/eclipse/aether/aether-api/0.9.0.M2/aether-api-0.9.0.M2.jar (134 kB at 112 kB/s)
[INFO] Downloading from central-only: https://repo.maven.apache.org/maven2/javax/inject/javax.inject/1/javax.inject-1.jar
[INFO] Downloaded from central-only: https://repo.maven.apache.org/maven2/org/eclipse/aether/aether-util/0.9.0.M2/aether-util-0.9.0.M2.jar (134 kB at 108 kB/s)
[INFO] Downloading from central-only: https://repo.maven.apache.org/maven2/org/sonatype/sisu/sisu-guice/3.1.0/sisu-guice-3.1.0-no_aop.jar
[INFO] Downloaded from central-only: https://repo.maven.apache.org/maven2/org/eclipse/sisu/org.eclipse.sisu.plexus/0.0.0.M5/org.eclipse.sisu.plexus-0.0.0.M5.jar (197 kB at 154 kB/s)
[INFO] Downloading from central-only: https://repo.maven.apache.org/maven2/aopalliance/aopalliance/1.0/aopalliance-1.0.jar
[INFO] Downloaded from central-only: https://repo.maven.apache.org/maven2/javax/inject/javax.inject/1/javax.inject-1.jar (2.5 kB at 1.7 kB/s)
[INFO] Downloading from central-only: https://repo.maven.apache.org/maven2/org/eclipse/sisu/org.eclipse.sisu.inject/0.0.0.M5/org.eclipse.sisu.inject-0.0.0.M5.jar
[INFO] Downloaded from central-only: https://repo.maven.apache.org/maven2/javax/annotation/jsr250-api/1.0/jsr250-api-1.0.jar (5.8 kB at 3.9 kB/s)
[INFO] Downloading from central-only: https://repo.maven.apache.org/maven2/org/codehaus/plexus/plexus-classworlds/2.5.1/plexus-classworlds-2.5.1.jar
[INFO] Downloaded from central-only: https://repo.maven.apache.org/maven2/org/sonatype/sisu/sisu-guice/3.1.0/sisu-guice-3.1.0-no_aop.jar (357 kB at 233 kB/s)
[INFO] Downloading from central-only: https://repo.maven.apache.org/maven2/org/codehaus/plexus/plexus-component-annotations/1.5.5/plexus-component-annotations-1.5.5.jar
[INFO] Downloaded from central-only: https://repo.maven.apache.org/maven2/aopalliance/aopalliance/1.0/aopalliance-1.0.jar (4.5 kB at 2.9 kB/s)
[INFO] Downloading from central-only: https://repo.maven.apache.org/maven2/org/sonatype/plexus/plexus-sec-dispatcher/1.3/plexus-sec-dispatcher-1.3.jar
[INFO] Downloaded from central-only: https://repo.maven.apache.org/maven2/org/eclipse/sisu/org.eclipse.sisu.inject/0.0.0.M5/org.eclipse.sisu.inject-0.0.0.M5.jar (291 kB at 168 kB/s)
[INFO] Downloading from central-only: https://repo.maven.apache.org/maven2/org/sonatype/plexus/plexus-cipher/1.4/plexus-cipher-1.4.jar
[INFO] Downloaded from central-only: https://repo.maven.apache.org/maven2/javax/enterprise/cdi-api/1.0/cdi-api-1.0.jar (45 kB at 26 kB/s)
[INFO] Downloading from central-only: https://repo.maven.apache.org/maven2/org/apache/maven/maven-model/3.1.1/maven-model-3.1.1.jar
[INFO] Downloaded from central-only: https://repo.maven.apache.org/maven2/org/codehaus/plexus/plexus-component-annotations/1.5.5/plexus-component-annotations-1.5.5.jar (4.2 kB at 2.3 kB/s)
[INFO] Downloading from central-only: https://repo.maven.apache.org/maven2/org/apache/maven/maven-plugin-api/3.1.1/maven-plugin-api-3.1.1.jar
[INFO] Downloaded from central-only: https://repo.maven.apache.org/maven2/org/sonatype/plexus/plexus-sec-dispatcher/1.3/plexus-sec-dispatcher-1.3.jar (29 kB at 15 kB/s)
[INFO] Downloading from central-only: https://repo.maven.apache.org/maven2/org/apache/maven/maven-settings/3.1.1/maven-settings-3.1.1.jar
[INFO] Downloaded from central-only: https://repo.maven.apache.org/maven2/org/apache/maven/maven-model/3.1.1/maven-model-3.1.1.jar (154 kB at 76 kB/s)
[INFO] Downloading from central-only: https://repo.maven.apache.org/maven2/org/apache/maven/shared/maven-common-artifact-filters/1.4/maven-common-artifact-filters-1.4.jar
[INFO] Downloaded from central-only: https://repo.maven.apache.org/maven2/org/codehaus/plexus/plexus-classworlds/2.5.1/plexus-classworlds-2.5.1.jar (50 kB at 24 kB/s)
[INFO] Downloading from central-only: https://repo.maven.apache.org/maven2/org/apache/maven/maven-project/2.0.8/maven-project-2.0.8.jar
[INFO] Downloaded from central-only: https://repo.maven.apache.org/maven2/org/sonatype/plexus/plexus-cipher/1.4/plexus-cipher-1.4.jar (13 kB at 6.6 kB/s)
[INFO] Downloading from central-only: https://repo.maven.apache.org/maven2/org/apache/maven/maven-profile/2.0.8/maven-profile-2.0.8.jar
[INFO] Downloaded from central-only: https://repo.maven.apache.org/maven2/org/apache/maven/maven-plugin-api/3.1.1/maven-plugin-api-3.1.1.jar (45 kB at 20 kB/s)
[INFO] Downloading from central-only: https://repo.maven.apache.org/maven2/org/apache/maven/maven-artifact-manager/2.0.8/maven-artifact-manager-2.0.8.jar
[INFO] Downloaded from central-only: https://repo.maven.apache.org/maven2/org/apache/maven/maven-project/2.0.8/maven-project-2.0.8.jar (117 kB at 50 kB/s)
[INFO] Downloading from central-only: https://repo.maven.apache.org/maven2/org/apache/maven/maven-plugin-registry/2.0.8/maven-plugin-registry-2.0.8.jar
[INFO] Downloaded from central-only: https://repo.maven.apache.org/maven2/org/apache/maven/maven-settings/3.1.1/maven-settings-3.1.1.jar (42 kB at 18 kB/s)
[INFO] Downloading from central-only: https://repo.maven.apache.org/maven2/org/codehaus/plexus/plexus-container-default/1.5.5/plexus-container-default-1.5.5.jar
[INFO] Downloaded from central-only: https://repo.maven.apache.org/maven2/org/apache/maven/shared/maven-common-artifact-filters/1.4/maven-common-artifact-filters-1.4.jar (32 kB at 13 kB/s)
[INFO] Downloading from central-only: https://repo.maven.apache.org/maven2/org/apache/xbean/xbean-reflect/3.4/xbean-reflect-3.4.jar
[INFO] Downloaded from central-only: https://repo.maven.apache.org/maven2/org/apache/maven/maven-profile/2.0.8/maven-profile-2.0.8.jar (35 kB at 14 kB/s)
[INFO] Downloading from central-only: https://repo.maven.apache.org/maven2/log4j/log4j/1.2.12/log4j-1.2.12.jar
[INFO] Downloaded from central-only: https://repo.maven.apache.org/maven2/org/apache/maven/maven-artifact-manager/2.0.8/maven-artifact-manager-2.0.8.jar (57 kB at 22 kB/s)
[INFO] Downloading from central-only: https://repo.maven.apache.org/maven2/commons-logging/commons-logging-api/1.1/commons-logging-api-1.1.jar
[INFO] Downloaded from central-only: https://repo.maven.apache.org/maven2/org/codehaus/plexus/plexus-container-default/1.5.5/plexus-container-default-1.5.5.jar (217 kB at 82 kB/s)
[INFO] Downloading from central-only: https://repo.maven.apache.org/maven2/com/google/collections/google-collections/1.0/google-collections-1.0.jar
[INFO] Downloaded from central-only: https://repo.maven.apache.org/maven2/org/apache/maven/maven-plugin-registry/2.0.8/maven-plugin-registry-2.0.8.jar (29 kB at 11 kB/s)
[INFO] Downloading from central-only: https://repo.maven.apache.org/maven2/org/codehaus/plexus/plexus-archiver/2.8.1/plexus-archiver-2.8.1.jar
[INFO] Downloaded from central-only: https://repo.maven.apache.org/maven2/org/apache/xbean/xbean-reflect/3.4/xbean-reflect-3.4.jar (134 kB at 49 kB/s)
[INFO] Downloading from central-only: https://repo.maven.apache.org/maven2/org/codehaus/plexus/plexus-io/2.3.2/plexus-io-2.3.2.jar
[INFO] Downloaded from central-only: https://repo.maven.apache.org/maven2/log4j/log4j/1.2.12/log4j-1.2.12.jar (358 kB at 128 kB/s)
[INFO] Downloading from central-only: https://repo.maven.apache.org/maven2/org/codehaus/plexus/plexus-utils/3.0.24/plexus-utils-3.0.24.jar
[INFO] Downloaded from central-only: https://repo.maven.apache.org/maven2/org/codehaus/plexus/plexus-archiver/2.8.1/plexus-archiver-2.8.1.jar (143 kB at 49 kB/s)
[INFO] Downloading from central-only: https://repo.maven.apache.org/maven2/org/sonatype/plexus/plexus-build-api/0.0.7/plexus-build-api-0.0.7.jar
[INFO] Downloaded from central-only: https://repo.maven.apache.org/maven2/com/google/collections/google-collections/1.0/google-collections-1.0.jar (640 kB at 217 kB/s)
[INFO] Downloading from central-only: https://repo.maven.apache.org/maven2/org/apache/maven/plugins/maven-shade-plugin/2.2/maven-shade-plugin-2.2.jar
[INFO] Downloaded from central-only: https://repo.maven.apache.org/maven2/commons-logging/commons-logging-api/1.1/commons-logging-api-1.1.jar (45 kB at 15 kB/s)
[INFO] Downloading from central-only: https://repo.maven.apache.org/maven2/org/apache/maven/maven-compat/3.0/maven-compat-3.0.jar
[INFO] Downloaded from central-only: https://repo.maven.apache.org/maven2/org/codehaus/plexus/plexus-io/2.3.2/plexus-io-2.3.2.jar (74 kB at 25 kB/s)
[INFO] Downloading from central-only: https://repo.maven.apache.org/maven2/org/sonatype/sisu/sisu-inject-plexus/1.4.2/sisu-inject-plexus-1.4.2.jar
[INFO] Downloaded from central-only: https://repo.maven.apache.org/maven2/org/codehaus/plexus/plexus-utils/3.0.24/plexus-utils-3.0.24.jar (247 kB at 80 kB/s)
[INFO] Downloading from central-only: https://repo.maven.apache.org/maven2/org/sonatype/sisu/sisu-inject-bean/1.4.2/sisu-inject-bean-1.4.2.jar
[INFO] Downloaded from central-only: https://repo.maven.apache.org/maven2/org/apache/maven/plugins/maven-shade-plugin/2.2/maven-shade-plugin-2.2.jar (100 kB at 31 kB/s)
[INFO] Downloading from central-only: https://repo.maven.apache.org/maven2/org/sonatype/sisu/sisu-guice/2.1.7/sisu-guice-2.1.7-noaop.jar
[INFO] Downloaded from central-only: https://repo.maven.apache.org/maven2/org/apache/maven/maven-compat/3.0/maven-compat-3.0.jar (285 kB at 88 kB/s)
[INFO] Downloading from central-only: https://repo.maven.apache.org/maven2/org/apache/maven/wagon/wagon-provider-api/1.0-beta-6/wagon-provider-api-1.0-beta-6.jar
[INFO] Downloaded from central-only: https://repo.maven.apache.org/maven2/org/sonatype/sisu/sisu-inject-plexus/1.4.2/sisu-inject-plexus-1.4.2.jar (202 kB at 62 kB/s)
[INFO] Downloading from central-only: https://repo.maven.apache.org/maven2/asm/asm/3.3.1/asm-3.3.1.jar
[INFO] Downloaded from central-only: https://repo.maven.apache.org/maven2/org/sonatype/plexus/plexus-build-api/0.0.7/plexus-build-api-0.0.7.jar (8.5 kB at 2.6 kB/s)
[INFO] Downloading from central-only: https://repo.maven.apache.org/maven2/asm/asm-commons/3.3.1/asm-commons-3.3.1.jar
[INFO] Downloaded from central-only: https://repo.maven.apache.org/maven2/org/sonatype/sisu/sisu-inject-bean/1.4.2/sisu-inject-bean-1.4.2.jar (153 kB at 45 kB/s)
[INFO] Downloading from central-only: https://repo.maven.apache.org/maven2/asm/asm-tree/3.3.1/asm-tree-3.3.1.jar
[INFO] Downloaded from central-only: https://repo.maven.apache.org/maven2/org/apache/maven/wagon/wagon-provider-api/1.0-beta-6/wagon-provider-api-1.0-beta-6.jar (53 kB at 15 kB/s)
[INFO] Downloading from central-only: https://repo.maven.apache.org/maven2/org/apache/maven/shared/maven-dependency-tree/2.1/maven-dependency-tree-2.1.jar
[INFO] Downloaded from central-only: https://repo.maven.apache.org/maven2/org/sonatype/sisu/sisu-guice/2.1.7/sisu-guice-2.1.7-noaop.jar (472 kB at 132 kB/s)
[INFO] Downloading from central-only: https://repo.maven.apache.org/maven2/org/vafer/jdependency/0.7/jdependency-0.7.jar
[INFO] Downloaded from central-only: https://repo.maven.apache.org/maven2/asm/asm/3.3.1/asm-3.3.1.jar (44 kB at 12 kB/s)
[INFO] Downloading from central-only: https://repo.maven.apache.org/maven2/asm/asm-analysis/3.2/asm-analysis-3.2.jar
[INFO] Downloaded from central-only: https://repo.maven.apache.org/maven2/asm/asm-commons/3.3.1/asm-commons-3.3.1.jar (38 kB at 10 kB/s)
[INFO] Downloading from central-only: https://repo.maven.apache.org/maven2/asm/asm-util/3.2/asm-util-3.2.jar
[INFO] Downloaded from central-only: https://repo.maven.apache.org/maven2/asm/asm-tree/3.3.1/asm-tree-3.3.1.jar (22 kB at 5.7 kB/s)
[INFO] Downloading from central-only: https://repo.maven.apache.org/maven2/com/google/guava/guava/11.0.2/guava-11.0.2.jar
[INFO] Downloaded from central-only: https://repo.maven.apache.org/maven2/org/apache/maven/shared/maven-dependency-tree/2.1/maven-dependency-tree-2.1.jar (60 kB at 16 kB/s)
[INFO] Downloaded from central-only: https://repo.maven.apache.org/maven2/org/vafer/jdependency/0.7/jdependency-0.7.jar (12 kB at 3.0 kB/s)
[INFO] Downloaded from central-only: https://repo.maven.apache.org/maven2/asm/asm-analysis/3.2/asm-analysis-3.2.jar (18 kB at 4.5 kB/s)
[INFO] Downloaded from central-only: https://repo.maven.apache.org/maven2/asm/asm-util/3.2/asm-util-3.2.jar (37 kB at 8.9 kB/s)
[INFO] Downloaded from central-only: https://repo.maven.apache.org/maven2/com/google/guava/guava/11.0.2/guava-11.0.2.jar (1.6 MB at 395 kB/s)
[INFO] 
[INFO] --- resources:3.0.1:resources (default-resources) @ jshERP-boot ---
[INFO] Downloading from central-only: https://repo.maven.apache.org/maven2/org/codehaus/plexus/plexus-component-annotations/1.6/plexus-component-annotations-1.6.pom
[INFO] Downloaded from central-only: https://repo.maven.apache.org/maven2/org/codehaus/plexus/plexus-component-annotations/1.6/plexus-component-annotations-1.6.pom (748 B at 2.8 kB/s)
[INFO] Downloading from central-only: https://repo.maven.apache.org/maven2/org/codehaus/plexus/plexus-containers/1.6/plexus-containers-1.6.pom
[INFO] Downloaded from central-only: https://repo.maven.apache.org/maven2/org/codehaus/plexus/plexus-containers/1.6/plexus-containers-1.6.pom (3.8 kB at 15 kB/s)
[INFO] Downloading from central-only: https://repo.maven.apache.org/maven2/org/codehaus/plexus/plexus/3.3.2/plexus-3.3.2.pom
[INFO] Downloaded from central-only: https://repo.maven.apache.org/maven2/org/codehaus/plexus/plexus/3.3.2/plexus-3.3.2.pom (22 kB at 83 kB/s)
[INFO] Downloading from central-only: https://repo.maven.apache.org/maven2/org/apache/maven/shared/maven-filtering/3.1.1/maven-filtering-3.1.1.pom
[INFO] Downloaded from central-only: https://repo.maven.apache.org/maven2/org/apache/maven/shared/maven-filtering/3.1.1/maven-filtering-3.1.1.pom (5.7 kB at 22 kB/s)
[INFO] Downloading from central-only: https://repo.maven.apache.org/maven2/org/apache/maven/shared/maven-shared-components/30/maven-shared-components-30.pom
[INFO] Downloaded from central-only: https://repo.maven.apache.org/maven2/org/apache/maven/shared/maven-shared-components/30/maven-shared-components-30.pom (4.6 kB at 18 kB/s)
[INFO] Downloading from central-only: https://repo.maven.apache.org/maven2/org/apache/maven/shared/maven-shared-utils/3.0.0/maven-shared-utils-3.0.0.pom
[INFO] Downloaded from central-only: https://repo.maven.apache.org/maven2/org/apache/maven/shared/maven-shared-utils/3.0.0/maven-shared-utils-3.0.0.pom (5.6 kB at 22 kB/s)
[INFO] Downloading from central-only: https://repo.maven.apache.org/maven2/org/apache/maven/shared/maven-shared-components/21/maven-shared-components-21.pom
[INFO] Downloaded from central-only: https://repo.maven.apache.org/maven2/org/apache/maven/shared/maven-shared-components/21/maven-shared-components-21.pom (5.1 kB at 20 kB/s)
[INFO] Downloading from central-only: https://repo.maven.apache.org/maven2/org/apache/maven/maven-parent/25/maven-parent-25.pom
[INFO] Downloaded from central-only: https://repo.maven.apache.org/maven2/org/apache/maven/maven-parent/25/maven-parent-25.pom (37 kB at 140 kB/s)
[INFO] Downloading from central-only: https://repo.maven.apache.org/maven2/org/apache/apache/15/apache-15.pom
[INFO] Downloaded from central-only: https://repo.maven.apache.org/maven2/org/apache/apache/15/apache-15.pom (15 kB at 59 kB/s)
[INFO] Downloading from central-only: https://repo.maven.apache.org/maven2/commons-io/commons-io/2.4/commons-io-2.4.pom
[INFO] Downloaded from central-only: https://repo.maven.apache.org/maven2/commons-io/commons-io/2.4/commons-io-2.4.pom (10 kB at 39 kB/s)
[INFO] Downloading from central-only: https://repo.maven.apache.org/maven2/org/apache/commons/commons-parent/25/commons-parent-25.pom
[INFO] Downloaded from central-only: https://repo.maven.apache.org/maven2/org/apache/commons/commons-parent/25/commons-parent-25.pom (48 kB at 178 kB/s)
[INFO] Downloading from central-only: https://repo.maven.apache.org/maven2/org/apache/apache/9/apache-9.pom
[INFO] Downloaded from central-only: https://repo.maven.apache.org/maven2/org/apache/apache/9/apache-9.pom (15 kB at 57 kB/s)
[INFO] Downloading from central-only: https://repo.maven.apache.org/maven2/org/codehaus/plexus/plexus-interpolation/1.22/plexus-interpolation-1.22.pom
[INFO] Downloaded from central-only: https://repo.maven.apache.org/maven2/org/codehaus/plexus/plexus-interpolation/1.22/plexus-interpolation-1.22.pom (1.5 kB at 6.2 kB/s)
[INFO] Downloading from central-only: https://repo.maven.apache.org/maven2/org/apache/maven/maven-plugin-api/3.0/maven-plugin-api-3.0.jar
[INFO] Downloaded from central-only: https://repo.maven.apache.org/maven2/org/apache/maven/maven-plugin-api/3.0/maven-plugin-api-3.0.jar (49 kB at 111 kB/s)
[INFO] Downloading from central-only: https://repo.maven.apache.org/maven2/org/apache/maven/maven-core/3.0/maven-core-3.0.jar
[INFO] Downloading from central-only: https://repo.maven.apache.org/maven2/org/apache/maven/maven-settings-builder/3.0/maven-settings-builder-3.0.jar
[INFO] Downloading from central-only: https://repo.maven.apache.org/maven2/org/apache/maven/maven-repository-metadata/3.0/maven-repository-metadata-3.0.jar
[INFO] Downloading from central-only: https://repo.maven.apache.org/maven2/org/apache/maven/maven-model-builder/3.0/maven-model-builder-3.0.jar
[INFO] Downloading from central-only: https://repo.maven.apache.org/maven2/org/apache/maven/maven-aether-provider/3.0/maven-aether-provider-3.0.jar
[INFO] Downloaded from central-only: https://repo.maven.apache.org/maven2/org/apache/maven/maven-aether-provider/3.0/maven-aether-provider-3.0.jar (51 kB at 173 kB/s)
[INFO] Downloading from central-only: https://repo.maven.apache.org/maven2/org/sonatype/aether/aether-impl/1.7/aether-impl-1.7.jar
[INFO] Downloaded from central-only: https://repo.maven.apache.org/maven2/org/apache/maven/maven-model-builder/3.0/maven-model-builder-3.0.jar (148 kB at 493 kB/s)
[INFO] Downloading from central-only: https://repo.maven.apache.org/maven2/org/sonatype/aether/aether-spi/1.7/aether-spi-1.7.jar
[INFO] Downloaded from central-only: https://repo.maven.apache.org/maven2/org/apache/maven/maven-repository-metadata/3.0/maven-repository-metadata-3.0.jar (30 kB at 79 kB/s)
[INFO] Downloading from central-only: https://repo.maven.apache.org/maven2/org/sonatype/aether/aether-api/1.7/aether-api-1.7.jar
[INFO] Downloaded from central-only: https://repo.maven.apache.org/maven2/org/apache/maven/maven-core/3.0/maven-core-3.0.jar (527 kB at 1.2 MB/s)
[INFO] Downloading from central-only: https://repo.maven.apache.org/maven2/org/sonatype/aether/aether-util/1.7/aether-util-1.7.jar
[INFO] Downloaded from central-only: https://repo.maven.apache.org/maven2/org/apache/maven/maven-settings-builder/3.0/maven-settings-builder-3.0.jar (38 kB at 82 kB/s)
[INFO] Downloading from central-only: https://repo.maven.apache.org/maven2/org/codehaus/plexus/plexus-classworlds/2.2.3/plexus-classworlds-2.2.3.jar
[INFO] Downloaded from central-only: https://repo.maven.apache.org/maven2/org/sonatype/aether/aether-spi/1.7/aether-spi-1.7.jar (14 kB at 21 kB/s)
[INFO] Downloading from central-only: https://repo.maven.apache.org/maven2/org/codehaus/plexus/plexus-component-annotations/1.6/plexus-component-annotations-1.6.jar
[INFO] Downloaded from central-only: https://repo.maven.apache.org/maven2/org/sonatype/aether/aether-api/1.7/aether-api-1.7.jar (74 kB at 112 kB/s)
[INFO] Downloading from central-only: https://repo.maven.apache.org/maven2/org/apache/maven/maven-artifact/3.0/maven-artifact-3.0.jar
[INFO] Downloaded from central-only: https://repo.maven.apache.org/maven2/org/sonatype/aether/aether-util/1.7/aether-util-1.7.jar (108 kB at 152 kB/s)
[INFO] Downloading from central-only: https://repo.maven.apache.org/maven2/org/apache/maven/maven-settings/3.0/maven-settings-3.0.jar
[INFO] Downloaded from central-only: https://repo.maven.apache.org/maven2/org/sonatype/aether/aether-impl/1.7/aether-impl-1.7.jar (106 kB at 143 kB/s)
[INFO] Downloading from central-only: https://repo.maven.apache.org/maven2/org/apache/maven/maven-model/3.0/maven-model-3.0.jar
[INFO] Downloaded from central-only: https://repo.maven.apache.org/maven2/org/apache/maven/maven-artifact/3.0/maven-artifact-3.0.jar (52 kB at 55 kB/s)
[INFO] Downloading from central-only: https://repo.maven.apache.org/maven2/org/apache/maven/shared/maven-filtering/3.1.1/maven-filtering-3.1.1.jar
[INFO] Downloaded from central-only: https://repo.maven.apache.org/maven2/org/codehaus/plexus/plexus-component-annotations/1.6/plexus-component-annotations-1.6.jar (4.3 kB at 4.5 kB/s)
[INFO] Downloading from central-only: https://repo.maven.apache.org/maven2/org/apache/maven/shared/maven-shared-utils/3.0.0/maven-shared-utils-3.0.0.jar
[INFO] Downloaded from central-only: https://repo.maven.apache.org/maven2/org/codehaus/plexus/plexus-classworlds/2.2.3/plexus-classworlds-2.2.3.jar (46 kB at 48 kB/s)
[INFO] Downloading from central-only: https://repo.maven.apache.org/maven2/commons-io/commons-io/2.4/commons-io-2.4.jar
[INFO] Downloaded from central-only: https://repo.maven.apache.org/maven2/org/apache/maven/maven-model/3.0/maven-model-3.0.jar (165 kB at 163 kB/s)
[INFO] Downloading from central-only: https://repo.maven.apache.org/maven2/org/codehaus/plexus/plexus-interpolation/1.22/plexus-interpolation-1.22.jar
[INFO] Downloaded from central-only: https://repo.maven.apache.org/maven2/org/apache/maven/maven-settings/3.0/maven-settings-3.0.jar (47 kB at 41 kB/s)
[INFO] Downloaded from central-only: https://repo.maven.apache.org/maven2/org/apache/maven/shared/maven-filtering/3.1.1/maven-filtering-3.1.1.jar (51 kB at 42 kB/s)
[INFO] Downloaded from central-only: https://repo.maven.apache.org/maven2/org/apache/maven/shared/maven-shared-utils/3.0.0/maven-shared-utils-3.0.0.jar (155 kB at 127 kB/s)
[INFO] Downloaded from central-only: https://repo.maven.apache.org/maven2/org/codehaus/plexus/plexus-interpolation/1.22/plexus-interpolation-1.22.jar (77 kB at 60 kB/s)
[INFO] Downloaded from central-only: https://repo.maven.apache.org/maven2/commons-io/commons-io/2.4/commons-io-2.4.jar (185 kB at 145 kB/s)
[INFO] Using 'UTF-8' encoding to copy filtered resources.
[INFO] Copying 1 resource
[INFO] Copying 60 resources
[INFO] 
[INFO] --- compiler:3.7.0:compile (default-compile) @ jshERP-boot ---
[INFO] Downloading from central-only: https://repo.maven.apache.org/maven2/org/apache/maven/shared/maven-shared-utils/3.1.0/maven-shared-utils-3.1.0.pom
[INFO] Downloaded from central-only: https://repo.maven.apache.org/maven2/org/apache/maven/shared/maven-shared-utils/3.1.0/maven-shared-utils-3.1.0.pom (5.0 kB at 18 kB/s)
[INFO] Downloading from central-only: https://repo.maven.apache.org/maven2/commons-io/commons-io/2.5/commons-io-2.5.pom
[INFO] Downloaded from central-only: https://repo.maven.apache.org/maven2/commons-io/commons-io/2.5/commons-io-2.5.pom (13 kB at 47 kB/s)
[INFO] Downloading from central-only: https://repo.maven.apache.org/maven2/org/apache/commons/commons-parent/39/commons-parent-39.pom
[INFO] Downloaded from central-only: https://repo.maven.apache.org/maven2/org/apache/commons/commons-parent/39/commons-parent-39.pom (62 kB at 197 kB/s)
[INFO] Downloading from central-only: https://repo.maven.apache.org/maven2/org/apache/apache/16/apache-16.pom
[INFO] Downloaded from central-only: https://repo.maven.apache.org/maven2/org/apache/apache/16/apache-16.pom (15 kB at 54 kB/s)
[INFO] Downloading from central-only: https://repo.maven.apache.org/maven2/org/apache/maven/shared/maven-shared-incremental/1.1/maven-shared-incremental-1.1.pom
[INFO] Downloaded from central-only: https://repo.maven.apache.org/maven2/org/apache/maven/shared/maven-shared-incremental/1.1/maven-shared-incremental-1.1.pom (4.7 kB at 16 kB/s)
[INFO] Downloading from central-only: https://repo.maven.apache.org/maven2/org/slf4j/slf4j-jdk14/1.5.6/slf4j-jdk14-1.5.6.pom
[INFO] Downloaded from central-only: https://repo.maven.apache.org/maven2/org/slf4j/slf4j-jdk14/1.5.6/slf4j-jdk14-1.5.6.pom (1.9 kB at 6.9 kB/s)
[INFO] Downloading from central-only: https://repo.maven.apache.org/maven2/org/slf4j/slf4j-parent/1.5.6/slf4j-parent-1.5.6.pom
[INFO] Downloaded from central-only: https://repo.maven.apache.org/maven2/org/slf4j/slf4j-parent/1.5.6/slf4j-parent-1.5.6.pom (7.9 kB at 27 kB/s)
[INFO] Downloading from central-only: https://repo.maven.apache.org/maven2/org/slf4j/slf4j-api/1.5.6/slf4j-api-1.5.6.pom
[INFO] Downloaded from central-only: https://repo.maven.apache.org/maven2/org/slf4j/slf4j-api/1.5.6/slf4j-api-1.5.6.pom (3.0 kB at 11 kB/s)
[INFO] Downloading from central-only: https://repo.maven.apache.org/maven2/org/slf4j/jcl-over-slf4j/1.5.6/jcl-over-slf4j-1.5.6.pom
[INFO] Downloaded from central-only: https://repo.maven.apache.org/maven2/org/slf4j/jcl-over-slf4j/1.5.6/jcl-over-slf4j-1.5.6.pom (2.2 kB at 7.9 kB/s)
[INFO] Downloading from central-only: https://repo.maven.apache.org/maven2/org/apache/maven/shared/maven-shared-utils/0.1/maven-shared-utils-0.1.pom
[INFO] Downloaded from central-only: https://repo.maven.apache.org/maven2/org/apache/maven/shared/maven-shared-utils/0.1/maven-shared-utils-0.1.pom (4.0 kB at 14 kB/s)
[INFO] Downloading from central-only: https://repo.maven.apache.org/maven2/org/apache/maven/shared/maven-shared-components/18/maven-shared-components-18.pom
[INFO] Downloaded from central-only: https://repo.maven.apache.org/maven2/org/apache/maven/shared/maven-shared-components/18/maven-shared-components-18.pom (4.9 kB at 18 kB/s)
[INFO] Downloading from central-only: https://repo.maven.apache.org/maven2/org/apache/maven/maven-parent/22/maven-parent-22.pom
[INFO] Downloaded from central-only: https://repo.maven.apache.org/maven2/org/apache/maven/maven-parent/22/maven-parent-22.pom (30 kB at 103 kB/s)
[INFO] Downloading from central-only: https://repo.maven.apache.org/maven2/org/apache/apache/11/apache-11.pom
[INFO] Downloaded from central-only: https://repo.maven.apache.org/maven2/org/apache/apache/11/apache-11.pom (15 kB at 47 kB/s)
[INFO] Downloading from central-only: https://repo.maven.apache.org/maven2/org/codehaus/plexus/plexus-java/0.9.2/plexus-java-0.9.2.pom
[INFO] Downloaded from central-only: https://repo.maven.apache.org/maven2/org/codehaus/plexus/plexus-java/0.9.2/plexus-java-0.9.2.pom (2.4 kB at 8.6 kB/s)
[INFO] Downloading from central-only: https://repo.maven.apache.org/maven2/org/codehaus/plexus/plexus-languages/0.9.2/plexus-languages-0.9.2.pom
[INFO] Downloaded from central-only: https://repo.maven.apache.org/maven2/org/codehaus/plexus/plexus-languages/0.9.2/plexus-languages-0.9.2.pom (2.3 kB at 8.4 kB/s)
[INFO] Downloading from central-only: https://repo.maven.apache.org/maven2/org/ow2/asm/asm/6.0_BETA/asm-6.0_BETA.pom
[INFO] Downloaded from central-only: https://repo.maven.apache.org/maven2/org/ow2/asm/asm/6.0_BETA/asm-6.0_BETA.pom (1.9 kB at 6.5 kB/s)
[INFO] Downloading from central-only: https://repo.maven.apache.org/maven2/org/ow2/asm/asm-parent/6.0_BETA/asm-parent-6.0_BETA.pom
[INFO] Downloaded from central-only: https://repo.maven.apache.org/maven2/org/ow2/asm/asm-parent/6.0_BETA/asm-parent-6.0_BETA.pom (5.5 kB at 20 kB/s)
[INFO] Downloading from central-only: https://repo.maven.apache.org/maven2/com/thoughtworks/qdox/qdox/2.0-M7/qdox-2.0-M7.pom
[INFO] Downloaded from central-only: https://repo.maven.apache.org/maven2/com/thoughtworks/qdox/qdox/2.0-M7/qdox-2.0-M7.pom (16 kB at 55 kB/s)
[INFO] Downloading from central-only: https://repo.maven.apache.org/maven2/org/codehaus/plexus/plexus-compiler-api/2.8.2/plexus-compiler-api-2.8.2.pom
[INFO] Downloaded from central-only: https://repo.maven.apache.org/maven2/org/codehaus/plexus/plexus-compiler-api/2.8.2/plexus-compiler-api-2.8.2.pom (867 B at 3.0 kB/s)
[INFO] Downloading from central-only: https://repo.maven.apache.org/maven2/org/codehaus/plexus/plexus-compiler/2.8.2/plexus-compiler-2.8.2.pom
[INFO] Downloaded from central-only: https://repo.maven.apache.org/maven2/org/codehaus/plexus/plexus-compiler/2.8.2/plexus-compiler-2.8.2.pom (4.9 kB at 17 kB/s)
[INFO] Downloading from central-only: https://repo.maven.apache.org/maven2/org/codehaus/plexus/plexus-components/4.0/plexus-components-4.0.pom
[INFO] Downloaded from central-only: https://repo.maven.apache.org/maven2/org/codehaus/plexus/plexus-components/4.0/plexus-components-4.0.pom (2.7 kB at 7.3 kB/s)
[INFO] Downloading from central-only: https://repo.maven.apache.org/maven2/org/codehaus/plexus/plexus-utils/3.0.22/plexus-utils-3.0.22.pom
[INFO] Downloaded from central-only: https://repo.maven.apache.org/maven2/org/codehaus/plexus/plexus-utils/3.0.22/plexus-utils-3.0.22.pom (3.8 kB at 14 kB/s)
[INFO] Downloading from central-only: https://repo.maven.apache.org/maven2/org/codehaus/plexus/plexus-compiler-manager/2.8.2/plexus-compiler-manager-2.8.2.pom
[INFO] Downloaded from central-only: https://repo.maven.apache.org/maven2/org/codehaus/plexus/plexus-compiler-manager/2.8.2/plexus-compiler-manager-2.8.2.pom (692 B at 2.5 kB/s)
[INFO] Downloading from central-only: https://repo.maven.apache.org/maven2/org/codehaus/plexus/plexus-compiler-javac/2.8.2/plexus-compiler-javac-2.8.2.pom
[INFO] Downloaded from central-only: https://repo.maven.apache.org/maven2/org/codehaus/plexus/plexus-compiler-javac/2.8.2/plexus-compiler-javac-2.8.2.pom (771 B at 2.5 kB/s)
[INFO] Downloading from central-only: https://repo.maven.apache.org/maven2/org/codehaus/plexus/plexus-compilers/2.8.2/plexus-compilers-2.8.2.pom
[INFO] Downloaded from central-only: https://repo.maven.apache.org/maven2/org/codehaus/plexus/plexus-compilers/2.8.2/plexus-compilers-2.8.2.pom (1.3 kB at 4.6 kB/s)
[INFO] Downloading from central-only: https://repo.maven.apache.org/maven2/org/codehaus/plexus/plexus-utils/2.0.4/plexus-utils-2.0.4.jar
[INFO] Downloaded from central-only: https://repo.maven.apache.org/maven2/org/codehaus/plexus/plexus-utils/2.0.4/plexus-utils-2.0.4.jar (222 kB at 750 kB/s)
[INFO] Downloading from central-only: https://repo.maven.apache.org/maven2/org/codehaus/plexus/plexus-interpolation/1.14/plexus-interpolation-1.14.jar
[INFO] Downloading from central-only: https://repo.maven.apache.org/maven2/org/apache/maven/shared/maven-shared-utils/3.1.0/maven-shared-utils-3.1.0.jar
[INFO] Downloading from central-only: https://repo.maven.apache.org/maven2/commons-io/commons-io/2.5/commons-io-2.5.jar
[INFO] Downloading from central-only: https://repo.maven.apache.org/maven2/org/apache/maven/shared/maven-shared-incremental/1.1/maven-shared-incremental-1.1.jar
[INFO] Downloading from central-only: https://repo.maven.apache.org/maven2/org/codehaus/plexus/plexus-java/0.9.2/plexus-java-0.9.2.jar
[INFO] Downloaded from central-only: https://repo.maven.apache.org/maven2/org/apache/maven/shared/maven-shared-utils/3.1.0/maven-shared-utils-3.1.0.jar (164 kB at 585 kB/s)
[INFO] Downloading from central-only: https://repo.maven.apache.org/maven2/org/ow2/asm/asm/6.0_BETA/asm-6.0_BETA.jar
[INFO] Downloaded from central-only: https://repo.maven.apache.org/maven2/org/codehaus/plexus/plexus-interpolation/1.14/plexus-interpolation-1.14.jar (61 kB at 217 kB/s)
[INFO] Downloading from central-only: https://repo.maven.apache.org/maven2/com/thoughtworks/qdox/qdox/2.0-M7/qdox-2.0-M7.jar
[INFO] Downloaded from central-only: https://repo.maven.apache.org/maven2/commons-io/commons-io/2.5/commons-io-2.5.jar (209 kB at 665 kB/s)
[INFO] Downloading from central-only: https://repo.maven.apache.org/maven2/org/codehaus/plexus/plexus-compiler-api/2.8.2/plexus-compiler-api-2.8.2.jar
[INFO] Downloaded from central-only: https://repo.maven.apache.org/maven2/org/apache/maven/shared/maven-shared-incremental/1.1/maven-shared-incremental-1.1.jar (14 kB at 40 kB/s)
[INFO] Downloading from central-only: https://repo.maven.apache.org/maven2/org/codehaus/plexus/plexus-compiler-manager/2.8.2/plexus-compiler-manager-2.8.2.jar
[INFO] Downloaded from central-only: https://repo.maven.apache.org/maven2/org/codehaus/plexus/plexus-java/0.9.2/plexus-java-0.9.2.jar (31 kB at 76 kB/s)
[INFO] Downloading from central-only: https://repo.maven.apache.org/maven2/org/codehaus/plexus/plexus-compiler-javac/2.8.2/plexus-compiler-javac-2.8.2.jar
[INFO] Downloaded from central-only: https://repo.maven.apache.org/maven2/org/ow2/asm/asm/6.0_BETA/asm-6.0_BETA.jar (56 kB at 102 kB/s)
[INFO] Downloaded from central-only: https://repo.maven.apache.org/maven2/com/thoughtworks/qdox/qdox/2.0-M7/qdox-2.0-M7.jar (315 kB at 555 kB/s)
[INFO] Downloaded from central-only: https://repo.maven.apache.org/maven2/org/codehaus/plexus/plexus-compiler-manager/2.8.2/plexus-compiler-manager-2.8.2.jar (4.7 kB at 7.5 kB/s)
[INFO] Downloaded from central-only: https://repo.maven.apache.org/maven2/org/codehaus/plexus/plexus-compiler-api/2.8.2/plexus-compiler-api-2.8.2.jar (26 kB at 37 kB/s)
[INFO] Downloaded from central-only: https://repo.maven.apache.org/maven2/org/codehaus/plexus/plexus-compiler-javac/2.8.2/plexus-compiler-javac-2.8.2.jar (20 kB at 27 kB/s)
[INFO] Changes detected - recompiling the module!
[INFO] Compiling 262 source files to D:\7800\flowpilot-erp\upstream\jshERP-boot\target\classes
[INFO] /D:/7800/flowpilot-erp/upstream/jshERP-boot/src/main/java/com/jsh/erp/utils/QueryUtils.java: D:\7800\flowpilot-erp\upstream\jshERP-boot\src\main\java\com\jsh\erp\utils\QueryUtils.javaʹ�û򸲸����ѹ�ʱ�� API��
[INFO] /D:/7800/flowpilot-erp/upstream/jshERP-boot/src/main/java/com/jsh/erp/utils/QueryUtils.java: �й���ϸ��Ϣ, ��ʹ�� -Xlint:deprecation ���±��롣
[INFO] /D:/7800/flowpilot-erp/upstream/jshERP-boot/src/main/java/com/jsh/erp/utils/Tools.java: ĳЩ�����ļ�ʹ����δ�����򲻰�ȫ�Ĳ�����
[INFO] /D:/7800/flowpilot-erp/upstream/jshERP-boot/src/main/java/com/jsh/erp/utils/Tools.java: �й���ϸ��Ϣ, ��ʹ�� -Xlint:unchecked ���±��롣
[INFO] 
[INFO] --- resources:3.0.1:testResources (default-testResources) @ jshERP-boot ---
[INFO] Using 'UTF-8' encoding to copy filtered resources.
[INFO] Copying 1 resource
[INFO] 
[INFO] --- compiler:3.7.0:testCompile (default-testCompile) @ jshERP-boot ---
[INFO] Not compiling test sources
[INFO] 
[INFO] --- surefire:2.20.1:test (default-test) @ jshERP-boot ---
[INFO] Downloading from central-only: https://repo.maven.apache.org/maven2/org/apache/maven/surefire/maven-surefire-common/2.20.1/maven-surefire-common-2.20.1.pom
[INFO] Downloaded from central-only: https://repo.maven.apache.org/maven2/org/apache/maven/surefire/maven-surefire-common/2.20.1/maven-surefire-common-2.20.1.pom (9.3 kB at 33 kB/s)
[INFO] Downloading from central-only: https://repo.maven.apache.org/maven2/org/apache/maven/plugin-tools/maven-plugin-annotations/3.3/maven-plugin-annotations-3.3.pom
[INFO] Downloaded from central-only: https://repo.maven.apache.org/maven2/org/apache/maven/plugin-tools/maven-plugin-annotations/3.3/maven-plugin-annotations-3.3.pom (1.6 kB at 6.0 kB/s)
[INFO] Downloading from central-only: https://repo.maven.apache.org/maven2/org/apache/maven/plugin-tools/maven-plugin-tools/3.3/maven-plugin-tools-3.3.pom
[INFO] Downloaded from central-only: https://repo.maven.apache.org/maven2/org/apache/maven/plugin-tools/maven-plugin-tools/3.3/maven-plugin-tools-3.3.pom (13 kB at 47 kB/s)
[INFO] Downloading from central-only: https://repo.maven.apache.org/maven2/org/apache/maven/surefire/surefire-api/2.20.1/surefire-api-2.20.1.pom
[INFO] Downloaded from central-only: https://repo.maven.apache.org/maven2/org/apache/maven/surefire/surefire-api/2.20.1/surefire-api-2.20.1.pom (3.7 kB at 14 kB/s)
[INFO] Downloading from central-only: https://repo.maven.apache.org/maven2/org/apache/maven/surefire/surefire-logger-api/2.20.1/surefire-logger-api-2.20.1.pom
[INFO] Downloaded from central-only: https://repo.maven.apache.org/maven2/org/apache/maven/surefire/surefire-logger-api/2.20.1/surefire-logger-api-2.20.1.pom (2.0 kB at 7.3 kB/s)
[INFO] Downloading from central-only: https://repo.maven.apache.org/maven2/org/apache/maven/surefire/surefire-booter/2.20.1/surefire-booter-2.20.1.pom
[INFO] Downloaded from central-only: https://repo.maven.apache.org/maven2/org/apache/maven/surefire/surefire-booter/2.20.1/surefire-booter-2.20.1.pom (8.5 kB at 30 kB/s)
[INFO] Downloading from central-only: https://repo.maven.apache.org/maven2/org/apache/maven/reporting/maven-reporting-api/3.0/maven-reporting-api-3.0.pom
[INFO] Downloaded from central-only: https://repo.maven.apache.org/maven2/org/apache/maven/reporting/maven-reporting-api/3.0/maven-reporting-api-3.0.pom (2.4 kB at 8.9 kB/s)
[INFO] Downloading from central-only: https://repo.maven.apache.org/maven2/org/apache/maven/shared/maven-shared-components/15/maven-shared-components-15.pom
[INFO] Downloaded from central-only: https://repo.maven.apache.org/maven2/org/apache/maven/shared/maven-shared-components/15/maven-shared-components-15.pom (9.3 kB at 34 kB/s)
[INFO] Downloading from central-only: https://repo.maven.apache.org/maven2/org/apache/maven/maven-parent/16/maven-parent-16.pom
[INFO] Downloaded from central-only: https://repo.maven.apache.org/maven2/org/apache/maven/maven-parent/16/maven-parent-16.pom (23 kB at 85 kB/s)
[INFO] Downloading from central-only: https://repo.maven.apache.org/maven2/org/apache/apache/7/apache-7.pom
[INFO] Downloaded from central-only: https://repo.maven.apache.org/maven2/org/apache/apache/7/apache-7.pom (14 kB at 53 kB/s)
[INFO] Downloading from central-only: https://repo.maven.apache.org/maven2/org/apache/maven/maven-toolchain/2.2.1/maven-toolchain-2.2.1.pom
[INFO] Downloaded from central-only: https://repo.maven.apache.org/maven2/org/apache/maven/maven-toolchain/2.2.1/maven-toolchain-2.2.1.pom (3.3 kB at 12 kB/s)
[INFO] Downloading from central-only: https://repo.maven.apache.org/maven2/org/apache/maven/surefire/maven-surefire-common/2.20.1/maven-surefire-common-2.20.1.jar
[INFO] Downloaded from central-only: https://repo.maven.apache.org/maven2/org/apache/maven/surefire/maven-surefire-common/2.20.1/maven-surefire-common-2.20.1.jar (509 kB at 1.7 MB/s)
[INFO] Downloading from central-only: https://repo.maven.apache.org/maven2/org/apache/maven/maven-plugin-api/2.2.1/maven-plugin-api-2.2.1.jar
[INFO] Downloading from central-only: https://repo.maven.apache.org/maven2/org/apache/maven/plugin-tools/maven-plugin-annotations/3.3/maven-plugin-annotations-3.3.jar
[INFO] Downloading from central-only: https://repo.maven.apache.org/maven2/org/apache/maven/surefire/surefire-api/2.20.1/surefire-api-2.20.1.jar
[INFO] Downloading from central-only: https://repo.maven.apache.org/maven2/org/apache/maven/surefire/surefire-logger-api/2.20.1/surefire-logger-api-2.20.1.jar
[INFO] Downloading from central-only: https://repo.maven.apache.org/maven2/org/apache/maven/surefire/surefire-booter/2.20.1/surefire-booter-2.20.1.jar
[INFO] Downloaded from central-only: https://repo.maven.apache.org/maven2/org/apache/maven/surefire/surefire-api/2.20.1/surefire-api-2.20.1.jar (183 kB at 646 kB/s)
[INFO] Downloading from central-only: https://repo.maven.apache.org/maven2/org/apache/maven/maven-artifact/2.2.1/maven-artifact-2.2.1.jar
[INFO] Downloaded from central-only: https://repo.maven.apache.org/maven2/org/apache/maven/surefire/surefire-booter/2.20.1/surefire-booter-2.20.1.jar (268 kB at 843 kB/s)
[INFO] Downloading from central-only: https://repo.maven.apache.org/maven2/org/codehaus/plexus/plexus-utils/1.5.15/plexus-utils-1.5.15.jar
[INFO] Downloaded from central-only: https://repo.maven.apache.org/maven2/org/apache/maven/surefire/surefire-logger-api/2.20.1/surefire-logger-api-2.20.1.jar (13 kB at 39 kB/s)
[INFO] Downloading from central-only: https://repo.maven.apache.org/maven2/org/apache/maven/maven-plugin-descriptor/2.2.1/maven-plugin-descriptor-2.2.1.jar
[INFO] Downloaded from central-only: https://repo.maven.apache.org/maven2/org/apache/maven/plugin-tools/maven-plugin-annotations/3.3/maven-plugin-annotations-3.3.jar (14 kB at 40 kB/s)
[INFO] Downloading from central-only: https://repo.maven.apache.org/maven2/org/codehaus/plexus/plexus-container-default/1.0-alpha-9-stable-1/plexus-container-default-1.0-alpha-9-stable-1.jar
[INFO] Downloaded from central-only: https://repo.maven.apache.org/maven2/org/apache/maven/maven-plugin-api/2.2.1/maven-plugin-api-2.2.1.jar (12 kB at 34 kB/s)
[INFO] Downloading from central-only: https://repo.maven.apache.org/maven2/org/apache/maven/maven-project/2.2.1/maven-project-2.2.1.jar
[INFO] Downloaded from central-only: https://repo.maven.apache.org/maven2/org/apache/maven/maven-artifact/2.2.1/maven-artifact-2.2.1.jar (80 kB at 140 kB/s)
[INFO] Downloading from central-only: https://repo.maven.apache.org/maven2/org/apache/maven/maven-settings/2.2.1/maven-settings-2.2.1.jar
[INFO] Downloaded from central-only: https://repo.maven.apache.org/maven2/org/codehaus/plexus/plexus-utils/1.5.15/plexus-utils-1.5.15.jar (228 kB at 376 kB/s)
[INFO] Downloading from central-only: https://repo.maven.apache.org/maven2/org/apache/maven/maven-profile/2.2.1/maven-profile-2.2.1.jar
[INFO] Downloaded from central-only: https://repo.maven.apache.org/maven2/org/codehaus/plexus/plexus-container-default/1.0-alpha-9-stable-1/plexus-container-default-1.0-alpha-9-stable-1.jar (194 kB at 308 kB/s)
[INFO] Downloading from central-only: https://repo.maven.apache.org/maven2/org/apache/maven/maven-artifact-manager/2.2.1/maven-artifact-manager-2.2.1.jar
[INFO] Downloaded from central-only: https://repo.maven.apache.org/maven2/org/apache/maven/maven-project/2.2.1/maven-project-2.2.1.jar (156 kB at 246 kB/s)
[INFO] Downloading from central-only: https://repo.maven.apache.org/maven2/backport-util-concurrent/backport-util-concurrent/3.1/backport-util-concurrent-3.1.jar
[INFO] Downloaded from central-only: https://repo.maven.apache.org/maven2/org/apache/maven/maven-plugin-descriptor/2.2.1/maven-plugin-descriptor-2.2.1.jar (39 kB at 53 kB/s)
[INFO] Downloading from central-only: https://repo.maven.apache.org/maven2/org/apache/maven/maven-plugin-registry/2.2.1/maven-plugin-registry-2.2.1.jar
[INFO] Downloaded from central-only: https://repo.maven.apache.org/maven2/org/apache/maven/maven-artifact-manager/2.2.1/maven-artifact-manager-2.2.1.jar (68 kB at 75 kB/s)
[INFO] Downloading from central-only: https://repo.maven.apache.org/maven2/org/codehaus/plexus/plexus-interpolation/1.11/plexus-interpolation-1.11.jar
[INFO] Downloaded from central-only: https://repo.maven.apache.org/maven2/backport-util-concurrent/backport-util-concurrent/3.1/backport-util-concurrent-3.1.jar (332 kB at 363 kB/s)
[INFO] Downloading from central-only: https://repo.maven.apache.org/maven2/org/apache/maven/maven-model/2.2.1/maven-model-2.2.1.jar
[INFO] Downloaded from central-only: https://repo.maven.apache.org/maven2/org/apache/maven/maven-profile/2.2.1/maven-profile-2.2.1.jar (35 kB at 35 kB/s)
[INFO] Downloading from central-only: https://repo.maven.apache.org/maven2/org/apache/maven/maven-core/2.2.1/maven-core-2.2.1.jar
[INFO] Downloaded from central-only: https://repo.maven.apache.org/maven2/org/apache/maven/maven-settings/2.2.1/maven-settings-2.2.1.jar (49 kB at 47 kB/s)
[INFO] Downloading from central-only: https://repo.maven.apache.org/maven2/org/apache/maven/maven-plugin-parameter-documenter/2.2.1/maven-plugin-parameter-documenter-2.2.1.jar
[INFO] Downloaded from central-only: https://repo.maven.apache.org/maven2/org/apache/maven/maven-plugin-registry/2.2.1/maven-plugin-registry-2.2.1.jar (30 kB at 27 kB/s)
[INFO] Downloading from central-only: https://repo.maven.apache.org/maven2/org/slf4j/slf4j-jdk14/1.5.6/slf4j-jdk14-1.5.6.jar
[INFO] Downloaded from central-only: https://repo.maven.apache.org/maven2/org/codehaus/plexus/plexus-interpolation/1.11/plexus-interpolation-1.11.jar (51 kB at 43 kB/s)
[INFO] Downloading from central-only: https://repo.maven.apache.org/maven2/org/slf4j/slf4j-api/1.5.6/slf4j-api-1.5.6.jar
[INFO] Downloaded from central-only: https://repo.maven.apache.org/maven2/org/apache/maven/maven-model/2.2.1/maven-model-2.2.1.jar (88 kB at 74 kB/s)
[INFO] Downloading from central-only: https://repo.maven.apache.org/maven2/org/slf4j/jcl-over-slf4j/1.5.6/jcl-over-slf4j-1.5.6.jar
[INFO] Downloaded from central-only: https://repo.maven.apache.org/maven2/org/apache/maven/maven-core/2.2.1/maven-core-2.2.1.jar (178 kB at 138 kB/s)
[INFO] Downloading from central-only: https://repo.maven.apache.org/maven2/org/apache/maven/reporting/maven-reporting-api/3.0/maven-reporting-api-3.0.jar
[INFO] Downloaded from central-only: https://repo.maven.apache.org/maven2/org/apache/maven/maven-plugin-parameter-documenter/2.2.1/maven-plugin-parameter-documenter-2.2.1.jar (22 kB at 16 kB/s)
[INFO] Downloading from central-only: https://repo.maven.apache.org/maven2/org/apache/maven/maven-repository-metadata/2.2.1/maven-repository-metadata-2.2.1.jar
[INFO] Downloaded from central-only: https://repo.maven.apache.org/maven2/org/slf4j/slf4j-jdk14/1.5.6/slf4j-jdk14-1.5.6.jar (8.8 kB at 6.2 kB/s)
[INFO] Downloading from central-only: https://repo.maven.apache.org/maven2/org/apache/maven/maven-error-diagnostics/2.2.1/maven-error-diagnostics-2.2.1.jar
[INFO] Downloaded from central-only: https://repo.maven.apache.org/maven2/org/slf4j/jcl-over-slf4j/1.5.6/jcl-over-slf4j-1.5.6.jar (17 kB at 11 kB/s)
[INFO] Downloading from central-only: https://repo.maven.apache.org/maven2/org/apache/maven/maven-monitor/2.2.1/maven-monitor-2.2.1.jar
[INFO] Downloaded from central-only: https://repo.maven.apache.org/maven2/org/slf4j/slf4j-api/1.5.6/slf4j-api-1.5.6.jar (22 kB at 14 kB/s)
[INFO] Downloading from central-only: https://repo.maven.apache.org/maven2/classworlds/classworlds/1.1/classworlds-1.1.jar
[INFO] Downloaded from central-only: https://repo.maven.apache.org/maven2/org/apache/maven/reporting/maven-reporting-api/3.0/maven-reporting-api-3.0.jar (11 kB at 6.8 kB/s)
[INFO] Downloading from central-only: https://repo.maven.apache.org/maven2/org/apache/maven/maven-toolchain/2.2.1/maven-toolchain-2.2.1.jar
[INFO] Downloaded from central-only: https://repo.maven.apache.org/maven2/org/apache/maven/maven-repository-metadata/2.2.1/maven-repository-metadata-2.2.1.jar (26 kB at 15 kB/s)
[INFO] Downloaded from central-only: https://repo.maven.apache.org/maven2/org/apache/maven/maven-error-diagnostics/2.2.1/maven-error-diagnostics-2.2.1.jar (13 kB at 7.4 kB/s)
[INFO] Downloaded from central-only: https://repo.maven.apache.org/maven2/org/apache/maven/maven-monitor/2.2.1/maven-monitor-2.2.1.jar (10 kB at 5.4 kB/s)
[INFO] Downloaded from central-only: https://repo.maven.apache.org/maven2/classworlds/classworlds/1.1/classworlds-1.1.jar (38 kB at 19 kB/s)
[INFO] Downloaded from central-only: https://repo.maven.apache.org/maven2/org/apache/maven/maven-toolchain/2.2.1/maven-toolchain-2.2.1.jar (38 kB at 18 kB/s)
[INFO] 
[INFO] --- jar:3.0.2:jar (default-jar) @ jshERP-boot ---
[INFO] Downloading from central-only: https://repo.maven.apache.org/maven2/org/apache/maven/maven-archiver/3.1.1/maven-archiver-3.1.1.pom
[INFO] Downloaded from central-only: https://repo.maven.apache.org/maven2/org/apache/maven/maven-archiver/3.1.1/maven-archiver-3.1.1.pom (4.3 kB at 16 kB/s)
[INFO] Downloading from central-only: https://repo.maven.apache.org/maven2/org/apache/maven/shared/maven-shared-utils/3.0.1/maven-shared-utils-3.0.1.pom
[INFO] Downloaded from central-only: https://repo.maven.apache.org/maven2/org/apache/maven/shared/maven-shared-utils/3.0.1/maven-shared-utils-3.0.1.pom (4.6 kB at 16 kB/s)
[INFO] Downloading from central-only: https://repo.maven.apache.org/maven2/org/codehaus/plexus/plexus-archiver/3.3/plexus-archiver-3.3.pom
[INFO] Downloaded from central-only: https://repo.maven.apache.org/maven2/org/codehaus/plexus/plexus-archiver/3.3/plexus-archiver-3.3.pom (5.3 kB at 19 kB/s)
[INFO] Downloading from central-only: https://repo.maven.apache.org/maven2/org/codehaus/plexus/plexus-io/2.7.1/plexus-io-2.7.1.pom
[INFO] Downloaded from central-only: https://repo.maven.apache.org/maven2/org/codehaus/plexus/plexus-io/2.7.1/plexus-io-2.7.1.pom (4.9 kB at 18 kB/s)
[INFO] Downloading from central-only: https://repo.maven.apache.org/maven2/commons-io/commons-io/2.2/commons-io-2.2.pom
[INFO] Downloaded from central-only: https://repo.maven.apache.org/maven2/commons-io/commons-io/2.2/commons-io-2.2.pom (11 kB at 40 kB/s)
[INFO] Downloading from central-only: https://repo.maven.apache.org/maven2/org/apache/commons/commons-parent/24/commons-parent-24.pom
[INFO] Downloaded from central-only: https://repo.maven.apache.org/maven2/org/apache/commons/commons-parent/24/commons-parent-24.pom (47 kB at 161 kB/s)
[INFO] Downloading from central-only: https://repo.maven.apache.org/maven2/org/apache/commons/commons-compress/1.11/commons-compress-1.11.pom
[INFO] Downloaded from central-only: https://repo.maven.apache.org/maven2/org/apache/commons/commons-compress/1.11/commons-compress-1.11.pom (13 kB at 44 kB/s)
[INFO] Downloading from central-only: https://repo.maven.apache.org/maven2/org/iq80/snappy/snappy/0.4/snappy-0.4.pom
[INFO] Downloaded from central-only: https://repo.maven.apache.org/maven2/org/iq80/snappy/snappy/0.4/snappy-0.4.pom (15 kB at 50 kB/s)
[INFO] Downloading from central-only: https://repo.maven.apache.org/maven2/org/tukaani/xz/1.5/xz-1.5.pom
[INFO] Downloaded from central-only: https://repo.maven.apache.org/maven2/org/tukaani/xz/1.5/xz-1.5.pom (1.9 kB at 6.6 kB/s)
[INFO] Downloading from central-only: https://repo.maven.apache.org/maven2/org/codehaus/plexus/plexus-archiver/3.4/plexus-archiver-3.4.pom
[INFO] Downloaded from central-only: https://repo.maven.apache.org/maven2/org/codehaus/plexus/plexus-archiver/3.4/plexus-archiver-3.4.pom (5.3 kB at 19 kB/s)
[INFO] Downloading from central-only: https://repo.maven.apache.org/maven2/org/apache/maven/maven-archiver/3.1.1/maven-archiver-3.1.1.jar
[INFO] Downloaded from central-only: https://repo.maven.apache.org/maven2/org/apache/maven/maven-archiver/3.1.1/maven-archiver-3.1.1.jar (24 kB at 65 kB/s)
[INFO] Downloading from central-only: https://repo.maven.apache.org/maven2/org/apache/maven/shared/maven-shared-utils/3.0.1/maven-shared-utils-3.0.1.jar
[INFO] Downloading from central-only: https://repo.maven.apache.org/maven2/org/codehaus/plexus/plexus-archiver/3.4/plexus-archiver-3.4.jar
[INFO] Downloading from central-only: https://repo.maven.apache.org/maven2/org/codehaus/plexus/plexus-io/2.7.1/plexus-io-2.7.1.jar
[INFO] Downloading from central-only: https://repo.maven.apache.org/maven2/org/apache/commons/commons-compress/1.11/commons-compress-1.11.jar
[INFO] Downloading from central-only: https://repo.maven.apache.org/maven2/org/iq80/snappy/snappy/0.4/snappy-0.4.jar
[INFO] Downloaded from central-only: https://repo.maven.apache.org/maven2/org/apache/commons/commons-compress/1.11/commons-compress-1.11.jar (426 kB at 1.5 MB/s)
[INFO] Downloading from central-only: https://repo.maven.apache.org/maven2/org/tukaani/xz/1.5/xz-1.5.jar
[INFO] Downloaded from central-only: https://repo.maven.apache.org/maven2/org/codehaus/plexus/plexus-archiver/3.4/plexus-archiver-3.4.jar (187 kB at 668 kB/s)
[INFO] Downloaded from central-only: https://repo.maven.apache.org/maven2/org/apache/maven/shared/maven-shared-utils/3.0.1/maven-shared-utils-3.0.1.jar (154 kB at 552 kB/s)
[INFO] Downloaded from central-only: https://repo.maven.apache.org/maven2/org/iq80/snappy/snappy/0.4/snappy-0.4.jar (58 kB at 207 kB/s)
[INFO] Downloaded from central-only: https://repo.maven.apache.org/maven2/org/codehaus/plexus/plexus-io/2.7.1/plexus-io-2.7.1.jar (86 kB at 295 kB/s)
[INFO] Downloaded from central-only: https://repo.maven.apache.org/maven2/org/tukaani/xz/1.5/xz-1.5.jar (100 kB at 176 kB/s)
[INFO] Building jar: D:\7800\flowpilot-erp\upstream\jshERP-boot\target\jshERP.jar
[INFO] 
[INFO] --- spring-boot:2.0.3.RELEASE:repackage (default) @ jshERP-boot ---
[INFO] 
[INFO] --- spring-boot:2.0.3.RELEASE:repackage (repackage) @ jshERP-boot ---
[INFO] Layout: JAR
[INFO] 
[INFO] --- assembly:2.5.1:single (make-zip) @ jshERP-boot ---
[INFO] Downloading from central-only: https://repo.maven.apache.org/maven2/junit/junit/3.8.1/junit-3.8.1.pom
[INFO] Downloaded from central-only: https://repo.maven.apache.org/maven2/junit/junit/3.8.1/junit-3.8.1.pom (998 B at 3.6 kB/s)
[INFO] Downloading from central-only: https://repo.maven.apache.org/maven2/junit/junit/3.8.2/junit-3.8.2.pom
[INFO] Downloaded from central-only: https://repo.maven.apache.org/maven2/junit/junit/3.8.2/junit-3.8.2.pom (747 B at 2.7 kB/s)
[INFO] Downloading from central-only: https://repo.maven.apache.org/maven2/org/codehaus/plexus/plexus-archiver/2.8.2/plexus-archiver-2.8.2.pom
[INFO] Downloaded from central-only: https://repo.maven.apache.org/maven2/org/codehaus/plexus/plexus-archiver/2.8.2/plexus-archiver-2.8.2.pom (4.1 kB at 15 kB/s)
[INFO] Downloading from central-only: https://repo.maven.apache.org/maven2/org/codehaus/plexus/plexus-io/2.3.3/plexus-io-2.3.3.pom
[INFO] Downloaded from central-only: https://repo.maven.apache.org/maven2/org/codehaus/plexus/plexus-io/2.3.3/plexus-io-2.3.3.pom (2.8 kB at 9.9 kB/s)
[INFO] Downloading from central-only: https://repo.maven.apache.org/maven2/org/apache/maven/shared/file-management/1.1/file-management-1.1.pom
[INFO] Downloaded from central-only: https://repo.maven.apache.org/maven2/org/apache/maven/shared/file-management/1.1/file-management-1.1.pom (2.7 kB at 9.3 kB/s)
[INFO] Downloading from central-only: https://repo.maven.apache.org/maven2/org/apache/maven/shared/maven-shared-components/4/maven-shared-components-4.pom
[INFO] Downloaded from central-only: https://repo.maven.apache.org/maven2/org/apache/maven/shared/maven-shared-components/4/maven-shared-components-4.pom (2.2 kB at 8.0 kB/s)
[INFO] Downloading from central-only: https://repo.maven.apache.org/maven2/org/apache/maven/maven-parent/4/maven-parent-4.pom
[INFO] Downloaded from central-only: https://repo.maven.apache.org/maven2/org/apache/maven/maven-parent/4/maven-parent-4.pom (10.0 kB at 34 kB/s)
[INFO] Downloading from central-only: https://repo.maven.apache.org/maven2/org/apache/apache/3/apache-3.pom
[INFO] Downloaded from central-only: https://repo.maven.apache.org/maven2/org/apache/apache/3/apache-3.pom (3.4 kB at 12 kB/s)
[INFO] Downloading from central-only: https://repo.maven.apache.org/maven2/org/apache/maven/maven-plugin-api/2.0/maven-plugin-api-2.0.pom
[INFO] Downloaded from central-only: https://repo.maven.apache.org/maven2/org/apache/maven/maven-plugin-api/2.0/maven-plugin-api-2.0.pom (601 B at 2.1 kB/s)
[INFO] Downloading from central-only: https://repo.maven.apache.org/maven2/org/apache/maven/maven/2.0/maven-2.0.pom
[INFO] Downloaded from central-only: https://repo.maven.apache.org/maven2/org/apache/maven/maven/2.0/maven-2.0.pom (8.8 kB at 29 kB/s)
[INFO] Downloading from central-only: https://repo.maven.apache.org/maven2/org/apache/maven/shared/maven-shared-io/1.0/maven-shared-io-1.0.pom
[INFO] Downloaded from central-only: https://repo.maven.apache.org/maven2/org/apache/maven/shared/maven-shared-io/1.0/maven-shared-io-1.0.pom (3.0 kB at 11 kB/s)
[INFO] Downloading from central-only: https://repo.maven.apache.org/maven2/org/apache/maven/maven-artifact/2.0.2/maven-artifact-2.0.2.pom
[INFO] Downloaded from central-only: https://repo.maven.apache.org/maven2/org/apache/maven/maven-artifact/2.0.2/maven-artifact-2.0.2.pom (765 B at 2.7 kB/s)
[INFO] Downloading from central-only: https://repo.maven.apache.org/maven2/org/apache/maven/maven/2.0.2/maven-2.0.2.pom
[INFO] Downloaded from central-only: https://repo.maven.apache.org/maven2/org/apache/maven/maven/2.0.2/maven-2.0.2.pom (13 kB at 47 kB/s)
[INFO] Downloading from central-only: https://repo.maven.apache.org/maven2/org/codehaus/plexus/plexus-utils/1.1/plexus-utils-1.1.pom
[INFO] Downloaded from central-only: https://repo.maven.apache.org/maven2/org/codehaus/plexus/plexus-utils/1.1/plexus-utils-1.1.pom (767 B at 2.6 kB/s)
[INFO] Downloading from central-only: https://repo.maven.apache.org/maven2/org/apache/maven/maven-artifact-manager/2.0.2/maven-artifact-manager-2.0.2.pom
[INFO] Downloaded from central-only: https://repo.maven.apache.org/maven2/org/apache/maven/maven-artifact-manager/2.0.2/maven-artifact-manager-2.0.2.pom (1.4 kB at 4.9 kB/s)
[INFO] Downloading from central-only: https://repo.maven.apache.org/maven2/org/apache/maven/maven-repository-metadata/2.0.2/maven-repository-metadata-2.0.2.pom
[INFO] Downloaded from central-only: https://repo.maven.apache.org/maven2/org/apache/maven/maven-repository-metadata/2.0.2/maven-repository-metadata-2.0.2.pom (1.3 kB at 4.6 kB/s)
[INFO] Downloading from central-only: https://repo.maven.apache.org/maven2/org/codehaus/plexus/plexus-container-default/1.0-alpha-9/plexus-container-default-1.0-alpha-9.pom
[INFO] Downloaded from central-only: https://repo.maven.apache.org/maven2/org/codehaus/plexus/plexus-container-default/1.0-alpha-9/plexus-container-default-1.0-alpha-9.pom (1.2 kB at 4.1 kB/s)
[INFO] Downloading from central-only: https://repo.maven.apache.org/maven2/org/apache/maven/wagon/wagon-provider-api/1.0-alpha-6/wagon-provider-api-1.0-alpha-6.pom
[INFO] Downloaded from central-only: https://repo.maven.apache.org/maven2/org/apache/maven/wagon/wagon-provider-api/1.0-alpha-6/wagon-provider-api-1.0-alpha-6.pom (588 B at 2.1 kB/s)
[INFO] Downloading from central-only: https://repo.maven.apache.org/maven2/org/apache/maven/wagon/wagon/1.0-alpha-6/wagon-1.0-alpha-6.pom
[INFO] Downloaded from central-only: https://repo.maven.apache.org/maven2/org/apache/maven/wagon/wagon/1.0-alpha-6/wagon-1.0-alpha-6.pom (6.4 kB at 23 kB/s)
[INFO] Downloading from central-only: https://repo.maven.apache.org/maven2/org/codehaus/plexus/plexus-utils/1.2/plexus-utils-1.2.pom
[INFO] Downloaded from central-only: https://repo.maven.apache.org/maven2/org/codehaus/plexus/plexus-utils/1.2/plexus-utils-1.2.pom (767 B at 2.8 kB/s)
[INFO] Downloading from central-only: https://repo.maven.apache.org/maven2/org/codehaus/plexus/plexus/1.0.5/plexus-1.0.5.pom
[INFO] Downloaded from central-only: https://repo.maven.apache.org/maven2/org/codehaus/plexus/plexus/1.0.5/plexus-1.0.5.pom (5.9 kB at 19 kB/s)
[INFO] Downloading from central-only: https://repo.maven.apache.org/maven2/org/apache/maven/shared/maven-shared-io/1.1/maven-shared-io-1.1.pom
[INFO] Downloaded from central-only: https://repo.maven.apache.org/maven2/org/apache/maven/shared/maven-shared-io/1.1/maven-shared-io-1.1.pom (4.1 kB at 15 kB/s)
[INFO] Downloading from central-only: https://repo.maven.apache.org/maven2/org/apache/maven/shared/maven-shared-components/8/maven-shared-components-8.pom
[INFO] Downloaded from central-only: https://repo.maven.apache.org/maven2/org/apache/maven/shared/maven-shared-components/8/maven-shared-components-8.pom (2.7 kB at 9.1 kB/s)
[INFO] Downloading from central-only: https://repo.maven.apache.org/maven2/org/apache/maven/maven-parent/7/maven-parent-7.pom
[INFO] Downloaded from central-only: https://repo.maven.apache.org/maven2/org/apache/maven/maven-parent/7/maven-parent-7.pom (21 kB at 74 kB/s)
[INFO] Downloading from central-only: https://repo.maven.apache.org/maven2/org/apache/maven/shared/maven-filtering/1.3/maven-filtering-1.3.pom
[INFO] Downloaded from central-only: https://repo.maven.apache.org/maven2/org/apache/maven/shared/maven-filtering/1.3/maven-filtering-1.3.pom (6.2 kB at 21 kB/s)
[INFO] Downloading from central-only: https://repo.maven.apache.org/maven2/org/apache/maven/shared/maven-shared-utils/0.6/maven-shared-utils-0.6.pom
[INFO] Downloaded from central-only: https://repo.maven.apache.org/maven2/org/apache/maven/shared/maven-shared-utils/0.6/maven-shared-utils-0.6.pom (4.9 kB at 18 kB/s)
[INFO] Downloading from central-only: https://repo.maven.apache.org/maven2/org/codehaus/plexus/plexus-utils/3.0.18/plexus-utils-3.0.18.pom
[INFO] Downloaded from central-only: https://repo.maven.apache.org/maven2/org/codehaus/plexus/plexus-utils/3.0.18/plexus-utils-3.0.18.pom (3.4 kB at 12 kB/s)
[INFO] Downloading from central-only: https://repo.maven.apache.org/maven2/org/sonatype/plexus/plexus-build-api/0.0.4/plexus-build-api-0.0.4.pom
[INFO] Downloaded from central-only: https://repo.maven.apache.org/maven2/org/sonatype/plexus/plexus-build-api/0.0.4/plexus-build-api-0.0.4.pom (2.9 kB at 10 kB/s)
[INFO] Downloading from central-only: https://repo.maven.apache.org/maven2/org/sonatype/spice/spice-parent/10/spice-parent-10.pom
[INFO] Downloaded from central-only: https://repo.maven.apache.org/maven2/org/sonatype/spice/spice-parent/10/spice-parent-10.pom (3.0 kB at 11 kB/s)
[INFO] Downloading from central-only: https://repo.maven.apache.org/maven2/org/sonatype/forge/forge-parent/3/forge-parent-3.pom
[INFO] Downloaded from central-only: https://repo.maven.apache.org/maven2/org/sonatype/forge/forge-parent/3/forge-parent-3.pom (5.0 kB at 17 kB/s)
[INFO] Downloading from central-only: https://repo.maven.apache.org/maven2/org/apache/maven/maven-archiver/2.5/maven-archiver-2.5.pom
[INFO] Downloaded from central-only: https://repo.maven.apache.org/maven2/org/apache/maven/maven-archiver/2.5/maven-archiver-2.5.pom (4.5 kB at 16 kB/s)
[INFO] Downloading from central-only: https://repo.maven.apache.org/maven2/org/apache/maven/maven-artifact/2.0.6/maven-artifact-2.0.6.pom
[INFO] Downloaded from central-only: https://repo.maven.apache.org/maven2/org/apache/maven/maven-artifact/2.0.6/maven-artifact-2.0.6.pom (1.6 kB at 5.7 kB/s)
[INFO] Downloading from central-only: https://repo.maven.apache.org/maven2/org/apache/maven/maven/2.0.6/maven-2.0.6.pom
[INFO] Downloaded from central-only: https://repo.maven.apache.org/maven2/org/apache/maven/maven/2.0.6/maven-2.0.6.pom (9.0 kB at 30 kB/s)
[INFO] Downloading from central-only: https://repo.maven.apache.org/maven2/org/apache/maven/maven-parent/5/maven-parent-5.pom
[INFO] Downloaded from central-only: https://repo.maven.apache.org/maven2/org/apache/maven/maven-parent/5/maven-parent-5.pom (15 kB at 53 kB/s)
[INFO] Downloading from central-only: https://repo.maven.apache.org/maven2/org/codehaus/plexus/plexus-utils/1.4.1/plexus-utils-1.4.1.pom
[INFO] Downloaded from central-only: https://repo.maven.apache.org/maven2/org/codehaus/plexus/plexus-utils/1.4.1/plexus-utils-1.4.1.pom (1.9 kB at 6.9 kB/s)
[INFO] Downloading from central-only: https://repo.maven.apache.org/maven2/org/apache/maven/maven-model/2.0.6/maven-model-2.0.6.pom
[INFO] Downloaded from central-only: https://repo.maven.apache.org/maven2/org/apache/maven/maven-model/2.0.6/maven-model-2.0.6.pom (3.0 kB at 11 kB/s)
[INFO] Downloading from central-only: https://repo.maven.apache.org/maven2/org/apache/maven/maven-core/2.0.6/maven-core-2.0.6.pom
[INFO] Downloaded from central-only: https://repo.maven.apache.org/maven2/org/apache/maven/maven-core/2.0.6/maven-core-2.0.6.pom (6.7 kB at 23 kB/s)
[INFO] Downloading from central-only: https://repo.maven.apache.org/maven2/org/apache/maven/maven-settings/2.0.6/maven-settings-2.0.6.pom
[INFO] Downloaded from central-only: https://repo.maven.apache.org/maven2/org/apache/maven/maven-settings/2.0.6/maven-settings-2.0.6.pom (2.0 kB at 7.2 kB/s)
[INFO] Downloading from central-only: https://repo.maven.apache.org/maven2/org/apache/maven/maven-plugin-parameter-documenter/2.0.6/maven-plugin-parameter-documenter-2.0.6.pom
[INFO] Downloaded from central-only: https://repo.maven.apache.org/maven2/org/apache/maven/maven-plugin-parameter-documenter/2.0.6/maven-plugin-parameter-documenter-2.0.6.pom (1.9 kB at 6.6 kB/s)
[INFO] Downloading from central-only: https://repo.maven.apache.org/maven2/org/apache/maven/reporting/maven-reporting-api/2.0.6/maven-reporting-api-2.0.6.pom
[INFO] Downloaded from central-only: https://repo.maven.apache.org/maven2/org/apache/maven/reporting/maven-reporting-api/2.0.6/maven-reporting-api-2.0.6.pom (1.8 kB at 6.1 kB/s)
[INFO] Downloading from central-only: https://repo.maven.apache.org/maven2/org/apache/maven/reporting/maven-reporting/2.0.6/maven-reporting-2.0.6.pom
[INFO] Downloaded from central-only: https://repo.maven.apache.org/maven2/org/apache/maven/reporting/maven-reporting/2.0.6/maven-reporting-2.0.6.pom (1.4 kB at 5.1 kB/s)
[INFO] Downloading from central-only: https://repo.maven.apache.org/maven2/org/apache/maven/doxia/doxia-sink-api/1.0-alpha-7/doxia-sink-api-1.0-alpha-7.pom
[INFO] Downloaded from central-only: https://repo.maven.apache.org/maven2/org/apache/maven/doxia/doxia-sink-api/1.0-alpha-7/doxia-sink-api-1.0-alpha-7.pom (424 B at 1.5 kB/s)
[INFO] Downloading from central-only: https://repo.maven.apache.org/maven2/org/apache/maven/doxia/doxia/1.0-alpha-7/doxia-1.0-alpha-7.pom
[INFO] Downloaded from central-only: https://repo.maven.apache.org/maven2/org/apache/maven/doxia/doxia/1.0-alpha-7/doxia-1.0-alpha-7.pom (3.9 kB at 13 kB/s)
[INFO] Downloading from central-only: https://repo.maven.apache.org/maven2/org/apache/maven/maven-profile/2.0.6/maven-profile-2.0.6.pom
[INFO] Downloaded from central-only: https://repo.maven.apache.org/maven2/org/apache/maven/maven-profile/2.0.6/maven-profile-2.0.6.pom (2.0 kB at 7.1 kB/s)
[INFO] Downloading from central-only: https://repo.maven.apache.org/maven2/org/apache/maven/maven-repository-metadata/2.0.6/maven-repository-metadata-2.0.6.pom
[INFO] Downloaded from central-only: https://repo.maven.apache.org/maven2/org/apache/maven/maven-repository-metadata/2.0.6/maven-repository-metadata-2.0.6.pom (1.9 kB at 5.1 kB/s)
[INFO] Downloading from central-only: https://repo.maven.apache.org/maven2/org/apache/maven/maven-error-diagnostics/2.0.6/maven-error-diagnostics-2.0.6.pom
[INFO] Downloaded from central-only: https://repo.maven.apache.org/maven2/org/apache/maven/maven-error-diagnostics/2.0.6/maven-error-diagnostics-2.0.6.pom (1.7 kB at 6.1 kB/s)
[INFO] Downloading from central-only: https://repo.maven.apache.org/maven2/org/apache/maven/maven-project/2.0.6/maven-project-2.0.6.pom
[INFO] Downloaded from central-only: https://repo.maven.apache.org/maven2/org/apache/maven/maven-project/2.0.6/maven-project-2.0.6.pom (2.6 kB at 9.4 kB/s)
[INFO] Downloading from central-only: https://repo.maven.apache.org/maven2/org/apache/maven/maven-artifact-manager/2.0.6/maven-artifact-manager-2.0.6.pom
[INFO] Downloaded from central-only: https://repo.maven.apache.org/maven2/org/apache/maven/maven-artifact-manager/2.0.6/maven-artifact-manager-2.0.6.pom (2.6 kB at 9.4 kB/s)
[INFO] Downloading from central-only: https://repo.maven.apache.org/maven2/org/apache/maven/maven-plugin-registry/2.0.6/maven-plugin-registry-2.0.6.pom
[INFO] Downloaded from central-only: https://repo.maven.apache.org/maven2/org/apache/maven/maven-plugin-registry/2.0.6/maven-plugin-registry-2.0.6.pom (1.9 kB at 7.2 kB/s)
[INFO] Downloading from central-only: https://repo.maven.apache.org/maven2/commons-cli/commons-cli/1.0/commons-cli-1.0.pom
[INFO] Downloaded from central-only: https://repo.maven.apache.org/maven2/commons-cli/commons-cli/1.0/commons-cli-1.0.pom (2.1 kB at 7.1 kB/s)
[INFO] Downloading from central-only: https://repo.maven.apache.org/maven2/org/apache/maven/maven-plugin-api/2.0.6/maven-plugin-api-2.0.6.pom
[INFO] Downloaded from central-only: https://repo.maven.apache.org/maven2/org/apache/maven/maven-plugin-api/2.0.6/maven-plugin-api-2.0.6.pom (1.5 kB at 5.2 kB/s)
[INFO] Downloading from central-only: https://repo.maven.apache.org/maven2/org/apache/maven/maven-plugin-descriptor/2.0.6/maven-plugin-descriptor-2.0.6.pom
[INFO] Downloaded from central-only: https://repo.maven.apache.org/maven2/org/apache/maven/maven-plugin-descriptor/2.0.6/maven-plugin-descriptor-2.0.6.pom (2.0 kB at 7.3 kB/s)
[INFO] Downloading from central-only: https://repo.maven.apache.org/maven2/org/apache/maven/maven-monitor/2.0.6/maven-monitor-2.0.6.pom
[INFO] Downloaded from central-only: https://repo.maven.apache.org/maven2/org/apache/maven/maven-monitor/2.0.6/maven-monitor-2.0.6.pom (1.3 kB at 4.2 kB/s)
[INFO] Downloading from central-only: https://repo.maven.apache.org/maven2/org/codehaus/plexus/plexus-archiver/2.1/plexus-archiver-2.1.pom
[INFO] Downloaded from central-only: https://repo.maven.apache.org/maven2/org/codehaus/plexus/plexus-archiver/2.1/plexus-archiver-2.1.pom (2.8 kB at 10.0 kB/s)
[INFO] Downloading from central-only: https://repo.maven.apache.org/maven2/org/codehaus/plexus/plexus-utils/3.0/plexus-utils-3.0.pom
[INFO] Downloaded from central-only: https://repo.maven.apache.org/maven2/org/codehaus/plexus/plexus-utils/3.0/plexus-utils-3.0.pom (4.1 kB at 14 kB/s)
[INFO] Downloading from central-only: https://repo.maven.apache.org/maven2/org/codehaus/plexus/plexus-io/2.0.2/plexus-io-2.0.2.pom
[INFO] Downloaded from central-only: https://repo.maven.apache.org/maven2/org/codehaus/plexus/plexus-io/2.0.2/plexus-io-2.0.2.pom (1.7 kB at 5.9 kB/s)
[INFO] Downloading from central-only: https://repo.maven.apache.org/maven2/org/codehaus/plexus/plexus-components/1.1.19/plexus-components-1.1.19.pom
[INFO] Downloaded from central-only: https://repo.maven.apache.org/maven2/org/codehaus/plexus/plexus-components/1.1.19/plexus-components-1.1.19.pom (2.7 kB at 9.6 kB/s)
[INFO] Downloading from central-only: https://repo.maven.apache.org/maven2/org/codehaus/plexus/plexus/3.0.1/plexus-3.0.1.pom
[INFO] Downloaded from central-only: https://repo.maven.apache.org/maven2/org/codehaus/plexus/plexus/3.0.1/plexus-3.0.1.pom (19 kB at 61 kB/s)
[INFO] Downloading from central-only: https://repo.maven.apache.org/maven2/org/codehaus/plexus/plexus-interpolation/1.15/plexus-interpolation-1.15.pom
[INFO] Downloaded from central-only: https://repo.maven.apache.org/maven2/org/codehaus/plexus/plexus-interpolation/1.15/plexus-interpolation-1.15.pom (1.0 kB at 3.7 kB/s)
[INFO] Downloading from central-only: https://repo.maven.apache.org/maven2/org/apache/maven/shared/maven-repository-builder/1.0-alpha-2/maven-repository-builder-1.0-alpha-2.pom
[INFO] Downloaded from central-only: https://repo.maven.apache.org/maven2/org/apache/maven/shared/maven-repository-builder/1.0-alpha-2/maven-repository-builder-1.0-alpha-2.pom (3.2 kB at 11 kB/s)
[INFO] Downloading from central-only: https://repo.maven.apache.org/maven2/org/apache/maven/shared/maven-shared-components/7/maven-shared-components-7.pom
[INFO] Downloaded from central-only: https://repo.maven.apache.org/maven2/org/apache/maven/shared/maven-shared-components/7/maven-shared-components-7.pom (2.6 kB at 9.4 kB/s)
[INFO] Downloading from central-only: https://repo.maven.apache.org/maven2/org/apache/maven/maven-artifact/2.0.4/maven-artifact-2.0.4.pom
[INFO] Downloaded from central-only: https://repo.maven.apache.org/maven2/org/apache/maven/maven-artifact/2.0.4/maven-artifact-2.0.4.pom (765 B at 2.4 kB/s)
[INFO] Downloading from central-only: https://repo.maven.apache.org/maven2/org/apache/maven/maven/2.0.4/maven-2.0.4.pom
[INFO] Downloaded from central-only: https://repo.maven.apache.org/maven2/org/apache/maven/maven/2.0.4/maven-2.0.4.pom (12 kB at 40 kB/s)
[INFO] Downloading from central-only: https://repo.maven.apache.org/maven2/org/apache/maven/maven-artifact-manager/2.0.4/maven-artifact-manager-2.0.4.pom
[INFO] Downloaded from central-only: https://repo.maven.apache.org/maven2/org/apache/maven/maven-artifact-manager/2.0.4/maven-artifact-manager-2.0.4.pom (1.4 kB at 4.7 kB/s)
[INFO] Downloading from central-only: https://repo.maven.apache.org/maven2/org/apache/maven/maven-repository-metadata/2.0.4/maven-repository-metadata-2.0.4.pom
[INFO] Downloaded from central-only: https://repo.maven.apache.org/maven2/org/apache/maven/maven-repository-metadata/2.0.4/maven-repository-metadata-2.0.4.pom (1.5 kB at 5.3 kB/s)
[INFO] Downloading from central-only: https://repo.maven.apache.org/maven2/org/apache/maven/maven-project/2.0.4/maven-project-2.0.4.pom
[INFO] Downloaded from central-only: https://repo.maven.apache.org/maven2/org/apache/maven/maven-project/2.0.4/maven-project-2.0.4.pom (1.8 kB at 6.7 kB/s)
[INFO] Downloading from central-only: https://repo.maven.apache.org/maven2/org/apache/maven/maven-settings/2.0.4/maven-settings-2.0.4.pom
[INFO] Downloaded from central-only: https://repo.maven.apache.org/maven2/org/apache/maven/maven-settings/2.0.4/maven-settings-2.0.4.pom (1.6 kB at 5.7 kB/s)
[INFO] Downloading from central-only: https://repo.maven.apache.org/maven2/org/apache/maven/maven-model/2.0.4/maven-model-2.0.4.pom
[INFO] Downloaded from central-only: https://repo.maven.apache.org/maven2/org/apache/maven/maven-model/2.0.4/maven-model-2.0.4.pom (2.7 kB at 9.6 kB/s)
[INFO] Downloading from central-only: https://repo.maven.apache.org/maven2/org/apache/maven/maven-profile/2.0.4/maven-profile-2.0.4.pom
[INFO] Downloaded from central-only: https://repo.maven.apache.org/maven2/org/apache/maven/maven-profile/2.0.4/maven-profile-2.0.4.pom (1.6 kB at 5.9 kB/s)
[INFO] Downloading from central-only: https://repo.maven.apache.org/maven2/org/apache/maven/shared/maven-common-artifact-filters/1.0-alpha-1/maven-common-artifact-filters-1.0-alpha-1.pom
[INFO] Downloaded from central-only: https://repo.maven.apache.org/maven2/org/apache/maven/shared/maven-common-artifact-filters/1.0-alpha-1/maven-common-artifact-filters-1.0-alpha-1.pom (1.8 kB at 5.9 kB/s)
[INFO] Downloading from central-only: https://repo.maven.apache.org/maven2/org/apache/maven/shared/maven-shared-components/6/maven-shared-components-6.pom
[INFO] Downloaded from central-only: https://repo.maven.apache.org/maven2/org/apache/maven/shared/maven-shared-components/6/maven-shared-components-6.pom (3.1 kB at 11 kB/s)
[INFO] Downloading from central-only: https://repo.maven.apache.org/maven2/org/apache/maven/reporting/maven-reporting-api/2.2.1/maven-reporting-api-2.2.1.jar
[INFO] Downloaded from central-only: https://repo.maven.apache.org/maven2/org/apache/maven/reporting/maven-reporting-api/2.2.1/maven-reporting-api-2.2.1.jar (9.8 kB at 28 kB/s)
[INFO] Downloading from central-only: https://repo.maven.apache.org/maven2/org/apache/maven/doxia/doxia-sink-api/1.1/doxia-sink-api-1.1.jar
[INFO] Downloading from central-only: https://repo.maven.apache.org/maven2/org/apache/maven/doxia/doxia-logging-api/1.1/doxia-logging-api-1.1.jar
[INFO] Downloading from central-only: https://repo.maven.apache.org/maven2/commons-cli/commons-cli/1.2/commons-cli-1.2.jar
[INFO] Downloading from central-only: https://repo.maven.apache.org/maven2/junit/junit/3.8.1/junit-3.8.1.jar
[INFO] Downloading from central-only: https://repo.maven.apache.org/maven2/org/codehaus/plexus/plexus-interactivity-api/1.0-alpha-4/plexus-interactivity-api-1.0-alpha-4.jar
[INFO] Downloaded from central-only: https://repo.maven.apache.org/maven2/junit/junit/3.8.1/junit-3.8.1.jar (121 kB at 436 kB/s)
[INFO] Downloading from central-only: https://repo.maven.apache.org/maven2/org/codehaus/plexus/plexus-archiver/2.8.2/plexus-archiver-2.8.2.jar
[INFO] Downloaded from central-only: https://repo.maven.apache.org/maven2/org/apache/maven/doxia/doxia-logging-api/1.1/doxia-logging-api-1.1.jar (11 kB at 34 kB/s)
[INFO] Downloading from central-only: https://repo.maven.apache.org/maven2/org/apache/commons/commons-compress/1.9/commons-compress-1.9.jar
[INFO] Downloaded from central-only: https://repo.maven.apache.org/maven2/org/apache/maven/doxia/doxia-sink-api/1.1/doxia-sink-api-1.1.jar (13 kB at 36 kB/s)
[INFO] Downloading from central-only: https://repo.maven.apache.org/maven2/org/apache/maven/shared/file-management/1.1/file-management-1.1.jar
[INFO] Downloaded from central-only: https://repo.maven.apache.org/maven2/org/codehaus/plexus/plexus-interactivity-api/1.0-alpha-4/plexus-interactivity-api-1.0-alpha-4.jar (13 kB at 37 kB/s)
[INFO] Downloading from central-only: https://repo.maven.apache.org/maven2/org/apache/maven/shared/maven-shared-io/1.1/maven-shared-io-1.1.jar
[INFO] Downloaded from central-only: https://repo.maven.apache.org/maven2/commons-cli/commons-cli/1.2/commons-cli-1.2.jar (41 kB at 94 kB/s)
[INFO] Downloading from central-only: https://repo.maven.apache.org/maven2/org/apache/maven/wagon/wagon-provider-api/1.0-alpha-6/wagon-provider-api-1.0-alpha-6.jar
[INFO] Downloaded from central-only: https://repo.maven.apache.org/maven2/org/codehaus/plexus/plexus-archiver/2.8.2/plexus-archiver-2.8.2.jar (143 kB at 251 kB/s)
[INFO] Downloading from central-only: https://repo.maven.apache.org/maven2/commons-io/commons-io/2.2/commons-io-2.2.jar
[INFO] Downloaded from central-only: https://repo.maven.apache.org/maven2/org/apache/commons/commons-compress/1.9/commons-compress-1.9.jar (378 kB at 585 kB/s)
[INFO] Downloading from central-only: https://repo.maven.apache.org/maven2/org/apache/maven/shared/maven-filtering/1.3/maven-filtering-1.3.jar
[INFO] Downloaded from central-only: https://repo.maven.apache.org/maven2/org/apache/maven/shared/file-management/1.1/file-management-1.1.jar (31 kB at 42 kB/s)
[INFO] Downloading from central-only: https://repo.maven.apache.org/maven2/org/apache/maven/shared/maven-shared-utils/0.6/maven-shared-utils-0.6.jar
[INFO] Downloaded from central-only: https://repo.maven.apache.org/maven2/org/apache/maven/shared/maven-shared-io/1.1/maven-shared-io-1.1.jar (39 kB at 46 kB/s)
[INFO] Downloading from central-only: https://repo.maven.apache.org/maven2/org/sonatype/plexus/plexus-build-api/0.0.4/plexus-build-api-0.0.4.jar
[INFO] Downloaded from central-only: https://repo.maven.apache.org/maven2/commons-io/commons-io/2.2/commons-io-2.2.jar (174 kB at 197 kB/s)
[INFO] Downloading from central-only: https://repo.maven.apache.org/maven2/org/codehaus/plexus/plexus-io/2.3.3/plexus-io-2.3.3.jar
[INFO] Downloaded from central-only: https://repo.maven.apache.org/maven2/org/apache/maven/wagon/wagon-provider-api/1.0-alpha-6/wagon-provider-api-1.0-alpha-6.jar (43 kB at 47 kB/s)
[INFO] Downloading from central-only: https://repo.maven.apache.org/maven2/org/apache/maven/maven-archiver/2.5/maven-archiver-2.5.jar
[INFO] Downloaded from central-only: https://repo.maven.apache.org/maven2/org/apache/maven/shared/maven-filtering/1.3/maven-filtering-1.3.jar (51 kB at 53 kB/s)
[INFO] Downloading from central-only: https://repo.maven.apache.org/maven2/org/codehaus/plexus/plexus-utils/3.0.20/plexus-utils-3.0.20.jar
[INFO] Downloaded from central-only: https://repo.maven.apache.org/maven2/org/apache/maven/shared/maven-shared-utils/0.6/maven-shared-utils-0.6.jar (165 kB at 163 kB/s)
[INFO] Downloading from central-only: https://repo.maven.apache.org/maven2/org/apache/maven/shared/maven-repository-builder/1.0-alpha-2/maven-repository-builder-1.0-alpha-2.jar
[INFO] Downloaded from central-only: https://repo.maven.apache.org/maven2/org/sonatype/plexus/plexus-build-api/0.0.4/plexus-build-api-0.0.4.jar (6.8 kB at 5.9 kB/s)
[INFO] Downloaded from central-only: https://repo.maven.apache.org/maven2/org/codehaus/plexus/plexus-io/2.3.3/plexus-io-2.3.3.jar (79 kB at 67 kB/s)
[INFO] Downloaded from central-only: https://repo.maven.apache.org/maven2/org/codehaus/plexus/plexus-utils/3.0.20/plexus-utils-3.0.20.jar (243 kB at 196 kB/s)
[INFO] Downloaded from central-only: https://repo.maven.apache.org/maven2/org/apache/maven/maven-archiver/2.5/maven-archiver-2.5.jar (22 kB at 17 kB/s)
[INFO] Downloaded from central-only: https://repo.maven.apache.org/maven2/org/apache/maven/shared/maven-repository-builder/1.0-alpha-2/maven-repository-builder-1.0-alpha-2.jar (23 kB at 17 kB/s)
[INFO] Reading assembly descriptor: src/main/assembly/assembly.xml
[INFO] Building zip: D:\7800\flowpilot-erp\upstream\jshERP-boot\dist\jshERP-bin.zip
[INFO] ------------------------------------------------------------------------
[INFO] BUILD SUCCESS
[INFO] ------------------------------------------------------------------------
[INFO] Total time:  03:46 min
[INFO] Finished at: 2026-10-08T16:14:21+08:00
[INFO] ------------------------------------------------------------------------
