[INFO] Scanning for projects...
[INFO] Downloading from central: https://repo.maven.apache.org/maven2/org/springframework/boot/spring-boot-starter-parent/2.0.0.RELEASE/spring-boot-starter-parent-2.0.0.RELEASE.pom
[INFO] Downloaded from central: https://repo.maven.apache.org/maven2/org/springframework/boot/spring-boot-starter-parent/2.0.0.RELEASE/spring-boot-starter-parent-2.0.0.RELEASE.pom (11 kB at 11 kB/s)
[INFO] Downloading from central: https://repo.maven.apache.org/maven2/org/springframework/boot/spring-boot-dependencies/2.0.0.RELEASE/spring-boot-dependencies-2.0.0.RELEASE.pom
[INFO] Downloaded from central: https://repo.maven.apache.org/maven2/org/springframework/boot/spring-boot-dependencies/2.0.0.RELEASE/spring-boot-dependencies-2.0.0.RELEASE.pom (123 kB at 432 kB/s)
[INFO] Downloading from spring-milestone: https://repo.spring.io/milestone/com/fasterxml/jackson/jackson-bom/2.9.4/jackson-bom-2.9.4.pom
[INFO] Downloading from spring-snapshot: https://repo.spring.io/snapshot/com/fasterxml/jackson/jackson-bom/2.9.4/jackson-bom-2.9.4.pom
[INFO] Downloading from rabbit-milestone: https://dl.bintray.com/rabbitmq/maven-milestones/com/fasterxml/jackson/jackson-bom/2.9.4/jackson-bom-2.9.4.pom
[INFO] Downloading from central: https://repo.maven.apache.org/maven2/com/fasterxml/jackson/jackson-bom/2.9.4/jackson-bom-2.9.4.pom
[INFO] Downloaded from central: https://repo.maven.apache.org/maven2/com/fasterxml/jackson/jackson-bom/2.9.4/jackson-bom-2.9.4.pom (12 kB at 46 kB/s)
[INFO] Downloading from spring-milestone: https://repo.spring.io/milestone/com/fasterxml/jackson/jackson-parent/2.9.1/jackson-parent-2.9.1.pom
[INFO] Downloading from spring-snapshot: https://repo.spring.io/snapshot/com/fasterxml/jackson/jackson-parent/2.9.1/jackson-parent-2.9.1.pom
[INFO] Downloading from rabbit-milestone: https://dl.bintray.com/rabbitmq/maven-milestones/com/fasterxml/jackson/jackson-parent/2.9.1/jackson-parent-2.9.1.pom
[INFO] Downloading from central: https://repo.maven.apache.org/maven2/com/fasterxml/jackson/jackson-parent/2.9.1/jackson-parent-2.9.1.pom
[INFO] Downloaded from central: https://repo.maven.apache.org/maven2/com/fasterxml/jackson/jackson-parent/2.9.1/jackson-parent-2.9.1.pom (8.0 kB at 31 kB/s)
[INFO] Downloading from spring-milestone: https://repo.spring.io/milestone/com/fasterxml/oss-parent/30/oss-parent-30.pom
[INFO] Downloading from spring-snapshot: https://repo.spring.io/snapshot/com/fasterxml/oss-parent/30/oss-parent-30.pom
[INFO] Downloading from rabbit-milestone: https://dl.bintray.com/rabbitmq/maven-milestones/com/fasterxml/oss-parent/30/oss-parent-30.pom
[INFO] Downloading from central: https://repo.maven.apache.org/maven2/com/fasterxml/oss-parent/30/oss-parent-30.pom
[INFO] Downloaded from central: https://repo.maven.apache.org/maven2/com/fasterxml/oss-parent/30/oss-parent-30.pom (21 kB at 71 kB/s)
[INFO] Downloading from spring-milestone: https://repo.spring.io/milestone/io/netty/netty-bom/4.1.22.Final/netty-bom-4.1.22.Final.pom
[INFO] Downloading from spring-snapshot: https://repo.spring.io/snapshot/io/netty/netty-bom/4.1.22.Final/netty-bom-4.1.22.Final.pom
[INFO] Downloading from rabbit-milestone: https://dl.bintray.com/rabbitmq/maven-milestones/io/netty/netty-bom/4.1.22.Final/netty-bom-4.1.22.Final.pom
[INFO] Downloading from central: https://repo.maven.apache.org/maven2/io/netty/netty-bom/4.1.22.Final/netty-bom-4.1.22.Final.pom
[INFO] Downloaded from central: https://repo.maven.apache.org/maven2/io/netty/netty-bom/4.1.22.Final/netty-bom-4.1.22.Final.pom (7.9 kB at 30 kB/s)
[INFO] Downloading from spring-milestone: https://repo.spring.io/milestone/org/sonatype/oss/oss-parent/7/oss-parent-7.pom
[INFO] Downloading from spring-snapshot: https://repo.spring.io/snapshot/org/sonatype/oss/oss-parent/7/oss-parent-7.pom
[INFO] Downloading from rabbit-milestone: https://dl.bintray.com/rabbitmq/maven-milestones/org/sonatype/oss/oss-parent/7/oss-parent-7.pom
[INFO] Downloading from central: https://repo.maven.apache.org/maven2/org/sonatype/oss/oss-parent/7/oss-parent-7.pom
[INFO] Downloaded from central: https://repo.maven.apache.org/maven2/org/sonatype/oss/oss-parent/7/oss-parent-7.pom (4.8 kB at 19 kB/s)
[INFO] Downloading from spring-milestone: https://repo.spring.io/milestone/io/projectreactor/reactor-bom/Bismuth-SR7/reactor-bom-Bismuth-SR7.pom
[INFO] Downloading from spring-snapshot: https://repo.spring.io/snapshot/io/projectreactor/reactor-bom/Bismuth-SR7/reactor-bom-Bismuth-SR7.pom
[INFO] Downloading from rabbit-milestone: https://dl.bintray.com/rabbitmq/maven-milestones/io/projectreactor/reactor-bom/Bismuth-SR7/reactor-bom-Bismuth-SR7.pom
[INFO] Downloading from central: https://repo.maven.apache.org/maven2/io/projectreactor/reactor-bom/Bismuth-SR7/reactor-bom-Bismuth-SR7.pom
[INFO] Downloaded from central: https://repo.maven.apache.org/maven2/io/projectreactor/reactor-bom/Bismuth-SR7/reactor-bom-Bismuth-SR7.pom (3.6 kB at 14 kB/s)
[INFO] Downloading from spring-milestone: https://repo.spring.io/milestone/org/apache/logging/log4j/log4j-bom/2.10.0/log4j-bom-2.10.0.pom
[INFO] Downloading from spring-snapshot: https://repo.spring.io/snapshot/org/apache/logging/log4j/log4j-bom/2.10.0/log4j-bom-2.10.0.pom
[INFO] Downloading from rabbit-milestone: https://dl.bintray.com/rabbitmq/maven-milestones/org/apache/logging/log4j/log4j-bom/2.10.0/log4j-bom-2.10.0.pom
[INFO] Downloading from central: https://repo.maven.apache.org/maven2/org/apache/logging/log4j/log4j-bom/2.10.0/log4j-bom-2.10.0.pom
[INFO] Downloaded from central: https://repo.maven.apache.org/maven2/org/apache/logging/log4j/log4j-bom/2.10.0/log4j-bom-2.10.0.pom (5.6 kB at 22 kB/s)
[INFO] Downloading from spring-milestone: https://repo.spring.io/milestone/org/apache/logging/logging-parent/1/logging-parent-1.pom
[INFO] Downloading from spring-snapshot: https://repo.spring.io/snapshot/org/apache/logging/logging-parent/1/logging-parent-1.pom
[INFO] Downloading from rabbit-milestone: https://dl.bintray.com/rabbitmq/maven-milestones/org/apache/logging/logging-parent/1/logging-parent-1.pom
[INFO] Downloading from central: https://repo.maven.apache.org/maven2/org/apache/logging/logging-parent/1/logging-parent-1.pom
[INFO] Downloaded from central: https://repo.maven.apache.org/maven2/org/apache/logging/logging-parent/1/logging-parent-1.pom (3.2 kB at 12 kB/s)
[INFO] Downloading from spring-milestone: https://repo.spring.io/milestone/org/apache/apache/18/apache-18.pom
[INFO] Downloading from spring-snapshot: https://repo.spring.io/snapshot/org/apache/apache/18/apache-18.pom
[INFO] Downloading from rabbit-milestone: https://dl.bintray.com/rabbitmq/maven-milestones/org/apache/apache/18/apache-18.pom
[INFO] Downloading from central: https://repo.maven.apache.org/maven2/org/apache/apache/18/apache-18.pom
[INFO] Downloaded from central: https://repo.maven.apache.org/maven2/org/apache/apache/18/apache-18.pom (16 kB at 60 kB/s)
[INFO] Downloading from spring-milestone: https://repo.spring.io/milestone/org/eclipse/jetty/jetty-bom/9.4.8.v20171121/jetty-bom-9.4.8.v20171121.pom
[INFO] Downloading from spring-snapshot: https://repo.spring.io/snapshot/org/eclipse/jetty/jetty-bom/9.4.8.v20171121/jetty-bom-9.4.8.v20171121.pom
[INFO] Downloading from rabbit-milestone: https://dl.bintray.com/rabbitmq/maven-milestones/org/eclipse/jetty/jetty-bom/9.4.8.v20171121/jetty-bom-9.4.8.v20171121.pom
[INFO] Downloading from central: https://repo.maven.apache.org/maven2/org/eclipse/jetty/jetty-bom/9.4.8.v20171121/jetty-bom-9.4.8.v20171121.pom
[INFO] Downloaded from central: https://repo.maven.apache.org/maven2/org/eclipse/jetty/jetty-bom/9.4.8.v20171121/jetty-bom-9.4.8.v20171121.pom (17 kB at 62 kB/s)
[INFO] Downloading from spring-milestone: https://repo.spring.io/milestone/org/springframework/spring-framework-bom/5.0.4.RELEASE/spring-framework-bom-5.0.4.RELEASE.pom
[INFO] Downloading from spring-snapshot: https://repo.spring.io/snapshot/org/springframework/spring-framework-bom/5.0.4.RELEASE/spring-framework-bom-5.0.4.RELEASE.pom
[INFO] Downloading from rabbit-milestone: https://dl.bintray.com/rabbitmq/maven-milestones/org/springframework/spring-framework-bom/5.0.4.RELEASE/spring-framework-bom-5.0.4.RELEASE.pom
[INFO] Downloading from central: https://repo.maven.apache.org/maven2/org/springframework/spring-framework-bom/5.0.4.RELEASE/spring-framework-bom-5.0.4.RELEASE.pom
[INFO] Downloaded from central: https://repo.maven.apache.org/maven2/org/springframework/spring-framework-bom/5.0.4.RELEASE/spring-framework-bom-5.0.4.RELEASE.pom (5.3 kB at 20 kB/s)
[INFO] Downloading from spring-milestone: https://repo.spring.io/milestone/org/springframework/data/spring-data-releasetrain/Kay-SR5/spring-data-releasetrain-Kay-SR5.pom
[INFO] Downloading from spring-snapshot: https://repo.spring.io/snapshot/org/springframework/data/spring-data-releasetrain/Kay-SR5/spring-data-releasetrain-Kay-SR5.pom
[INFO] Downloading from rabbit-milestone: https://dl.bintray.com/rabbitmq/maven-milestones/org/springframework/data/spring-data-releasetrain/Kay-SR5/spring-data-releasetrain-Kay-SR5.pom
[INFO] Downloading from central: https://repo.maven.apache.org/maven2/org/springframework/data/spring-data-releasetrain/Kay-SR5/spring-data-releasetrain-Kay-SR5.pom
[INFO] Downloaded from central: https://repo.maven.apache.org/maven2/org/springframework/data/spring-data-releasetrain/Kay-SR5/spring-data-releasetrain-Kay-SR5.pom (4.4 kB at 17 kB/s)
[INFO] Downloading from spring-milestone: https://repo.spring.io/milestone/org/springframework/data/build/spring-data-build/2.0.5.RELEASE/spring-data-build-2.0.5.RELEASE.pom
[INFO] Downloading from spring-snapshot: https://repo.spring.io/snapshot/org/springframework/data/build/spring-data-build/2.0.5.RELEASE/spring-data-build-2.0.5.RELEASE.pom
[INFO] Downloading from rabbit-milestone: https://dl.bintray.com/rabbitmq/maven-milestones/org/springframework/data/build/spring-data-build/2.0.5.RELEASE/spring-data-build-2.0.5.RELEASE.pom
[INFO] Downloading from central: https://repo.maven.apache.org/maven2/org/springframework/data/build/spring-data-build/2.0.5.RELEASE/spring-data-build-2.0.5.RELEASE.pom
[INFO] Downloaded from central: https://repo.maven.apache.org/maven2/org/springframework/data/build/spring-data-build/2.0.5.RELEASE/spring-data-build-2.0.5.RELEASE.pom (6.4 kB at 24 kB/s)
[INFO] Downloading from spring-milestone: https://repo.spring.io/milestone/org/springframework/integration/spring-integration-bom/5.0.3.RELEASE/spring-integration-bom-5.0.3.RELEASE.pom
[INFO] Downloading from spring-snapshot: https://repo.spring.io/snapshot/org/springframework/integration/spring-integration-bom/5.0.3.RELEASE/spring-integration-bom-5.0.3.RELEASE.pom
[INFO] Downloading from rabbit-milestone: https://dl.bintray.com/rabbitmq/maven-milestones/org/springframework/integration/spring-integration-bom/5.0.3.RELEASE/spring-integration-bom-5.0.3.RELEASE.pom
[INFO] Downloading from central: https://repo.maven.apache.org/maven2/org/springframework/integration/spring-integration-bom/5.0.3.RELEASE/spring-integration-bom-5.0.3.RELEASE.pom
[INFO] Downloaded from central: https://repo.maven.apache.org/maven2/org/springframework/integration/spring-integration-bom/5.0.3.RELEASE/spring-integration-bom-5.0.3.RELEASE.pom (8.9 kB at 32 kB/s)
[INFO] Downloading from spring-milestone: https://repo.spring.io/milestone/org/springframework/security/spring-security-bom/5.0.3.RELEASE/spring-security-bom-5.0.3.RELEASE.pom
[INFO] Downloading from spring-snapshot: https://repo.spring.io/snapshot/org/springframework/security/spring-security-bom/5.0.3.RELEASE/spring-security-bom-5.0.3.RELEASE.pom
[INFO] Downloading from rabbit-milestone: https://dl.bintray.com/rabbitmq/maven-milestones/org/springframework/security/spring-security-bom/5.0.3.RELEASE/spring-security-bom-5.0.3.RELEASE.pom
[INFO] Downloading from central: https://repo.maven.apache.org/maven2/org/springframework/security/spring-security-bom/5.0.3.RELEASE/spring-security-bom-5.0.3.RELEASE.pom
[INFO] Downloaded from central: https://repo.maven.apache.org/maven2/org/springframework/security/spring-security-bom/5.0.3.RELEASE/spring-security-bom-5.0.3.RELEASE.pom (4.8 kB at 18 kB/s)
[INFO] Downloading from spring-milestone: https://repo.spring.io/milestone/org/springframework/session/spring-session-bom/Apple-SR1/spring-session-bom-Apple-SR1.pom
[INFO] Downloading from spring-snapshot: https://repo.spring.io/snapshot/org/springframework/session/spring-session-bom/Apple-SR1/spring-session-bom-Apple-SR1.pom
[INFO] Downloading from rabbit-milestone: https://dl.bintray.com/rabbitmq/maven-milestones/org/springframework/session/spring-session-bom/Apple-SR1/spring-session-bom-Apple-SR1.pom
[INFO] Downloading from central: https://repo.maven.apache.org/maven2/org/springframework/session/spring-session-bom/Apple-SR1/spring-session-bom-Apple-SR1.pom
[INFO] Downloaded from central: https://repo.maven.apache.org/maven2/org/springframework/session/spring-session-bom/Apple-SR1/spring-session-bom-Apple-SR1.pom (2.6 kB at 9.6 kB/s)
[INFO] 
[INFO] ------------------------< com.jsh:jshERP-boot >-------------------------
[INFO] Building jshERP-boot 3.6-SNAPSHOT
[INFO]   from pom.xml
[INFO] --------------------------------[ jar ]---------------------------------
[INFO] Downloading from central: https://repo.maven.apache.org/maven2/org/springframework/boot/spring-boot-maven-plugin/2.0.3.RELEASE/spring-boot-maven-plugin-2.0.3.RELEASE.pom
[INFO] Downloaded from central: https://repo.maven.apache.org/maven2/org/springframework/boot/spring-boot-maven-plugin/2.0.3.RELEASE/spring-boot-maven-plugin-2.0.3.RELEASE.pom (4.8 kB at 18 kB/s)
[INFO] Downloading from central: https://repo.maven.apache.org/maven2/org/springframework/boot/spring-boot-tools/2.0.3.RELEASE/spring-boot-tools-2.0.3.RELEASE.pom
[INFO] Downloaded from central: https://repo.maven.apache.org/maven2/org/springframework/boot/spring-boot-tools/2.0.3.RELEASE/spring-boot-tools-2.0.3.RELEASE.pom (1.8 kB at 6.8 kB/s)
[INFO] Downloading from central: https://repo.maven.apache.org/maven2/org/springframework/boot/spring-boot-parent/2.0.3.RELEASE/spring-boot-parent-2.0.3.RELEASE.pom
[INFO] Downloaded from central: https://repo.maven.apache.org/maven2/org/springframework/boot/spring-boot-parent/2.0.3.RELEASE/spring-boot-parent-2.0.3.RELEASE.pom (1.8 kB at 6.9 kB/s)
[INFO] Downloading from central: https://repo.maven.apache.org/maven2/org/springframework/boot/spring-boot-dependencies/2.0.3.RELEASE/spring-boot-dependencies-2.0.3.RELEASE.pom
[INFO] Downloaded from central: https://repo.maven.apache.org/maven2/org/springframework/boot/spring-boot-dependencies/2.0.3.RELEASE/spring-boot-dependencies-2.0.3.RELEASE.pom (137 kB at 489 kB/s)
[INFO] Downloading from central: https://repo.maven.apache.org/maven2/com/fasterxml/jackson/jackson-bom/2.9.6/jackson-bom-2.9.6.pom
[INFO] Downloaded from central: https://repo.maven.apache.org/maven2/com/fasterxml/jackson/jackson-bom/2.9.6/jackson-bom-2.9.6.pom (12 kB at 45 kB/s)
[INFO] Downloading from central: https://repo.maven.apache.org/maven2/com/fasterxml/jackson/jackson-parent/2.9.1.1/jackson-parent-2.9.1.1.pom
[INFO] Downloaded from central: https://repo.maven.apache.org/maven2/com/fasterxml/jackson/jackson-parent/2.9.1.1/jackson-parent-2.9.1.1.pom (8.0 kB at 31 kB/s)
[INFO] Downloading from central: https://repo.maven.apache.org/maven2/com/fasterxml/oss-parent/33/oss-parent-33.pom
[INFO] Downloaded from central: https://repo.maven.apache.org/maven2/com/fasterxml/oss-parent/33/oss-parent-33.pom (22 kB at 80 kB/s)
[INFO] Downloading from central: https://repo.maven.apache.org/maven2/io/netty/netty-bom/4.1.25.Final/netty-bom-4.1.25.Final.pom
[INFO] Downloaded from central: https://repo.maven.apache.org/maven2/io/netty/netty-bom/4.1.25.Final/netty-bom-4.1.25.Final.pom (7.9 kB at 28 kB/s)
[INFO] Downloading from central: https://repo.maven.apache.org/maven2/io/projectreactor/reactor-bom/Bismuth-SR10/reactor-bom-Bismuth-SR10.pom
[INFO] Downloaded from central: https://repo.maven.apache.org/maven2/io/projectreactor/reactor-bom/Bismuth-SR10/reactor-bom-Bismuth-SR10.pom (3.6 kB at 14 kB/s)
[INFO] Downloading from central: https://repo.maven.apache.org/maven2/org/eclipse/jetty/jetty-bom/9.4.11.v20180605/jetty-bom-9.4.11.v20180605.pom
[INFO] Downloaded from central: https://repo.maven.apache.org/maven2/org/eclipse/jetty/jetty-bom/9.4.11.v20180605/jetty-bom-9.4.11.v20180605.pom (18 kB at 64 kB/s)
[INFO] Downloading from central: https://repo.maven.apache.org/maven2/org/springframework/spring-framework-bom/5.0.7.RELEASE/spring-framework-bom-5.0.7.RELEASE.pom
[INFO] Downloaded from central: https://repo.maven.apache.org/maven2/org/springframework/spring-framework-bom/5.0.7.RELEASE/spring-framework-bom-5.0.7.RELEASE.pom (5.3 kB at 19 kB/s)
[INFO] Downloading from central: https://repo.maven.apache.org/maven2/org/springframework/data/spring-data-releasetrain/Kay-SR8/spring-data-releasetrain-Kay-SR8.pom
[INFO] Downloaded from central: https://repo.maven.apache.org/maven2/org/springframework/data/spring-data-releasetrain/Kay-SR8/spring-data-releasetrain-Kay-SR8.pom (4.4 kB at 17 kB/s)
[INFO] Downloading from central: https://repo.maven.apache.org/maven2/org/springframework/data/build/spring-data-build/2.0.8.RELEASE/spring-data-build-2.0.8.RELEASE.pom
[INFO] Downloaded from central: https://repo.maven.apache.org/maven2/org/springframework/data/build/spring-data-build/2.0.8.RELEASE/spring-data-build-2.0.8.RELEASE.pom (6.6 kB at 24 kB/s)
[INFO] Downloading from central: https://repo.maven.apache.org/maven2/org/springframework/integration/spring-integration-bom/5.0.6.RELEASE/spring-integration-bom-5.0.6.RELEASE.pom
[INFO] Downloaded from central: https://repo.maven.apache.org/maven2/org/springframework/integration/spring-integration-bom/5.0.6.RELEASE/spring-integration-bom-5.0.6.RELEASE.pom (8.9 kB at 32 kB/s)
[INFO] Downloading from central: https://repo.maven.apache.org/maven2/org/springframework/security/spring-security-bom/5.0.6.RELEASE/spring-security-bom-5.0.6.RELEASE.pom
[INFO] Downloaded from central: https://repo.maven.apache.org/maven2/org/springframework/security/spring-security-bom/5.0.6.RELEASE/spring-security-bom-5.0.6.RELEASE.pom (4.8 kB at 18 kB/s)
[INFO] Downloading from central: https://repo.maven.apache.org/maven2/org/springframework/session/spring-session-bom/Apple-SR3/spring-session-bom-Apple-SR3.pom
[INFO] Downloaded from central: https://repo.maven.apache.org/maven2/org/springframework/session/spring-session-bom/Apple-SR3/spring-session-bom-Apple-SR3.pom (3.0 kB at 11 kB/s)
[INFO] Downloading from central: https://repo.maven.apache.org/maven2/org/springframework/boot/spring-boot-maven-plugin/2.0.3.RELEASE/spring-boot-maven-plugin-2.0.3.RELEASE.jar
[INFO] Downloaded from central: https://repo.maven.apache.org/maven2/org/springframework/boot/spring-boot-maven-plugin/2.0.3.RELEASE/spring-boot-maven-plugin-2.0.3.RELEASE.jar (65 kB at 190 kB/s)
[INFO] Downloading from central: https://repo.maven.apache.org/maven2/org/apache/maven/plugins/maven-resources-plugin/3.0.1/maven-resources-plugin-3.0.1.pom
[INFO] Downloaded from central: https://repo.maven.apache.org/maven2/org/apache/maven/plugins/maven-resources-plugin/3.0.1/maven-resources-plugin-3.0.1.pom (7.2 kB at 27 kB/s)
[INFO] Downloading from central: https://repo.maven.apache.org/maven2/org/apache/maven/plugins/maven-plugins/30/maven-plugins-30.pom
[INFO] Downloaded from central: https://repo.maven.apache.org/maven2/org/apache/maven/plugins/maven-plugins/30/maven-plugins-30.pom (10 kB at 38 kB/s)
[INFO] Downloading from central: https://repo.maven.apache.org/maven2/org/apache/maven/maven-parent/30/maven-parent-30.pom
[INFO] Downloaded from central: https://repo.maven.apache.org/maven2/org/apache/maven/maven-parent/30/maven-parent-30.pom (41 kB at 149 kB/s)
[INFO] Downloading from central: https://repo.maven.apache.org/maven2/org/apache/maven/plugins/maven-resources-plugin/3.0.1/maven-resources-plugin-3.0.1.jar
[INFO] Downloaded from central: https://repo.maven.apache.org/maven2/org/apache/maven/plugins/maven-resources-plugin/3.0.1/maven-resources-plugin-3.0.1.jar (31 kB at 79 kB/s)
[INFO] Downloading from central: https://repo.maven.apache.org/maven2/org/apache/maven/plugins/maven-compiler-plugin/3.7.0/maven-compiler-plugin-3.7.0.pom
[INFO] Downloaded from central: https://repo.maven.apache.org/maven2/org/apache/maven/plugins/maven-compiler-plugin/3.7.0/maven-compiler-plugin-3.7.0.pom (11 kB at 40 kB/s)
[INFO] Downloading from central: https://repo.maven.apache.org/maven2/org/apache/maven/plugins/maven-compiler-plugin/3.7.0/maven-compiler-plugin-3.7.0.jar
[INFO] Downloaded from central: https://repo.maven.apache.org/maven2/org/apache/maven/plugins/maven-compiler-plugin/3.7.0/maven-compiler-plugin-3.7.0.jar (58 kB at 168 kB/s)
[INFO] Downloading from central: https://repo.maven.apache.org/maven2/org/apache/maven/plugins/maven-surefire-plugin/2.20.1/maven-surefire-plugin-2.20.1.pom
[INFO] Downloaded from central: https://repo.maven.apache.org/maven2/org/apache/maven/plugins/maven-surefire-plugin/2.20.1/maven-surefire-plugin-2.20.1.pom (5.2 kB at 20 kB/s)
[INFO] Downloading from central: https://repo.maven.apache.org/maven2/org/apache/maven/surefire/surefire/2.20.1/surefire-2.20.1.pom
[INFO] Downloaded from central: https://repo.maven.apache.org/maven2/org/apache/maven/surefire/surefire/2.20.1/surefire-2.20.1.pom (25 kB at 89 kB/s)
[INFO] Downloading from central: https://repo.maven.apache.org/maven2/org/apache/maven/plugins/maven-surefire-plugin/2.20.1/maven-surefire-plugin-2.20.1.jar
[INFO] Downloaded from central: https://repo.maven.apache.org/maven2/org/apache/maven/plugins/maven-surefire-plugin/2.20.1/maven-surefire-plugin-2.20.1.jar (40 kB at 102 kB/s)
[INFO] Downloading from central: https://repo.maven.apache.org/maven2/org/apache/maven/plugins/maven-jar-plugin/3.0.2/maven-jar-plugin-3.0.2.pom
[INFO] Downloaded from central: https://repo.maven.apache.org/maven2/org/apache/maven/plugins/maven-jar-plugin/3.0.2/maven-jar-plugin-3.0.2.pom (6.2 kB at 23 kB/s)
[INFO] Downloading from central: https://repo.maven.apache.org/maven2/org/apache/maven/plugins/maven-jar-plugin/3.0.2/maven-jar-plugin-3.0.2.jar
[INFO] Downloaded from central: https://repo.maven.apache.org/maven2/org/apache/maven/plugins/maven-jar-plugin/3.0.2/maven-jar-plugin-3.0.2.jar (27 kB at 70 kB/s)
[INFO] Downloading from central: https://repo.maven.apache.org/maven2/org/apache/maven/plugins/maven-assembly-plugin/2.5.1/maven-assembly-plugin-2.5.1.pom
[INFO] Downloaded from central: https://repo.maven.apache.org/maven2/org/apache/maven/plugins/maven-assembly-plugin/2.5.1/maven-assembly-plugin-2.5.1.pom (17 kB at 65 kB/s)
[INFO] Downloading from central: https://repo.maven.apache.org/maven2/org/apache/maven/plugins/maven-plugins/25/maven-plugins-25.pom
[INFO] Downloaded from central: https://repo.maven.apache.org/maven2/org/apache/maven/plugins/maven-plugins/25/maven-plugins-25.pom (9.6 kB at 35 kB/s)
[INFO] Downloading from central: https://repo.maven.apache.org/maven2/org/apache/maven/maven-parent/24/maven-parent-24.pom
[INFO] Downloaded from central: https://repo.maven.apache.org/maven2/org/apache/maven/maven-parent/24/maven-parent-24.pom (37 kB at 135 kB/s)
[INFO] Downloading from central: https://repo.maven.apache.org/maven2/org/apache/apache/14/apache-14.pom
[INFO] Downloaded from central: https://repo.maven.apache.org/maven2/org/apache/apache/14/apache-14.pom (15 kB at 53 kB/s)
[INFO] Downloading from central: https://repo.maven.apache.org/maven2/org/apache/maven/plugins/maven-assembly-plugin/2.5.1/maven-assembly-plugin-2.5.1.jar
[INFO] Downloaded from central: https://repo.maven.apache.org/maven2/org/apache/maven/plugins/maven-assembly-plugin/2.5.1/maven-assembly-plugin-2.5.1.jar (233 kB at 375 kB/s)
[INFO] Downloading from spring-milestone: https://repo.spring.io/milestone/com/gitee/starblues/springboot-plugin-framework/2.2.1-RELEASE/springboot-plugin-framework-2.2.1-RELEASE.pom
[INFO] Downloading from spring-snapshot: https://repo.spring.io/snapshot/com/gitee/starblues/springboot-plugin-framework/2.2.1-RELEASE/springboot-plugin-framework-2.2.1-RELEASE.pom
[INFO] Downloading from rabbit-milestone: https://dl.bintray.com/rabbitmq/maven-milestones/com/gitee/starblues/springboot-plugin-framework/2.2.1-RELEASE/springboot-plugin-framework-2.2.1-RELEASE.pom
[INFO] Downloading from central: https://repo.maven.apache.org/maven2/com/gitee/starblues/springboot-plugin-framework/2.2.1-RELEASE/springboot-plugin-framework-2.2.1-RELEASE.pom
[INFO] Downloaded from central: https://repo.maven.apache.org/maven2/com/gitee/starblues/springboot-plugin-framework/2.2.1-RELEASE/springboot-plugin-framework-2.2.1-RELEASE.pom (8.7 kB at 31 kB/s)
[INFO] Downloading from spring-milestone: https://repo.spring.io/milestone/org/pf4j/pf4j/3.1.0/pf4j-3.1.0.pom
[INFO] Downloading from spring-snapshot: https://repo.spring.io/snapshot/org/pf4j/pf4j/3.1.0/pf4j-3.1.0.pom
[INFO] Downloading from rabbit-milestone: https://dl.bintray.com/rabbitmq/maven-milestones/org/pf4j/pf4j/3.1.0/pf4j-3.1.0.pom
[INFO] Downloading from central: https://repo.maven.apache.org/maven2/org/pf4j/pf4j/3.1.0/pf4j-3.1.0.pom
[INFO] Downloaded from central: https://repo.maven.apache.org/maven2/org/pf4j/pf4j/3.1.0/pf4j-3.1.0.pom (4.6 kB at 18 kB/s)
[INFO] Downloading from spring-milestone: https://repo.spring.io/milestone/org/pf4j/pf4j-parent/3.1.0/pf4j-parent-3.1.0.pom
[INFO] Downloading from spring-snapshot: https://repo.spring.io/snapshot/org/pf4j/pf4j-parent/3.1.0/pf4j-parent-3.1.0.pom
[INFO] Downloading from rabbit-milestone: https://dl.bintray.com/rabbitmq/maven-milestones/org/pf4j/pf4j-parent/3.1.0/pf4j-parent-3.1.0.pom
[INFO] Downloading from central: https://repo.maven.apache.org/maven2/org/pf4j/pf4j-parent/3.1.0/pf4j-parent-3.1.0.pom
[INFO] Downloaded from central: https://repo.maven.apache.org/maven2/org/pf4j/pf4j-parent/3.1.0/pf4j-parent-3.1.0.pom (7.9 kB at 30 kB/s)
[INFO] Downloading from spring-milestone: https://repo.spring.io/milestone/org/slf4j/slf4j-api/1.7.25/slf4j-api-1.7.25.pom
[INFO] Downloading from spring-snapshot: https://repo.spring.io/snapshot/org/slf4j/slf4j-api/1.7.25/slf4j-api-1.7.25.pom
[INFO] Downloading from rabbit-milestone: https://dl.bintray.com/rabbitmq/maven-milestones/org/slf4j/slf4j-api/1.7.25/slf4j-api-1.7.25.pom
[INFO] Downloading from central: https://repo.maven.apache.org/maven2/org/slf4j/slf4j-api/1.7.25/slf4j-api-1.7.25.pom
[INFO] Downloaded from central: https://repo.maven.apache.org/maven2/org/slf4j/slf4j-api/1.7.25/slf4j-api-1.7.25.pom (3.8 kB at 15 kB/s)
[INFO] Downloading from spring-milestone: https://repo.spring.io/milestone/org/slf4j/slf4j-parent/1.7.25/slf4j-parent-1.7.25.pom
[INFO] Downloading from spring-snapshot: https://repo.spring.io/snapshot/org/slf4j/slf4j-parent/1.7.25/slf4j-parent-1.7.25.pom
[INFO] Downloading from rabbit-milestone: https://dl.bintray.com/rabbitmq/maven-milestones/org/slf4j/slf4j-parent/1.7.25/slf4j-parent-1.7.25.pom
[INFO] Downloading from central: https://repo.maven.apache.org/maven2/org/slf4j/slf4j-parent/1.7.25/slf4j-parent-1.7.25.pom
[INFO] Downloaded from central: https://repo.maven.apache.org/maven2/org/slf4j/slf4j-parent/1.7.25/slf4j-parent-1.7.25.pom (14 kB at 50 kB/s)
[INFO] Downloading from spring-milestone: https://repo.spring.io/milestone/com/github/zafarkhaja/java-semver/0.9.0/java-semver-0.9.0.pom
[INFO] Downloading from spring-snapshot: https://repo.spring.io/snapshot/com/github/zafarkhaja/java-semver/0.9.0/java-semver-0.9.0.pom
[INFO] Downloading from rabbit-milestone: https://dl.bintray.com/rabbitmq/maven-milestones/com/github/zafarkhaja/java-semver/0.9.0/java-semver-0.9.0.pom
[INFO] Downloading from central: https://repo.maven.apache.org/maven2/com/github/zafarkhaja/java-semver/0.9.0/java-semver-0.9.0.pom
[INFO] Downloaded from central: https://repo.maven.apache.org/maven2/com/github/zafarkhaja/java-semver/0.9.0/java-semver-0.9.0.pom (2.2 kB at 8.4 kB/s)
[INFO] Downloading from spring-milestone: https://repo.spring.io/milestone/org/sonatype/oss/oss-parent/9/oss-parent-9.pom
[INFO] Downloading from spring-snapshot: https://repo.spring.io/snapshot/org/sonatype/oss/oss-parent/9/oss-parent-9.pom
[INFO] Downloading from rabbit-milestone: https://dl.bintray.com/rabbitmq/maven-milestones/org/sonatype/oss/oss-parent/9/oss-parent-9.pom
[INFO] Downloading from central: https://repo.maven.apache.org/maven2/org/sonatype/oss/oss-parent/9/oss-parent-9.pom
[INFO] Downloaded from central: https://repo.maven.apache.org/maven2/org/sonatype/oss/oss-parent/9/oss-parent-9.pom (6.6 kB at 24 kB/s)
[INFO] Downloading from spring-milestone: https://repo.spring.io/milestone/com/fasterxml/jackson/core/jackson-databind/2.9.4/jackson-databind-2.9.4.pom
[INFO] Downloading from spring-snapshot: https://repo.spring.io/snapshot/com/fasterxml/jackson/core/jackson-databind/2.9.4/jackson-databind-2.9.4.pom
[INFO] Downloading from rabbit-milestone: https://dl.bintray.com/rabbitmq/maven-milestones/com/fasterxml/jackson/core/jackson-databind/2.9.4/jackson-databind-2.9.4.pom
[INFO] Downloading from central: https://repo.maven.apache.org/maven2/com/fasterxml/jackson/core/jackson-databind/2.9.4/jackson-databind-2.9.4.pom
[INFO] Downloaded from central: https://repo.maven.apache.org/maven2/com/fasterxml/jackson/core/jackson-databind/2.9.4/jackson-databind-2.9.4.pom (5.9 kB at 23 kB/s)
[INFO] Downloading from spring-milestone: https://repo.spring.io/milestone/com/fasterxml/jackson/jackson-base/2.9.4/jackson-base-2.9.4.pom
[INFO] Downloading from spring-snapshot: https://repo.spring.io/snapshot/com/fasterxml/jackson/jackson-base/2.9.4/jackson-base-2.9.4.pom
[INFO] Downloading from rabbit-milestone: https://dl.bintray.com/rabbitmq/maven-milestones/com/fasterxml/jackson/jackson-base/2.9.4/jackson-base-2.9.4.pom
[INFO] Downloading from central: https://repo.maven.apache.org/maven2/com/fasterxml/jackson/jackson-base/2.9.4/jackson-base-2.9.4.pom
[INFO] Downloaded from central: https://repo.maven.apache.org/maven2/com/fasterxml/jackson/jackson-base/2.9.4/jackson-base-2.9.4.pom (5.6 kB at 21 kB/s)
[INFO] Downloading from spring-milestone: https://repo.spring.io/milestone/com/fasterxml/jackson/core/jackson-annotations/2.9.0/jackson-annotations-2.9.0.pom
[INFO] Downloading from spring-snapshot: https://repo.spring.io/snapshot/com/fasterxml/jackson/core/jackson-annotations/2.9.0/jackson-annotations-2.9.0.pom
[INFO] Downloading from rabbit-milestone: https://dl.bintray.com/rabbitmq/maven-milestones/com/fasterxml/jackson/core/jackson-annotations/2.9.0/jackson-annotations-2.9.0.pom
[INFO] Downloading from central: https://repo.maven.apache.org/maven2/com/fasterxml/jackson/core/jackson-annotations/2.9.0/jackson-annotations-2.9.0.pom
[INFO] Downloaded from central: https://repo.maven.apache.org/maven2/com/fasterxml/jackson/core/jackson-annotations/2.9.0/jackson-annotations-2.9.0.pom (1.9 kB at 7.3 kB/s)
[INFO] Downloading from spring-milestone: https://repo.spring.io/milestone/com/fasterxml/jackson/jackson-parent/2.9.0/jackson-parent-2.9.0.pom
[INFO] Downloading from spring-snapshot: https://repo.spring.io/snapshot/com/fasterxml/jackson/jackson-parent/2.9.0/jackson-parent-2.9.0.pom
[INFO] Downloading from rabbit-milestone: https://dl.bintray.com/rabbitmq/maven-milestones/com/fasterxml/jackson/jackson-parent/2.9.0/jackson-parent-2.9.0.pom
[INFO] Downloading from central: https://repo.maven.apache.org/maven2/com/fasterxml/jackson/jackson-parent/2.9.0/jackson-parent-2.9.0.pom
[INFO] Downloaded from central: https://repo.maven.apache.org/maven2/com/fasterxml/jackson/jackson-parent/2.9.0/jackson-parent-2.9.0.pom (7.8 kB at 29 kB/s)
[INFO] Downloading from spring-milestone: https://repo.spring.io/milestone/com/fasterxml/oss-parent/28/oss-parent-28.pom
[INFO] Downloading from spring-snapshot: https://repo.spring.io/snapshot/com/fasterxml/oss-parent/28/oss-parent-28.pom
[INFO] Downloading from rabbit-milestone: https://dl.bintray.com/rabbitmq/maven-milestones/com/fasterxml/oss-parent/28/oss-parent-28.pom
[INFO] Downloading from central: https://repo.maven.apache.org/maven2/com/fasterxml/oss-parent/28/oss-parent-28.pom
[INFO] Downloaded from central: https://repo.maven.apache.org/maven2/com/fasterxml/oss-parent/28/oss-parent-28.pom (20 kB at 73 kB/s)
[INFO] Downloading from spring-milestone: https://repo.spring.io/milestone/com/fasterxml/jackson/core/jackson-core/2.9.4/jackson-core-2.9.4.pom
[INFO] Downloading from spring-snapshot: https://repo.spring.io/snapshot/com/fasterxml/jackson/core/jackson-core/2.9.4/jackson-core-2.9.4.pom
[INFO] Downloading from rabbit-milestone: https://dl.bintray.com/rabbitmq/maven-milestones/com/fasterxml/jackson/core/jackson-core/2.9.4/jackson-core-2.9.4.pom
[INFO] Downloading from central: https://repo.maven.apache.org/maven2/com/fasterxml/jackson/core/jackson-core/2.9.4/jackson-core-2.9.4.pom
[INFO] Downloaded from central: https://repo.maven.apache.org/maven2/com/fasterxml/jackson/core/jackson-core/2.9.4/jackson-core-2.9.4.pom (3.4 kB at 13 kB/s)
[INFO] Downloading from spring-milestone: https://repo.spring.io/milestone/com/fasterxml/jackson/dataformat/jackson-dataformat-yaml/2.9.4/jackson-dataformat-yaml-2.9.4.pom
[INFO] Downloading from spring-snapshot: https://repo.spring.io/snapshot/com/fasterxml/jackson/dataformat/jackson-dataformat-yaml/2.9.4/jackson-dataformat-yaml-2.9.4.pom
[INFO] Downloading from rabbit-milestone: https://dl.bintray.com/rabbitmq/maven-milestones/com/fasterxml/jackson/dataformat/jackson-dataformat-yaml/2.9.4/jackson-dataformat-yaml-2.9.4.pom
[INFO] Downloading from central: https://repo.maven.apache.org/maven2/com/fasterxml/jackson/dataformat/jackson-dataformat-yaml/2.9.4/jackson-dataformat-yaml-2.9.4.pom
[INFO] Downloaded from central: https://repo.maven.apache.org/maven2/com/fasterxml/jackson/dataformat/jackson-dataformat-yaml/2.9.4/jackson-dataformat-yaml-2.9.4.pom (2.1 kB at 7.9 kB/s)
[INFO] Downloading from spring-milestone: https://repo.spring.io/milestone/com/fasterxml/jackson/dataformat/jackson-dataformats-text/2.9.4/jackson-dataformats-text-2.9.4.pom
[INFO] Downloading from spring-snapshot: https://repo.spring.io/snapshot/com/fasterxml/jackson/dataformat/jackson-dataformats-text/2.9.4/jackson-dataformats-text-2.9.4.pom
[INFO] Downloading from rabbit-milestone: https://dl.bintray.com/rabbitmq/maven-milestones/com/fasterxml/jackson/dataformat/jackson-dataformats-text/2.9.4/jackson-dataformats-text-2.9.4.pom
[INFO] Downloading from central: https://repo.maven.apache.org/maven2/com/fasterxml/jackson/dataformat/jackson-dataformats-text/2.9.4/jackson-dataformats-text-2.9.4.pom
[INFO] Downloaded from central: https://repo.maven.apache.org/maven2/com/fasterxml/jackson/dataformat/jackson-dataformats-text/2.9.4/jackson-dataformats-text-2.9.4.pom (2.6 kB at 9.5 kB/s)
[INFO] Downloading from spring-milestone: https://repo.spring.io/milestone/org/yaml/snakeyaml/1.19/snakeyaml-1.19.pom
[INFO] Downloading from spring-snapshot: https://repo.spring.io/snapshot/org/yaml/snakeyaml/1.19/snakeyaml-1.19.pom
[INFO] Downloading from rabbit-milestone: https://dl.bintray.com/rabbitmq/maven-milestones/org/yaml/snakeyaml/1.19/snakeyaml-1.19.pom
[INFO] Downloading from central: https://repo.maven.apache.org/maven2/org/yaml/snakeyaml/1.19/snakeyaml-1.19.pom
[INFO] Downloaded from central: https://repo.maven.apache.org/maven2/org/yaml/snakeyaml/1.19/snakeyaml-1.19.pom (35 kB at 132 kB/s)
[INFO] Downloading from spring-milestone: https://repo.spring.io/milestone/com/gitee/starblues/springboot-plugin-framework-extension-mybatis/2.2.1-RELEASE/springboot-plugin-framework-extension-mybatis-2.2.1-RELEASE.pom
[INFO] Downloading from spring-snapshot: https://repo.spring.io/snapshot/com/gitee/starblues/springboot-plugin-framework-extension-mybatis/2.2.1-RELEASE/springboot-plugin-framework-extension-mybatis-2.2.1-RELEASE.pom
[INFO] Downloading from rabbit-milestone: https://dl.bintray.com/rabbitmq/maven-milestones/com/gitee/starblues/springboot-plugin-framework-extension-mybatis/2.2.1-RELEASE/springboot-plugin-framework-extension-mybatis-2.2.1-RELEASE.pom
[INFO] Downloading from central: https://repo.maven.apache.org/maven2/com/gitee/starblues/springboot-plugin-framework-extension-mybatis/2.2.1-RELEASE/springboot-plugin-framework-extension-mybatis-2.2.1-RELEASE.pom
[INFO] Downloaded from central: https://repo.maven.apache.org/maven2/com/gitee/starblues/springboot-plugin-framework-extension-mybatis/2.2.1-RELEASE/springboot-plugin-framework-extension-mybatis-2.2.1-RELEASE.pom (8.0 kB at 29 kB/s)
[INFO] Downloading from spring-milestone: https://repo.spring.io/milestone/org/springframework/boot/spring-boot-starter-web/2.0.0.RELEASE/spring-boot-starter-web-2.0.0.RELEASE.pom
[INFO] Downloading from spring-snapshot: https://repo.spring.io/snapshot/org/springframework/boot/spring-boot-starter-web/2.0.0.RELEASE/spring-boot-starter-web-2.0.0.RELEASE.pom
[INFO] Downloading from rabbit-milestone: https://dl.bintray.com/rabbitmq/maven-milestones/org/springframework/boot/spring-boot-starter-web/2.0.0.RELEASE/spring-boot-starter-web-2.0.0.RELEASE.pom
[INFO] Downloading from central: https://repo.maven.apache.org/maven2/org/springframework/boot/spring-boot-starter-web/2.0.0.RELEASE/spring-boot-starter-web-2.0.0.RELEASE.pom
[INFO] Downloaded from central: https://repo.maven.apache.org/maven2/org/springframework/boot/spring-boot-starter-web/2.0.0.RELEASE/spring-boot-starter-web-2.0.0.RELEASE.pom (3.2 kB at 12 kB/s)
[INFO] Downloading from spring-milestone: https://repo.spring.io/milestone/org/springframework/boot/spring-boot-starters/2.0.0.RELEASE/spring-boot-starters-2.0.0.RELEASE.pom
[INFO] Downloading from spring-snapshot: https://repo.spring.io/snapshot/org/springframework/boot/spring-boot-starters/2.0.0.RELEASE/spring-boot-starters-2.0.0.RELEASE.pom
[INFO] Downloading from rabbit-milestone: https://dl.bintray.com/rabbitmq/maven-milestones/org/springframework/boot/spring-boot-starters/2.0.0.RELEASE/spring-boot-starters-2.0.0.RELEASE.pom
[INFO] Downloading from central: https://repo.maven.apache.org/maven2/org/springframework/boot/spring-boot-starters/2.0.0.RELEASE/spring-boot-starters-2.0.0.RELEASE.pom
[INFO] Downloaded from central: https://repo.maven.apache.org/maven2/org/springframework/boot/spring-boot-starters/2.0.0.RELEASE/spring-boot-starters-2.0.0.RELEASE.pom (1.8 kB at 6.9 kB/s)
[INFO] Downloading from spring-milestone: https://repo.spring.io/milestone/org/springframework/boot/spring-boot-parent/2.0.0.RELEASE/spring-boot-parent-2.0.0.RELEASE.pom
[INFO] Downloading from spring-snapshot: https://repo.spring.io/snapshot/org/springframework/boot/spring-boot-parent/2.0.0.RELEASE/spring-boot-parent-2.0.0.RELEASE.pom
[INFO] Downloading from rabbit-milestone: https://dl.bintray.com/rabbitmq/maven-milestones/org/springframework/boot/spring-boot-parent/2.0.0.RELEASE/spring-boot-parent-2.0.0.RELEASE.pom
[INFO] Downloading from central: https://repo.maven.apache.org/maven2/org/springframework/boot/spring-boot-parent/2.0.0.RELEASE/spring-boot-parent-2.0.0.RELEASE.pom
[INFO] Downloaded from central: https://repo.maven.apache.org/maven2/org/springframework/boot/spring-boot-parent/2.0.0.RELEASE/spring-boot-parent-2.0.0.RELEASE.pom (1.8 kB at 6.9 kB/s)
[INFO] Downloading from spring-milestone: https://repo.spring.io/milestone/org/springframework/boot/spring-boot-starter/2.0.0.RELEASE/spring-boot-starter-2.0.0.RELEASE.pom
[INFO] Downloading from spring-snapshot: https://repo.spring.io/snapshot/org/springframework/boot/spring-boot-starter/2.0.0.RELEASE/spring-boot-starter-2.0.0.RELEASE.pom
[INFO] Downloading from rabbit-milestone: https://dl.bintray.com/rabbitmq/maven-milestones/org/springframework/boot/spring-boot-starter/2.0.0.RELEASE/spring-boot-starter-2.0.0.RELEASE.pom
[INFO] Downloading from central: https://repo.maven.apache.org/maven2/org/springframework/boot/spring-boot-starter/2.0.0.RELEASE/spring-boot-starter-2.0.0.RELEASE.pom
[INFO] Downloaded from central: https://repo.maven.apache.org/maven2/org/springframework/boot/spring-boot-starter/2.0.0.RELEASE/spring-boot-starter-2.0.0.RELEASE.pom (3.1 kB at 11 kB/s)
[INFO] Downloading from spring-milestone: https://repo.spring.io/milestone/org/springframework/boot/spring-boot/2.0.0.RELEASE/spring-boot-2.0.0.RELEASE.pom
[INFO] Downloading from spring-snapshot: https://repo.spring.io/snapshot/org/springframework/boot/spring-boot/2.0.0.RELEASE/spring-boot-2.0.0.RELEASE.pom
[INFO] Downloading from rabbit-milestone: https://dl.bintray.com/rabbitmq/maven-milestones/org/springframework/boot/spring-boot/2.0.0.RELEASE/spring-boot-2.0.0.RELEASE.pom
[INFO] Downloading from central: https://repo.maven.apache.org/maven2/org/springframework/boot/spring-boot/2.0.0.RELEASE/spring-boot-2.0.0.RELEASE.pom
[INFO] Downloaded from central: https://repo.maven.apache.org/maven2/org/springframework/boot/spring-boot/2.0.0.RELEASE/spring-boot-2.0.0.RELEASE.pom (14 kB at 54 kB/s)
[INFO] Downloading from spring-milestone: https://repo.spring.io/milestone/org/springframework/spring-core/5.0.4.RELEASE/spring-core-5.0.4.RELEASE.pom
[INFO] Downloading from spring-snapshot: https://repo.spring.io/snapshot/org/springframework/spring-core/5.0.4.RELEASE/spring-core-5.0.4.RELEASE.pom
[INFO] Downloading from rabbit-milestone: https://dl.bintray.com/rabbitmq/maven-milestones/org/springframework/spring-core/5.0.4.RELEASE/spring-core-5.0.4.RELEASE.pom
[INFO] Downloading from central: https://repo.maven.apache.org/maven2/org/springframework/spring-core/5.0.4.RELEASE/spring-core-5.0.4.RELEASE.pom
[INFO] Downloaded from central: https://repo.maven.apache.org/maven2/org/springframework/spring-core/5.0.4.RELEASE/spring-core-5.0.4.RELEASE.pom (5.7 kB at 22 kB/s)
[INFO] Downloading from spring-milestone: https://repo.spring.io/milestone/io/projectreactor/reactor-bom/Bismuth-SR6/reactor-bom-Bismuth-SR6.pom
[INFO] Downloading from spring-snapshot: https://repo.spring.io/snapshot/io/projectreactor/reactor-bom/Bismuth-SR6/reactor-bom-Bismuth-SR6.pom
[INFO] Downloading from rabbit-milestone: https://dl.bintray.com/rabbitmq/maven-milestones/io/projectreactor/reactor-bom/Bismuth-SR6/reactor-bom-Bismuth-SR6.pom
[INFO] Downloading from central: https://repo.maven.apache.org/maven2/io/projectreactor/reactor-bom/Bismuth-SR6/reactor-bom-Bismuth-SR6.pom
[INFO] Downloaded from central: https://repo.maven.apache.org/maven2/io/projectreactor/reactor-bom/Bismuth-SR6/reactor-bom-Bismuth-SR6.pom (3.6 kB at 13 kB/s)
[INFO] Downloading from spring-milestone: https://repo.spring.io/milestone/io/netty/netty-bom/4.1.21.Final/netty-bom-4.1.21.Final.pom
[INFO] Downloading from spring-snapshot: https://repo.spring.io/snapshot/io/netty/netty-bom/4.1.21.Final/netty-bom-4.1.21.Final.pom
[INFO] Downloading from rabbit-milestone: https://dl.bintray.com/rabbitmq/maven-milestones/io/netty/netty-bom/4.1.21.Final/netty-bom-4.1.21.Final.pom
[INFO] Downloading from central: https://repo.maven.apache.org/maven2/io/netty/netty-bom/4.1.21.Final/netty-bom-4.1.21.Final.pom
[INFO] Downloaded from central: https://repo.maven.apache.org/maven2/io/netty/netty-bom/4.1.21.Final/netty-bom-4.1.21.Final.pom (7.9 kB at 29 kB/s)
[INFO] Downloading from spring-milestone: https://repo.spring.io/milestone/org/springframework/spring-jcl/5.0.4.RELEASE/spring-jcl-5.0.4.RELEASE.pom
[INFO] Downloading from spring-snapshot: https://repo.spring.io/snapshot/org/springframework/spring-jcl/5.0.4.RELEASE/spring-jcl-5.0.4.RELEASE.pom
[INFO] Downloading from rabbit-milestone: https://dl.bintray.com/rabbitmq/maven-milestones/org/springframework/spring-jcl/5.0.4.RELEASE/spring-jcl-5.0.4.RELEASE.pom
[INFO] Downloading from central: https://repo.maven.apache.org/maven2/org/springframework/spring-jcl/5.0.4.RELEASE/spring-jcl-5.0.4.RELEASE.pom
[INFO] Downloaded from central: https://repo.maven.apache.org/maven2/org/springframework/spring-jcl/5.0.4.RELEASE/spring-jcl-5.0.4.RELEASE.pom (2.3 kB at 8.6 kB/s)
[INFO] Downloading from spring-milestone: https://repo.spring.io/milestone/org/springframework/spring-context/5.0.4.RELEASE/spring-context-5.0.4.RELEASE.pom
[INFO] Downloading from spring-snapshot: https://repo.spring.io/snapshot/org/springframework/spring-context/5.0.4.RELEASE/spring-context-5.0.4.RELEASE.pom
[INFO] Downloading from rabbit-milestone: https://dl.bintray.com/rabbitmq/maven-milestones/org/springframework/spring-context/5.0.4.RELEASE/spring-context-5.0.4.RELEASE.pom
[INFO] Downloading from central: https://repo.maven.apache.org/maven2/org/springframework/spring-context/5.0.4.RELEASE/spring-context-5.0.4.RELEASE.pom
[INFO] Downloaded from central: https://repo.maven.apache.org/maven2/org/springframework/spring-context/5.0.4.RELEASE/spring-context-5.0.4.RELEASE.pom (9.1 kB at 35 kB/s)
[INFO] Downloading from spring-milestone: https://repo.spring.io/milestone/org/springframework/spring-aop/5.0.4.RELEASE/spring-aop-5.0.4.RELEASE.pom
[INFO] Downloading from spring-snapshot: https://repo.spring.io/snapshot/org/springframework/spring-aop/5.0.4.RELEASE/spring-aop-5.0.4.RELEASE.pom
[INFO] Downloading from rabbit-milestone: https://dl.bintray.com/rabbitmq/maven-milestones/org/springframework/spring-aop/5.0.4.RELEASE/spring-aop-5.0.4.RELEASE.pom
[INFO] Downloading from central: https://repo.maven.apache.org/maven2/org/springframework/spring-aop/5.0.4.RELEASE/spring-aop-5.0.4.RELEASE.pom
[INFO] Downloaded from central: https://repo.maven.apache.org/maven2/org/springframework/spring-aop/5.0.4.RELEASE/spring-aop-5.0.4.RELEASE.pom (3.3 kB at 12 kB/s)
[INFO] Downloading from spring-milestone: https://repo.spring.io/milestone/org/springframework/spring-beans/5.0.4.RELEASE/spring-beans-5.0.4.RELEASE.pom
[INFO] Downloading from spring-snapshot: https://repo.spring.io/snapshot/org/springframework/spring-beans/5.0.4.RELEASE/spring-beans-5.0.4.RELEASE.pom
[INFO] Downloading from rabbit-milestone: https://dl.bintray.com/rabbitmq/maven-milestones/org/springframework/spring-beans/5.0.4.RELEASE/spring-beans-5.0.4.RELEASE.pom
[INFO] Downloading from central: https://repo.maven.apache.org/maven2/org/springframework/spring-beans/5.0.4.RELEASE/spring-beans-5.0.4.RELEASE.pom
[INFO] Downloaded from central: https://repo.maven.apache.org/maven2/org/springframework/spring-beans/5.0.4.RELEASE/spring-beans-5.0.4.RELEASE.pom (3.7 kB at 14 kB/s)
[INFO] Downloading from spring-milestone: https://repo.spring.io/milestone/org/springframework/spring-expression/5.0.4.RELEASE/spring-expression-5.0.4.RELEASE.pom
[INFO] Downloading from spring-snapshot: https://repo.spring.io/snapshot/org/springframework/spring-expression/5.0.4.RELEASE/spring-expression-5.0.4.RELEASE.pom
[INFO] Downloading from rabbit-milestone: https://dl.bintray.com/rabbitmq/maven-milestones/org/springframework/spring-expression/5.0.4.RELEASE/spring-expression-5.0.4.RELEASE.pom
[INFO] Downloading from central: https://repo.maven.apache.org/maven2/org/springframework/spring-expression/5.0.4.RELEASE/spring-expression-5.0.4.RELEASE.pom
[INFO] Downloaded from central: https://repo.maven.apache.org/maven2/org/springframework/spring-expression/5.0.4.RELEASE/spring-expression-5.0.4.RELEASE.pom (1.9 kB at 7.0 kB/s)
[INFO] Downloading from spring-milestone: https://repo.spring.io/milestone/org/springframework/boot/spring-boot-autoconfigure/2.0.0.RELEASE/spring-boot-autoconfigure-2.0.0.RELEASE.pom
[INFO] Downloading from spring-snapshot: https://repo.spring.io/snapshot/org/springframework/boot/spring-boot-autoconfigure/2.0.0.RELEASE/spring-boot-autoconfigure-2.0.0.RELEASE.pom
[INFO] Downloading from rabbit-milestone: https://dl.bintray.com/rabbitmq/maven-milestones/org/springframework/boot/spring-boot-autoconfigure/2.0.0.RELEASE/spring-boot-autoconfigure-2.0.0.RELEASE.pom
[INFO] Downloading from central: https://repo.maven.apache.org/maven2/org/springframework/boot/spring-boot-autoconfigure/2.0.0.RELEASE/spring-boot-autoconfigure-2.0.0.RELEASE.pom
[INFO] Downloaded from central: https://repo.maven.apache.org/maven2/org/springframework/boot/spring-boot-autoconfigure/2.0.0.RELEASE/spring-boot-autoconfigure-2.0.0.RELEASE.pom (32 kB at 113 kB/s)
[INFO] Downloading from spring-milestone: https://repo.spring.io/milestone/org/springframework/boot/spring-boot-starter-logging/2.0.0.RELEASE/spring-boot-starter-logging-2.0.0.RELEASE.pom
[INFO] Downloading from spring-snapshot: https://repo.spring.io/snapshot/org/springframework/boot/spring-boot-starter-logging/2.0.0.RELEASE/spring-boot-starter-logging-2.0.0.RELEASE.pom
[INFO] Downloading from rabbit-milestone: https://dl.bintray.com/rabbitmq/maven-milestones/org/springframework/boot/spring-boot-starter-logging/2.0.0.RELEASE/spring-boot-starter-logging-2.0.0.RELEASE.pom
[INFO] Downloading from central: https://repo.maven.apache.org/maven2/org/springframework/boot/spring-boot-starter-logging/2.0.0.RELEASE/spring-boot-starter-logging-2.0.0.RELEASE.pom
[INFO] Downloaded from central: https://repo.maven.apache.org/maven2/org/springframework/boot/spring-boot-starter-logging/2.0.0.RELEASE/spring-boot-starter-logging-2.0.0.RELEASE.pom (2.5 kB at 9.3 kB/s)
[INFO] Downloading from spring-milestone: https://repo.spring.io/milestone/ch/qos/logback/logback-classic/1.2.3/logback-classic-1.2.3.pom
[INFO] Downloading from spring-snapshot: https://repo.spring.io/snapshot/ch/qos/logback/logback-classic/1.2.3/logback-classic-1.2.3.pom
[INFO] Downloading from rabbit-milestone: https://dl.bintray.com/rabbitmq/maven-milestones/ch/qos/logback/logback-classic/1.2.3/logback-classic-1.2.3.pom
[INFO] Downloading from central: https://repo.maven.apache.org/maven2/ch/qos/logback/logback-classic/1.2.3/logback-classic-1.2.3.pom
[INFO] Downloaded from central: https://repo.maven.apache.org/maven2/ch/qos/logback/logback-classic/1.2.3/logback-classic-1.2.3.pom (13 kB at 48 kB/s)
[INFO] Downloading from spring-milestone: https://repo.spring.io/milestone/ch/qos/logback/logback-parent/1.2.3/logback-parent-1.2.3.pom
[INFO] Downloading from spring-snapshot: https://repo.spring.io/snapshot/ch/qos/logback/logback-parent/1.2.3/logback-parent-1.2.3.pom
[INFO] Downloading from rabbit-milestone: https://dl.bintray.com/rabbitmq/maven-milestones/ch/qos/logback/logback-parent/1.2.3/logback-parent-1.2.3.pom
[INFO] Downloading from central: https://repo.maven.apache.org/maven2/ch/qos/logback/logback-parent/1.2.3/logback-parent-1.2.3.pom
[INFO] Downloaded from central: https://repo.maven.apache.org/maven2/ch/qos/logback/logback-parent/1.2.3/logback-parent-1.2.3.pom (18 kB at 65 kB/s)
[INFO] Downloading from spring-milestone: https://repo.spring.io/milestone/ch/qos/logback/logback-core/1.2.3/logback-core-1.2.3.pom
[INFO] Downloading from spring-snapshot: https://repo.spring.io/snapshot/ch/qos/logback/logback-core/1.2.3/logback-core-1.2.3.pom
[INFO] Downloading from rabbit-milestone: https://dl.bintray.com/rabbitmq/maven-milestones/ch/qos/logback/logback-core/1.2.3/logback-core-1.2.3.pom
[INFO] Downloading from central: https://repo.maven.apache.org/maven2/ch/qos/logback/logback-core/1.2.3/logback-core-1.2.3.pom
[INFO] Downloaded from central: https://repo.maven.apache.org/maven2/ch/qos/logback/logback-core/1.2.3/logback-core-1.2.3.pom (4.2 kB at 16 kB/s)
[INFO] Downloading from spring-milestone: https://repo.spring.io/milestone/org/apache/logging/log4j/log4j-to-slf4j/2.10.0/log4j-to-slf4j-2.10.0.pom
[INFO] Downloading from spring-snapshot: https://repo.spring.io/snapshot/org/apache/logging/log4j/log4j-to-slf4j/2.10.0/log4j-to-slf4j-2.10.0.pom
[INFO] Downloading from rabbit-milestone: https://dl.bintray.com/rabbitmq/maven-milestones/org/apache/logging/log4j/log4j-to-slf4j/2.10.0/log4j-to-slf4j-2.10.0.pom
[INFO] Downloading from central: https://repo.maven.apache.org/maven2/org/apache/logging/log4j/log4j-to-slf4j/2.10.0/log4j-to-slf4j-2.10.0.pom
[INFO] Downloaded from central: https://repo.maven.apache.org/maven2/org/apache/logging/log4j/log4j-to-slf4j/2.10.0/log4j-to-slf4j-2.10.0.pom (7.2 kB at 27 kB/s)
[INFO] Downloading from spring-milestone: https://repo.spring.io/milestone/org/apache/logging/log4j/log4j/2.10.0/log4j-2.10.0.pom
[INFO] Downloading from spring-snapshot: https://repo.spring.io/snapshot/org/apache/logging/log4j/log4j/2.10.0/log4j-2.10.0.pom
[INFO] Downloading from rabbit-milestone: https://dl.bintray.com/rabbitmq/maven-milestones/org/apache/logging/log4j/log4j/2.10.0/log4j-2.10.0.pom
[INFO] Downloading from central: https://repo.maven.apache.org/maven2/org/apache/logging/log4j/log4j/2.10.0/log4j-2.10.0.pom
[INFO] Downloaded from central: https://repo.maven.apache.org/maven2/org/apache/logging/log4j/log4j/2.10.0/log4j-2.10.0.pom (56 kB at 198 kB/s)
[INFO] Downloading from spring-milestone: https://repo.spring.io/milestone/org/apache/logging/log4j/log4j-api/2.10.0/log4j-api-2.10.0.pom
[INFO] Downloading from spring-snapshot: https://repo.spring.io/snapshot/org/apache/logging/log4j/log4j-api/2.10.0/log4j-api-2.10.0.pom
[INFO] Downloading from rabbit-milestone: https://dl.bintray.com/rabbitmq/maven-milestones/org/apache/logging/log4j/log4j-api/2.10.0/log4j-api-2.10.0.pom
[INFO] Downloading from central: https://repo.maven.apache.org/maven2/org/apache/logging/log4j/log4j-api/2.10.0/log4j-api-2.10.0.pom
[INFO] Downloaded from central: https://repo.maven.apache.org/maven2/org/apache/logging/log4j/log4j-api/2.10.0/log4j-api-2.10.0.pom (12 kB at 45 kB/s)
[INFO] Downloading from spring-milestone: https://repo.spring.io/milestone/org/slf4j/jul-to-slf4j/1.7.25/jul-to-slf4j-1.7.25.pom
[INFO] Downloading from spring-snapshot: https://repo.spring.io/snapshot/org/slf4j/jul-to-slf4j/1.7.25/jul-to-slf4j-1.7.25.pom
[INFO] Downloading from rabbit-milestone: https://dl.bintray.com/rabbitmq/maven-milestones/org/slf4j/jul-to-slf4j/1.7.25/jul-to-slf4j-1.7.25.pom
[INFO] Downloading from central: https://repo.maven.apache.org/maven2/org/slf4j/jul-to-slf4j/1.7.25/jul-to-slf4j-1.7.25.pom
[INFO] Downloaded from central: https://repo.maven.apache.org/maven2/org/slf4j/jul-to-slf4j/1.7.25/jul-to-slf4j-1.7.25.pom (986 B at 3.7 kB/s)
[INFO] Downloading from spring-milestone: https://repo.spring.io/milestone/javax/annotation/javax.annotation-api/1.3.2/javax.annotation-api-1.3.2.pom
[INFO] Downloading from spring-snapshot: https://repo.spring.io/snapshot/javax/annotation/javax.annotation-api/1.3.2/javax.annotation-api-1.3.2.pom
[INFO] Downloading from rabbit-milestone: https://dl.bintray.com/rabbitmq/maven-milestones/javax/annotation/javax.annotation-api/1.3.2/javax.annotation-api-1.3.2.pom
[INFO] Downloading from central: https://repo.maven.apache.org/maven2/javax/annotation/javax.annotation-api/1.3.2/javax.annotation-api-1.3.2.pom
[INFO] Downloaded from central: https://repo.maven.apache.org/maven2/javax/annotation/javax.annotation-api/1.3.2/javax.annotation-api-1.3.2.pom (14 kB at 52 kB/s)
[INFO] Downloading from spring-milestone: https://repo.spring.io/milestone/net/java/jvnet-parent/3/jvnet-parent-3.pom
[INFO] Downloading from spring-snapshot: https://repo.spring.io/snapshot/net/java/jvnet-parent/3/jvnet-parent-3.pom
[INFO] Downloading from rabbit-milestone: https://dl.bintray.com/rabbitmq/maven-milestones/net/java/jvnet-parent/3/jvnet-parent-3.pom
[INFO] Downloading from central: https://repo.maven.apache.org/maven2/net/java/jvnet-parent/3/jvnet-parent-3.pom
[INFO] Downloaded from central: https://repo.maven.apache.org/maven2/net/java/jvnet-parent/3/jvnet-parent-3.pom (4.8 kB at 18 kB/s)
[INFO] Downloading from spring-milestone: https://repo.spring.io/milestone/org/springframework/boot/spring-boot-starter-json/2.0.0.RELEASE/spring-boot-starter-json-2.0.0.RELEASE.pom
[INFO] Downloading from spring-snapshot: https://repo.spring.io/snapshot/org/springframework/boot/spring-boot-starter-json/2.0.0.RELEASE/spring-boot-starter-json-2.0.0.RELEASE.pom
[INFO] Downloading from rabbit-milestone: https://dl.bintray.com/rabbitmq/maven-milestones/org/springframework/boot/spring-boot-starter-json/2.0.0.RELEASE/spring-boot-starter-json-2.0.0.RELEASE.pom
[INFO] Downloading from central: https://repo.maven.apache.org/maven2/org/springframework/boot/spring-boot-starter-json/2.0.0.RELEASE/spring-boot-starter-json-2.0.0.RELEASE.pom
[INFO] Downloaded from central: https://repo.maven.apache.org/maven2/org/springframework/boot/spring-boot-starter-json/2.0.0.RELEASE/spring-boot-starter-json-2.0.0.RELEASE.pom (3.1 kB at 11 kB/s)
[INFO] Downloading from spring-milestone: https://repo.spring.io/milestone/org/springframework/spring-web/5.0.4.RELEASE/spring-web-5.0.4.RELEASE.pom
[INFO] Downloading from spring-snapshot: https://repo.spring.io/snapshot/org/springframework/spring-web/5.0.4.RELEASE/spring-web-5.0.4.RELEASE.pom
[INFO] Downloading from rabbit-milestone: https://dl.bintray.com/rabbitmq/maven-milestones/org/springframework/spring-web/5.0.4.RELEASE/spring-web-5.0.4.RELEASE.pom
[INFO] Downloading from central: https://repo.maven.apache.org/maven2/org/springframework/spring-web/5.0.4.RELEASE/spring-web-5.0.4.RELEASE.pom
[INFO] Downloaded from central: https://repo.maven.apache.org/maven2/org/springframework/spring-web/5.0.4.RELEASE/spring-web-5.0.4.RELEASE.pom (19 kB at 71 kB/s)
[INFO] Downloading from spring-milestone: https://repo.spring.io/milestone/com/fasterxml/jackson/datatype/jackson-datatype-jdk8/2.9.4/jackson-datatype-jdk8-2.9.4.pom
[INFO] Downloading from spring-snapshot: https://repo.spring.io/snapshot/com/fasterxml/jackson/datatype/jackson-datatype-jdk8/2.9.4/jackson-datatype-jdk8-2.9.4.pom
[INFO] Downloading from rabbit-milestone: https://dl.bintray.com/rabbitmq/maven-milestones/com/fasterxml/jackson/datatype/jackson-datatype-jdk8/2.9.4/jackson-datatype-jdk8-2.9.4.pom
[INFO] Downloading from central: https://repo.maven.apache.org/maven2/com/fasterxml/jackson/datatype/jackson-datatype-jdk8/2.9.4/jackson-datatype-jdk8-2.9.4.pom
[INFO] Downloaded from central: https://repo.maven.apache.org/maven2/com/fasterxml/jackson/datatype/jackson-datatype-jdk8/2.9.4/jackson-datatype-jdk8-2.9.4.pom (1.9 kB at 7.3 kB/s)
[INFO] Downloading from spring-milestone: https://repo.spring.io/milestone/com/fasterxml/jackson/module/jackson-modules-java8/2.9.4/jackson-modules-java8-2.9.4.pom
[INFO] Downloading from spring-snapshot: https://repo.spring.io/snapshot/com/fasterxml/jackson/module/jackson-modules-java8/2.9.4/jackson-modules-java8-2.9.4.pom
[INFO] Downloading from rabbit-milestone: https://dl.bintray.com/rabbitmq/maven-milestones/com/fasterxml/jackson/module/jackson-modules-java8/2.9.4/jackson-modules-java8-2.9.4.pom
[INFO] Downloading from central: https://repo.maven.apache.org/maven2/com/fasterxml/jackson/module/jackson-modules-java8/2.9.4/jackson-modules-java8-2.9.4.pom
[INFO] Downloaded from central: https://repo.maven.apache.org/maven2/com/fasterxml/jackson/module/jackson-modules-java8/2.9.4/jackson-modules-java8-2.9.4.pom (2.8 kB at 10 kB/s)
[INFO] Downloading from spring-milestone: https://repo.spring.io/milestone/com/fasterxml/jackson/datatype/jackson-datatype-jsr310/2.9.4/jackson-datatype-jsr310-2.9.4.pom
[INFO] Downloading from spring-snapshot: https://repo.spring.io/snapshot/com/fasterxml/jackson/datatype/jackson-datatype-jsr310/2.9.4/jackson-datatype-jsr310-2.9.4.pom
[INFO] Downloading from rabbit-milestone: https://dl.bintray.com/rabbitmq/maven-milestones/com/fasterxml/jackson/datatype/jackson-datatype-jsr310/2.9.4/jackson-datatype-jsr310-2.9.4.pom
[INFO] Downloading from central: https://repo.maven.apache.org/maven2/com/fasterxml/jackson/datatype/jackson-datatype-jsr310/2.9.4/jackson-datatype-jsr310-2.9.4.pom
[INFO] Downloaded from central: https://repo.maven.apache.org/maven2/com/fasterxml/jackson/datatype/jackson-datatype-jsr310/2.9.4/jackson-datatype-jsr310-2.9.4.pom (4.3 kB at 16 kB/s)
[INFO] Downloading from spring-milestone: https://repo.spring.io/milestone/com/fasterxml/jackson/module/jackson-module-parameter-names/2.9.4/jackson-module-parameter-names-2.9.4.pom
[INFO] Downloading from spring-snapshot: https://repo.spring.io/snapshot/com/fasterxml/jackson/module/jackson-module-parameter-names/2.9.4/jackson-module-parameter-names-2.9.4.pom
[INFO] Downloading from rabbit-milestone: https://dl.bintray.com/rabbitmq/maven-milestones/com/fasterxml/jackson/module/jackson-module-parameter-names/2.9.4/jackson-module-parameter-names-2.9.4.pom
[INFO] Downloading from central: https://repo.maven.apache.org/maven2/com/fasterxml/jackson/module/jackson-module-parameter-names/2.9.4/jackson-module-parameter-names-2.9.4.pom
[INFO] Downloaded from central: https://repo.maven.apache.org/maven2/com/fasterxml/jackson/module/jackson-module-parameter-names/2.9.4/jackson-module-parameter-names-2.9.4.pom (3.7 kB at 14 kB/s)
[INFO] Downloading from spring-milestone: https://repo.spring.io/milestone/org/springframework/boot/spring-boot-starter-tomcat/2.0.0.RELEASE/spring-boot-starter-tomcat-2.0.0.RELEASE.pom
[INFO] Downloading from spring-snapshot: https://repo.spring.io/snapshot/org/springframework/boot/spring-boot-starter-tomcat/2.0.0.RELEASE/spring-boot-starter-tomcat-2.0.0.RELEASE.pom
[INFO] Downloading from rabbit-milestone: https://dl.bintray.com/rabbitmq/maven-milestones/org/springframework/boot/spring-boot-starter-tomcat/2.0.0.RELEASE/spring-boot-starter-tomcat-2.0.0.RELEASE.pom
[INFO] Downloading from central: https://repo.maven.apache.org/maven2/org/springframework/boot/spring-boot-starter-tomcat/2.0.0.RELEASE/spring-boot-starter-tomcat-2.0.0.RELEASE.pom
[INFO] Downloaded from central: https://repo.maven.apache.org/maven2/org/springframework/boot/spring-boot-starter-tomcat/2.0.0.RELEASE/spring-boot-starter-tomcat-2.0.0.RELEASE.pom (3.0 kB at 11 kB/s)
[INFO] Downloading from spring-milestone: https://repo.spring.io/milestone/org/apache/tomcat/embed/tomcat-embed-core/8.5.28/tomcat-embed-core-8.5.28.pom
[INFO] Downloading from spring-snapshot: https://repo.spring.io/snapshot/org/apache/tomcat/embed/tomcat-embed-core/8.5.28/tomcat-embed-core-8.5.28.pom
[INFO] Downloading from rabbit-milestone: https://dl.bintray.com/rabbitmq/maven-milestones/org/apache/tomcat/embed/tomcat-embed-core/8.5.28/tomcat-embed-core-8.5.28.pom
[INFO] Downloading from central: https://repo.maven.apache.org/maven2/org/apache/tomcat/embed/tomcat-embed-core/8.5.28/tomcat-embed-core-8.5.28.pom
[INFO] Downloaded from central: https://repo.maven.apache.org/maven2/org/apache/tomcat/embed/tomcat-embed-core/8.5.28/tomcat-embed-core-8.5.28.pom (1.6 kB at 5.9 kB/s)
[INFO] Downloading from spring-milestone: https://repo.spring.io/milestone/org/apache/tomcat/embed/tomcat-embed-el/8.5.28/tomcat-embed-el-8.5.28.pom
[INFO] Downloading from spring-snapshot: https://repo.spring.io/snapshot/org/apache/tomcat/embed/tomcat-embed-el/8.5.28/tomcat-embed-el-8.5.28.pom
[INFO] Downloading from rabbit-milestone: https://dl.bintray.com/rabbitmq/maven-milestones/org/apache/tomcat/embed/tomcat-embed-el/8.5.28/tomcat-embed-el-8.5.28.pom
[INFO] Downloading from central: https://repo.maven.apache.org/maven2/org/apache/tomcat/embed/tomcat-embed-el/8.5.28/tomcat-embed-el-8.5.28.pom
[INFO] Downloaded from central: https://repo.maven.apache.org/maven2/org/apache/tomcat/embed/tomcat-embed-el/8.5.28/tomcat-embed-el-8.5.28.pom (1.3 kB at 5.1 kB/s)
[INFO] Downloading from spring-milestone: https://repo.spring.io/milestone/org/apache/tomcat/embed/tomcat-embed-websocket/8.5.28/tomcat-embed-websocket-8.5.28.pom
[INFO] Downloading from spring-snapshot: https://repo.spring.io/snapshot/org/apache/tomcat/embed/tomcat-embed-websocket/8.5.28/tomcat-embed-websocket-8.5.28.pom
[INFO] Downloading from rabbit-milestone: https://dl.bintray.com/rabbitmq/maven-milestones/org/apache/tomcat/embed/tomcat-embed-websocket/8.5.28/tomcat-embed-websocket-8.5.28.pom
[INFO] Downloading from central: https://repo.maven.apache.org/maven2/org/apache/tomcat/embed/tomcat-embed-websocket/8.5.28/tomcat-embed-websocket-8.5.28.pom
[INFO] Downloaded from central: https://repo.maven.apache.org/maven2/org/apache/tomcat/embed/tomcat-embed-websocket/8.5.28/tomcat-embed-websocket-8.5.28.pom (1.6 kB at 6.0 kB/s)
[INFO] Downloading from spring-milestone: https://repo.spring.io/milestone/org/apache/tomcat/tomcat-annotations-api/8.5.28/tomcat-annotations-api-8.5.28.pom
[INFO] Downloading from spring-snapshot: https://repo.spring.io/snapshot/org/apache/tomcat/tomcat-annotations-api/8.5.28/tomcat-annotations-api-8.5.28.pom
[INFO] Downloading from rabbit-milestone: https://dl.bintray.com/rabbitmq/maven-milestones/org/apache/tomcat/tomcat-annotations-api/8.5.28/tomcat-annotations-api-8.5.28.pom
[INFO] Downloading from central: https://repo.maven.apache.org/maven2/org/apache/tomcat/tomcat-annotations-api/8.5.28/tomcat-annotations-api-8.5.28.pom
[INFO] Downloaded from central: https://repo.maven.apache.org/maven2/org/apache/tomcat/tomcat-annotations-api/8.5.28/tomcat-annotations-api-8.5.28.pom (1.3 kB at 5.1 kB/s)
[INFO] Downloading from spring-milestone: https://repo.spring.io/milestone/org/hibernate/validator/hibernate-validator/6.0.7.Final/hibernate-validator-6.0.7.Final.pom
[INFO] Downloading from spring-snapshot: https://repo.spring.io/snapshot/org/hibernate/validator/hibernate-validator/6.0.7.Final/hibernate-validator-6.0.7.Final.pom
[INFO] Downloading from rabbit-milestone: https://dl.bintray.com/rabbitmq/maven-milestones/org/hibernate/validator/hibernate-validator/6.0.7.Final/hibernate-validator-6.0.7.Final.pom
[INFO] Downloading from central: https://repo.maven.apache.org/maven2/org/hibernate/validator/hibernate-validator/6.0.7.Final/hibernate-validator-6.0.7.Final.pom
[INFO] Downloaded from central: https://repo.maven.apache.org/maven2/org/hibernate/validator/hibernate-validator/6.0.7.Final/hibernate-validator-6.0.7.Final.pom (20 kB at 73 kB/s)
[INFO] Downloading from spring-milestone: https://repo.spring.io/milestone/org/hibernate/validator/hibernate-validator-parent/6.0.7.Final/hibernate-validator-parent-6.0.7.Final.pom
[INFO] Downloading from spring-snapshot: https://repo.spring.io/snapshot/org/hibernate/validator/hibernate-validator-parent/6.0.7.Final/hibernate-validator-parent-6.0.7.Final.pom
[INFO] Downloading from rabbit-milestone: https://dl.bintray.com/rabbitmq/maven-milestones/org/hibernate/validator/hibernate-validator-parent/6.0.7.Final/hibernate-validator-parent-6.0.7.Final.pom
[INFO] Downloading from central: https://repo.maven.apache.org/maven2/org/hibernate/validator/hibernate-validator-parent/6.0.7.Final/hibernate-validator-parent-6.0.7.Final.pom
[INFO] Downloaded from central: https://repo.maven.apache.org/maven2/org/hibernate/validator/hibernate-validator-parent/6.0.7.Final/hibernate-validator-parent-6.0.7.Final.pom (58 kB at 209 kB/s)
[INFO] Downloading from spring-milestone: https://repo.spring.io/milestone/org/jboss/arquillian/arquillian-bom/1.1.11.Final/arquillian-bom-1.1.11.Final.pom
[INFO] Downloading from spring-snapshot: https://repo.spring.io/snapshot/org/jboss/arquillian/arquillian-bom/1.1.11.Final/arquillian-bom-1.1.11.Final.pom
[INFO] Downloading from rabbit-milestone: https://dl.bintray.com/rabbitmq/maven-milestones/org/jboss/arquillian/arquillian-bom/1.1.11.Final/arquillian-bom-1.1.11.Final.pom
[INFO] Downloading from central: https://repo.maven.apache.org/maven2/org/jboss/arquillian/arquillian-bom/1.1.11.Final/arquillian-bom-1.1.11.Final.pom
[INFO] Downloaded from central: https://repo.maven.apache.org/maven2/org/jboss/arquillian/arquillian-bom/1.1.11.Final/arquillian-bom-1.1.11.Final.pom (11 kB at 38 kB/s)
[INFO] Downloading from spring-milestone: https://repo.spring.io/milestone/org/jboss/shrinkwrap/shrinkwrap-bom/1.2.3/shrinkwrap-bom-1.2.3.pom
[INFO] Downloading from spring-snapshot: https://repo.spring.io/snapshot/org/jboss/shrinkwrap/shrinkwrap-bom/1.2.3/shrinkwrap-bom-1.2.3.pom
[INFO] Downloading from rabbit-milestone: https://dl.bintray.com/rabbitmq/maven-milestones/org/jboss/shrinkwrap/shrinkwrap-bom/1.2.3/shrinkwrap-bom-1.2.3.pom
[INFO] Downloading from central: https://repo.maven.apache.org/maven2/org/jboss/shrinkwrap/shrinkwrap-bom/1.2.3/shrinkwrap-bom-1.2.3.pom
[INFO] Downloaded from central: https://repo.maven.apache.org/maven2/org/jboss/shrinkwrap/shrinkwrap-bom/1.2.3/shrinkwrap-bom-1.2.3.pom (4.0 kB at 16 kB/s)
[INFO] Downloading from spring-milestone: https://repo.spring.io/milestone/org/jboss/shrinkwrap/resolver/shrinkwrap-resolver-bom/2.2.0/shrinkwrap-resolver-bom-2.2.0.pom
[INFO] Downloading from spring-snapshot: https://repo.spring.io/snapshot/org/jboss/shrinkwrap/resolver/shrinkwrap-resolver-bom/2.2.0/shrinkwrap-resolver-bom-2.2.0.pom
[INFO] Downloading from rabbit-milestone: https://dl.bintray.com/rabbitmq/maven-milestones/org/jboss/shrinkwrap/resolver/shrinkwrap-resolver-bom/2.2.0/shrinkwrap-resolver-bom-2.2.0.pom
[INFO] Downloading from central: https://repo.maven.apache.org/maven2/org/jboss/shrinkwrap/resolver/shrinkwrap-resolver-bom/2.2.0/shrinkwrap-resolver-bom-2.2.0.pom
[INFO] Downloaded from central: https://repo.maven.apache.org/maven2/org/jboss/shrinkwrap/resolver/shrinkwrap-resolver-bom/2.2.0/shrinkwrap-resolver-bom-2.2.0.pom (5.3 kB at 20 kB/s)
[INFO] Downloading from spring-milestone: https://repo.spring.io/milestone/org/jboss/shrinkwrap/descriptors/shrinkwrap-descriptors-bom/2.0.0-alpha-8/shrinkwrap-descriptors-bom-2.0.0-alpha-8.pom
[INFO] Downloading from spring-snapshot: https://repo.spring.io/snapshot/org/jboss/shrinkwrap/descriptors/shrinkwrap-descriptors-bom/2.0.0-alpha-8/shrinkwrap-descriptors-bom-2.0.0-alpha-8.pom
[INFO] Downloading from rabbit-milestone: https://dl.bintray.com/rabbitmq/maven-milestones/org/jboss/shrinkwrap/descriptors/shrinkwrap-descriptors-bom/2.0.0-alpha-8/shrinkwrap-descriptors-bom-2.0.0-alpha-8.pom
[INFO] Downloading from central: https://repo.maven.apache.org/maven2/org/jboss/shrinkwrap/descriptors/shrinkwrap-descriptors-bom/2.0.0-alpha-8/shrinkwrap-descriptors-bom-2.0.0-alpha-8.pom
[INFO] Downloaded from central: https://repo.maven.apache.org/maven2/org/jboss/shrinkwrap/descriptors/shrinkwrap-descriptors-bom/2.0.0-alpha-8/shrinkwrap-descriptors-bom-2.0.0-alpha-8.pom (5.2 kB at 19 kB/s)
[INFO] Downloading from spring-milestone: https://repo.spring.io/milestone/javax/validation/validation-api/2.0.1.Final/validation-api-2.0.1.Final.pom
[INFO] Downloading from spring-snapshot: https://repo.spring.io/snapshot/javax/validation/validation-api/2.0.1.Final/validation-api-2.0.1.Final.pom
[INFO] Downloading from rabbit-milestone: https://dl.bintray.com/rabbitmq/maven-milestones/javax/validation/validation-api/2.0.1.Final/validation-api-2.0.1.Final.pom
[INFO] Downloading from central: https://repo.maven.apache.org/maven2/javax/validation/validation-api/2.0.1.Final/validation-api-2.0.1.Final.pom
[INFO] Downloaded from central: https://repo.maven.apache.org/maven2/javax/validation/validation-api/2.0.1.Final/validation-api-2.0.1.Final.pom (12 kB at 43 kB/s)
[INFO] Downloading from spring-milestone: https://repo.spring.io/milestone/org/jboss/logging/jboss-logging/3.3.2.Final/jboss-logging-3.3.2.Final.pom
[INFO] Downloading from spring-snapshot: https://repo.spring.io/snapshot/org/jboss/logging/jboss-logging/3.3.2.Final/jboss-logging-3.3.2.Final.pom
[INFO] Downloading from rabbit-milestone: https://dl.bintray.com/rabbitmq/maven-milestones/org/jboss/logging/jboss-logging/3.3.2.Final/jboss-logging-3.3.2.Final.pom
[INFO] Downloading from central: https://repo.maven.apache.org/maven2/org/jboss/logging/jboss-logging/3.3.2.Final/jboss-logging-3.3.2.Final.pom
[INFO] Downloaded from central: https://repo.maven.apache.org/maven2/org/jboss/logging/jboss-logging/3.3.2.Final/jboss-logging-3.3.2.Final.pom (6.4 kB at 24 kB/s)
[INFO] Downloading from spring-milestone: https://repo.spring.io/milestone/org/jboss/jboss-parent/15/jboss-parent-15.pom
[INFO] Downloading from spring-snapshot: https://repo.spring.io/snapshot/org/jboss/jboss-parent/15/jboss-parent-15.pom
[INFO] Downloading from rabbit-milestone: https://dl.bintray.com/rabbitmq/maven-milestones/org/jboss/jboss-parent/15/jboss-parent-15.pom
[INFO] Downloading from central: https://repo.maven.apache.org/maven2/org/jboss/jboss-parent/15/jboss-parent-15.pom
[INFO] Downloaded from central: https://repo.maven.apache.org/maven2/org/jboss/jboss-parent/15/jboss-parent-15.pom (32 kB at 118 kB/s)
[INFO] Downloading from spring-milestone: https://repo.spring.io/milestone/com/fasterxml/classmate/1.3.4/classmate-1.3.4.pom
[INFO] Downloading from spring-snapshot: https://repo.spring.io/snapshot/com/fasterxml/classmate/1.3.4/classmate-1.3.4.pom
[INFO] Downloading from rabbit-milestone: https://dl.bintray.com/rabbitmq/maven-milestones/com/fasterxml/classmate/1.3.4/classmate-1.3.4.pom
[INFO] Downloading from central: https://repo.maven.apache.org/maven2/com/fasterxml/classmate/1.3.4/classmate-1.3.4.pom
[INFO] Downloaded from central: https://repo.maven.apache.org/maven2/com/fasterxml/classmate/1.3.4/classmate-1.3.4.pom (5.8 kB at 23 kB/s)
[INFO] Downloading from spring-milestone: https://repo.spring.io/milestone/com/fasterxml/oss-parent/24/oss-parent-24.pom
[INFO] Downloading from spring-snapshot: https://repo.spring.io/snapshot/com/fasterxml/oss-parent/24/oss-parent-24.pom
[INFO] Downloading from rabbit-milestone: https://dl.bintray.com/rabbitmq/maven-milestones/com/fasterxml/oss-parent/24/oss-parent-24.pom
[INFO] Downloading from central: https://repo.maven.apache.org/maven2/com/fasterxml/oss-parent/24/oss-parent-24.pom
[INFO] Downloaded from central: https://repo.maven.apache.org/maven2/com/fasterxml/oss-parent/24/oss-parent-24.pom (19 kB at 72 kB/s)
[INFO] Downloading from spring-milestone: https://repo.spring.io/milestone/org/springframework/spring-webmvc/5.0.4.RELEASE/spring-webmvc-5.0.4.RELEASE.pom
[INFO] Downloading from spring-snapshot: https://repo.spring.io/snapshot/org/springframework/spring-webmvc/5.0.4.RELEASE/spring-webmvc-5.0.4.RELEASE.pom
[INFO] Downloading from rabbit-milestone: https://dl.bintray.com/rabbitmq/maven-milestones/org/springframework/spring-webmvc/5.0.4.RELEASE/spring-webmvc-5.0.4.RELEASE.pom
[INFO] Downloading from central: https://repo.maven.apache.org/maven2/org/springframework/spring-webmvc/5.0.4.RELEASE/spring-webmvc-5.0.4.RELEASE.pom
[INFO] Downloaded from central: https://repo.maven.apache.org/maven2/org/springframework/spring-webmvc/5.0.4.RELEASE/spring-webmvc-5.0.4.RELEASE.pom (14 kB at 54 kB/s)
[INFO] Downloading from spring-milestone: https://repo.spring.io/milestone/org/springframework/boot/spring-boot-starter-test/2.0.0.RELEASE/spring-boot-starter-test-2.0.0.RELEASE.pom
[INFO] Downloading from spring-snapshot: https://repo.spring.io/snapshot/org/springframework/boot/spring-boot-starter-test/2.0.0.RELEASE/spring-boot-starter-test-2.0.0.RELEASE.pom
[INFO] Downloading from rabbit-milestone: https://dl.bintray.com/rabbitmq/maven-milestones/org/springframework/boot/spring-boot-starter-test/2.0.0.RELEASE/spring-boot-starter-test-2.0.0.RELEASE.pom
[INFO] Downloading from central: https://repo.maven.apache.org/maven2/org/springframework/boot/spring-boot-starter-test/2.0.0.RELEASE/spring-boot-starter-test-2.0.0.RELEASE.pom
[INFO] Downloaded from central: https://repo.maven.apache.org/maven2/org/springframework/boot/spring-boot-starter-test/2.0.0.RELEASE/spring-boot-starter-test-2.0.0.RELEASE.pom (4.4 kB at 17 kB/s)
[INFO] Downloading from spring-milestone: https://repo.spring.io/milestone/org/springframework/boot/spring-boot-test/2.0.0.RELEASE/spring-boot-test-2.0.0.RELEASE.pom
[INFO] Downloading from spring-snapshot: https://repo.spring.io/snapshot/org/springframework/boot/spring-boot-test/2.0.0.RELEASE/spring-boot-test-2.0.0.RELEASE.pom
[INFO] Downloading from rabbit-milestone: https://dl.bintray.com/rabbitmq/maven-milestones/org/springframework/boot/spring-boot-test/2.0.0.RELEASE/spring-boot-test-2.0.0.RELEASE.pom
[INFO] Downloading from central: https://repo.maven.apache.org/maven2/org/springframework/boot/spring-boot-test/2.0.0.RELEASE/spring-boot-test-2.0.0.RELEASE.pom
[INFO] Downloaded from central: https://repo.maven.apache.org/maven2/org/springframework/boot/spring-boot-test/2.0.0.RELEASE/spring-boot-test-2.0.0.RELEASE.pom (6.9 kB at 26 kB/s)
[INFO] Downloading from spring-milestone: https://repo.spring.io/milestone/org/springframework/boot/spring-boot-test-autoconfigure/2.0.0.RELEASE/spring-boot-test-autoconfigure-2.0.0.RELEASE.pom
[INFO] Downloading from spring-snapshot: https://repo.spring.io/snapshot/org/springframework/boot/spring-boot-test-autoconfigure/2.0.0.RELEASE/spring-boot-test-autoconfigure-2.0.0.RELEASE.pom
[INFO] Downloading from rabbit-milestone: https://dl.bintray.com/rabbitmq/maven-milestones/org/springframework/boot/spring-boot-test-autoconfigure/2.0.0.RELEASE/spring-boot-test-autoconfigure-2.0.0.RELEASE.pom
[INFO] Downloading from central: https://repo.maven.apache.org/maven2/org/springframework/boot/spring-boot-test-autoconfigure/2.0.0.RELEASE/spring-boot-test-autoconfigure-2.0.0.RELEASE.pom
[INFO] Downloaded from central: https://repo.maven.apache.org/maven2/org/springframework/boot/spring-boot-test-autoconfigure/2.0.0.RELEASE/spring-boot-test-autoconfigure-2.0.0.RELEASE.pom (9.4 kB at 34 kB/s)
[INFO] Downloading from spring-milestone: https://repo.spring.io/milestone/com/jayway/jsonpath/json-path/2.4.0/json-path-2.4.0.pom
[INFO] Downloading from spring-snapshot: https://repo.spring.io/snapshot/com/jayway/jsonpath/json-path/2.4.0/json-path-2.4.0.pom
[INFO] Downloading from rabbit-milestone: https://dl.bintray.com/rabbitmq/maven-milestones/com/jayway/jsonpath/json-path/2.4.0/json-path-2.4.0.pom
[INFO] Downloading from central: https://repo.maven.apache.org/maven2/com/jayway/jsonpath/json-path/2.4.0/json-path-2.4.0.pom
[INFO] Downloaded from central: https://repo.maven.apache.org/maven2/com/jayway/jsonpath/json-path/2.4.0/json-path-2.4.0.pom (2.6 kB at 9.8 kB/s)
[INFO] Downloading from spring-milestone: https://repo.spring.io/milestone/net/minidev/json-smart/2.3/json-smart-2.3.pom
[INFO] Downloading from spring-snapshot: https://repo.spring.io/snapshot/net/minidev/json-smart/2.3/json-smart-2.3.pom
[INFO] Downloading from rabbit-milestone: https://dl.bintray.com/rabbitmq/maven-milestones/net/minidev/json-smart/2.3/json-smart-2.3.pom
[INFO] Downloading from central: https://repo.maven.apache.org/maven2/net/minidev/json-smart/2.3/json-smart-2.3.pom
[INFO] Downloaded from central: https://repo.maven.apache.org/maven2/net/minidev/json-smart/2.3/json-smart-2.3.pom (9.0 kB at 34 kB/s)
[INFO] Downloading from spring-milestone: https://repo.spring.io/milestone/net/minidev/minidev-parent/2.3/minidev-parent-2.3.pom
[INFO] Downloading from spring-snapshot: https://repo.spring.io/snapshot/net/minidev/minidev-parent/2.3/minidev-parent-2.3.pom
[INFO] Downloading from rabbit-milestone: https://dl.bintray.com/rabbitmq/maven-milestones/net/minidev/minidev-parent/2.3/minidev-parent-2.3.pom
[INFO] Downloading from central: https://repo.maven.apache.org/maven2/net/minidev/minidev-parent/2.3/minidev-parent-2.3.pom
[INFO] Downloaded from central: https://repo.maven.apache.org/maven2/net/minidev/minidev-parent/2.3/minidev-parent-2.3.pom (8.5 kB at 32 kB/s)
[INFO] Downloading from spring-milestone: https://repo.spring.io/milestone/net/minidev/accessors-smart/1.2/accessors-smart-1.2.pom
[INFO] Downloading from spring-snapshot: https://repo.spring.io/snapshot/net/minidev/accessors-smart/1.2/accessors-smart-1.2.pom
[INFO] Downloading from rabbit-milestone: https://dl.bintray.com/rabbitmq/maven-milestones/net/minidev/accessors-smart/1.2/accessors-smart-1.2.pom
[INFO] Downloading from central: https://repo.maven.apache.org/maven2/net/minidev/accessors-smart/1.2/accessors-smart-1.2.pom
[INFO] Downloaded from central: https://repo.maven.apache.org/maven2/net/minidev/accessors-smart/1.2/accessors-smart-1.2.pom (12 kB at 41 kB/s)
[INFO] Downloading from spring-milestone: https://repo.spring.io/milestone/org/ow2/asm/asm/5.0.4/asm-5.0.4.pom
[INFO] Downloading from spring-snapshot: https://repo.spring.io/snapshot/org/ow2/asm/asm/5.0.4/asm-5.0.4.pom
[INFO] Downloading from rabbit-milestone: https://dl.bintray.com/rabbitmq/maven-milestones/org/ow2/asm/asm/5.0.4/asm-5.0.4.pom
[INFO] Downloading from central: https://repo.maven.apache.org/maven2/org/ow2/asm/asm/5.0.4/asm-5.0.4.pom
[INFO] Downloaded from central: https://repo.maven.apache.org/maven2/org/ow2/asm/asm/5.0.4/asm-5.0.4.pom (1.9 kB at 7.4 kB/s)
[INFO] Downloading from spring-milestone: https://repo.spring.io/milestone/org/ow2/asm/asm-parent/5.0.4/asm-parent-5.0.4.pom
[INFO] Downloading from spring-snapshot: https://repo.spring.io/snapshot/org/ow2/asm/asm-parent/5.0.4/asm-parent-5.0.4.pom
[INFO] Downloading from rabbit-milestone: https://dl.bintray.com/rabbitmq/maven-milestones/org/ow2/asm/asm-parent/5.0.4/asm-parent-5.0.4.pom
[INFO] Downloading from central: https://repo.maven.apache.org/maven2/org/ow2/asm/asm-parent/5.0.4/asm-parent-5.0.4.pom
[INFO] Downloaded from central: https://repo.maven.apache.org/maven2/org/ow2/asm/asm-parent/5.0.4/asm-parent-5.0.4.pom (5.5 kB at 20 kB/s)
[INFO] Downloading from spring-milestone: https://repo.spring.io/milestone/org/ow2/ow2/1.3/ow2-1.3.pom
[INFO] Downloading from spring-snapshot: https://repo.spring.io/snapshot/org/ow2/ow2/1.3/ow2-1.3.pom
[INFO] Downloading from rabbit-milestone: https://dl.bintray.com/rabbitmq/maven-milestones/org/ow2/ow2/1.3/ow2-1.3.pom
[INFO] Downloading from central: https://repo.maven.apache.org/maven2/org/ow2/ow2/1.3/ow2-1.3.pom
[INFO] Downloaded from central: https://repo.maven.apache.org/maven2/org/ow2/ow2/1.3/ow2-1.3.pom (9.5 kB at 35 kB/s)
[INFO] Downloading from spring-milestone: https://repo.spring.io/milestone/junit/junit/4.12/junit-4.12.pom
[INFO] Downloading from spring-snapshot: https://repo.spring.io/snapshot/junit/junit/4.12/junit-4.12.pom
[INFO] Downloading from rabbit-milestone: https://dl.bintray.com/rabbitmq/maven-milestones/junit/junit/4.12/junit-4.12.pom
[INFO] Downloading from central: https://repo.maven.apache.org/maven2/junit/junit/4.12/junit-4.12.pom
[INFO] Downloaded from central: https://repo.maven.apache.org/maven2/junit/junit/4.12/junit-4.12.pom (24 kB at 86 kB/s)
[INFO] Downloading from spring-milestone: https://repo.spring.io/milestone/org/hamcrest/hamcrest-core/1.3/hamcrest-core-1.3.pom
[INFO] Downloading from spring-snapshot: https://repo.spring.io/snapshot/org/hamcrest/hamcrest-core/1.3/hamcrest-core-1.3.pom
[INFO] Downloading from rabbit-milestone: https://dl.bintray.com/rabbitmq/maven-milestones/org/hamcrest/hamcrest-core/1.3/hamcrest-core-1.3.pom
[INFO] Downloading from central: https://repo.maven.apache.org/maven2/org/hamcrest/hamcrest-core/1.3/hamcrest-core-1.3.pom
[INFO] Downloaded from central: https://repo.maven.apache.org/maven2/org/hamcrest/hamcrest-core/1.3/hamcrest-core-1.3.pom (766 B at 2.9 kB/s)
[INFO] Downloading from spring-milestone: https://repo.spring.io/milestone/org/hamcrest/hamcrest-parent/1.3/hamcrest-parent-1.3.pom
[INFO] Downloading from spring-snapshot: https://repo.spring.io/snapshot/org/hamcrest/hamcrest-parent/1.3/hamcrest-parent-1.3.pom
[INFO] Downloading from rabbit-milestone: https://dl.bintray.com/rabbitmq/maven-milestones/org/hamcrest/hamcrest-parent/1.3/hamcrest-parent-1.3.pom
[INFO] Downloading from central: https://repo.maven.apache.org/maven2/org/hamcrest/hamcrest-parent/1.3/hamcrest-parent-1.3.pom
[INFO] Downloaded from central: https://repo.maven.apache.org/maven2/org/hamcrest/hamcrest-parent/1.3/hamcrest-parent-1.3.pom (2.0 kB at 7.4 kB/s)
[INFO] Downloading from spring-milestone: https://repo.spring.io/milestone/org/assertj/assertj-core/3.9.1/assertj-core-3.9.1.pom
[INFO] Downloading from spring-snapshot: https://repo.spring.io/snapshot/org/assertj/assertj-core/3.9.1/assertj-core-3.9.1.pom
[INFO] Downloading from rabbit-milestone: https://dl.bintray.com/rabbitmq/maven-milestones/org/assertj/assertj-core/3.9.1/assertj-core-3.9.1.pom
[INFO] Downloading from central: https://repo.maven.apache.org/maven2/org/assertj/assertj-core/3.9.1/assertj-core-3.9.1.pom
[INFO] Downloaded from central: https://repo.maven.apache.org/maven2/org/assertj/assertj-core/3.9.1/assertj-core-3.9.1.pom (10 kB at 38 kB/s)
[INFO] Downloading from spring-milestone: https://repo.spring.io/milestone/org/assertj/assertj-parent-pom/2.1.9/assertj-parent-pom-2.1.9.pom
[INFO] Downloading from spring-snapshot: https://repo.spring.io/snapshot/org/assertj/assertj-parent-pom/2.1.9/assertj-parent-pom-2.1.9.pom
[INFO] Downloading from rabbit-milestone: https://dl.bintray.com/rabbitmq/maven-milestones/org/assertj/assertj-parent-pom/2.1.9/assertj-parent-pom-2.1.9.pom
[INFO] Downloading from central: https://repo.maven.apache.org/maven2/org/assertj/assertj-parent-pom/2.1.9/assertj-parent-pom-2.1.9.pom
[INFO] Downloaded from central: https://repo.maven.apache.org/maven2/org/assertj/assertj-parent-pom/2.1.9/assertj-parent-pom-2.1.9.pom (15 kB at 58 kB/s)
[INFO] Downloading from spring-milestone: https://repo.spring.io/milestone/org/mockito/mockito-core/2.15.0/mockito-core-2.15.0.pom
[INFO] Downloading from spring-snapshot: https://repo.spring.io/snapshot/org/mockito/mockito-core/2.15.0/mockito-core-2.15.0.pom
[INFO] Downloading from rabbit-milestone: https://dl.bintray.com/rabbitmq/maven-milestones/org/mockito/mockito-core/2.15.0/mockito-core-2.15.0.pom
[INFO] Downloading from central: https://repo.maven.apache.org/maven2/org/mockito/mockito-core/2.15.0/mockito-core-2.15.0.pom
[INFO] Downloaded from central: https://repo.maven.apache.org/maven2/org/mockito/mockito-core/2.15.0/mockito-core-2.15.0.pom (16 kB at 54 kB/s)
[INFO] Downloading from spring-milestone: https://repo.spring.io/milestone/net/bytebuddy/byte-buddy/1.7.10/byte-buddy-1.7.10.pom
[INFO] Downloading from spring-snapshot: https://repo.spring.io/snapshot/net/bytebuddy/byte-buddy/1.7.10/byte-buddy-1.7.10.pom
[INFO] Downloading from rabbit-milestone: https://dl.bintray.com/rabbitmq/maven-milestones/net/bytebuddy/byte-buddy/1.7.10/byte-buddy-1.7.10.pom
[INFO] Downloading from central: https://repo.maven.apache.org/maven2/net/bytebuddy/byte-buddy/1.7.10/byte-buddy-1.7.10.pom
[INFO] Downloaded from central: https://repo.maven.apache.org/maven2/net/bytebuddy/byte-buddy/1.7.10/byte-buddy-1.7.10.pom (12 kB at 45 kB/s)
[INFO] Downloading from spring-milestone: https://repo.spring.io/milestone/net/bytebuddy/byte-buddy-parent/1.7.10/byte-buddy-parent-1.7.10.pom
[INFO] Downloading from spring-snapshot: https://repo.spring.io/snapshot/net/bytebuddy/byte-buddy-parent/1.7.10/byte-buddy-parent-1.7.10.pom
[INFO] Downloading from rabbit-milestone: https://dl.bintray.com/rabbitmq/maven-milestones/net/bytebuddy/byte-buddy-parent/1.7.10/byte-buddy-parent-1.7.10.pom
[INFO] Downloading from central: https://repo.maven.apache.org/maven2/net/bytebuddy/byte-buddy-parent/1.7.10/byte-buddy-parent-1.7.10.pom
[INFO] Downloaded from central: https://repo.maven.apache.org/maven2/net/bytebuddy/byte-buddy-parent/1.7.10/byte-buddy-parent-1.7.10.pom (26 kB at 94 kB/s)
[INFO] Downloading from spring-milestone: https://repo.spring.io/milestone/net/bytebuddy/byte-buddy-agent/1.7.10/byte-buddy-agent-1.7.10.pom
[INFO] Downloading from spring-snapshot: https://repo.spring.io/snapshot/net/bytebuddy/byte-buddy-agent/1.7.10/byte-buddy-agent-1.7.10.pom
[INFO] Downloading from rabbit-milestone: https://dl.bintray.com/rabbitmq/maven-milestones/net/bytebuddy/byte-buddy-agent/1.7.10/byte-buddy-agent-1.7.10.pom
[INFO] Downloading from central: https://repo.maven.apache.org/maven2/net/bytebuddy/byte-buddy-agent/1.7.10/byte-buddy-agent-1.7.10.pom
[INFO] Downloaded from central: https://repo.maven.apache.org/maven2/net/bytebuddy/byte-buddy-agent/1.7.10/byte-buddy-agent-1.7.10.pom (4.9 kB at 19 kB/s)
[INFO] Downloading from spring-milestone: https://repo.spring.io/milestone/org/objenesis/objenesis/2.6/objenesis-2.6.pom
[INFO] Downloading from spring-snapshot: https://repo.spring.io/snapshot/org/objenesis/objenesis/2.6/objenesis-2.6.pom
[INFO] Downloading from rabbit-milestone: https://dl.bintray.com/rabbitmq/maven-milestones/org/objenesis/objenesis/2.6/objenesis-2.6.pom
[INFO] Downloading from central: https://repo.maven.apache.org/maven2/org/objenesis/objenesis/2.6/objenesis-2.6.pom
[INFO] Downloaded from central: https://repo.maven.apache.org/maven2/org/objenesis/objenesis/2.6/objenesis-2.6.pom (2.8 kB at 11 kB/s)
[INFO] Downloading from spring-milestone: https://repo.spring.io/milestone/org/objenesis/objenesis-parent/2.6/objenesis-parent-2.6.pom
[INFO] Downloading from spring-snapshot: https://repo.spring.io/snapshot/org/objenesis/objenesis-parent/2.6/objenesis-parent-2.6.pom
[INFO] Downloading from rabbit-milestone: https://dl.bintray.com/rabbitmq/maven-milestones/org/objenesis/objenesis-parent/2.6/objenesis-parent-2.6.pom
[INFO] Downloading from central: https://repo.maven.apache.org/maven2/org/objenesis/objenesis-parent/2.6/objenesis-parent-2.6.pom
[INFO] Downloaded from central: https://repo.maven.apache.org/maven2/org/objenesis/objenesis-parent/2.6/objenesis-parent-2.6.pom (17 kB at 62 kB/s)
[INFO] Downloading from spring-milestone: https://repo.spring.io/milestone/org/hamcrest/hamcrest-library/1.3/hamcrest-library-1.3.pom
[INFO] Downloading from spring-snapshot: https://repo.spring.io/snapshot/org/hamcrest/hamcrest-library/1.3/hamcrest-library-1.3.pom
[INFO] Downloading from rabbit-milestone: https://dl.bintray.com/rabbitmq/maven-milestones/org/hamcrest/hamcrest-library/1.3/hamcrest-library-1.3.pom
[INFO] Downloading from central: https://repo.maven.apache.org/maven2/org/hamcrest/hamcrest-library/1.3/hamcrest-library-1.3.pom
[INFO] Downloaded from central: https://repo.maven.apache.org/maven2/org/hamcrest/hamcrest-library/1.3/hamcrest-library-1.3.pom (820 B at 3.1 kB/s)
[INFO] Downloading from spring-milestone: https://repo.spring.io/milestone/org/skyscreamer/jsonassert/1.5.0/jsonassert-1.5.0.pom
[INFO] Downloading from spring-snapshot: https://repo.spring.io/snapshot/org/skyscreamer/jsonassert/1.5.0/jsonassert-1.5.0.pom
[INFO] Downloading from rabbit-milestone: https://dl.bintray.com/rabbitmq/maven-milestones/org/skyscreamer/jsonassert/1.5.0/jsonassert-1.5.0.pom
[INFO] Downloading from central: https://repo.maven.apache.org/maven2/org/skyscreamer/jsonassert/1.5.0/jsonassert-1.5.0.pom
[INFO] Downloaded from central: https://repo.maven.apache.org/maven2/org/skyscreamer/jsonassert/1.5.0/jsonassert-1.5.0.pom (5.2 kB at 19 kB/s)
[INFO] Downloading from spring-milestone: https://repo.spring.io/milestone/com/vaadin/external/google/android-json/0.0.20131108.vaadin1/android-json-0.0.20131108.vaadin1.pom
[INFO] Downloading from spring-snapshot: https://repo.spring.io/snapshot/com/vaadin/external/google/android-json/0.0.20131108.vaadin1/android-json-0.0.20131108.vaadin1.pom
[INFO] Downloading from rabbit-milestone: https://dl.bintray.com/rabbitmq/maven-milestones/com/vaadin/external/google/android-json/0.0.20131108.vaadin1/android-json-0.0.20131108.vaadin1.pom
[INFO] Downloading from central: https://repo.maven.apache.org/maven2/com/vaadin/external/google/android-json/0.0.20131108.vaadin1/android-json-0.0.20131108.vaadin1.pom
[INFO] Downloaded from central: https://repo.maven.apache.org/maven2/com/vaadin/external/google/android-json/0.0.20131108.vaadin1/android-json-0.0.20131108.vaadin1.pom (2.8 kB at 10 kB/s)
[INFO] Downloading from spring-milestone: https://repo.spring.io/milestone/org/springframework/spring-test/5.0.4.RELEASE/spring-test-5.0.4.RELEASE.pom
[INFO] Downloading from spring-snapshot: https://repo.spring.io/snapshot/org/springframework/spring-test/5.0.4.RELEASE/spring-test-5.0.4.RELEASE.pom
[INFO] Downloading from rabbit-milestone: https://dl.bintray.com/rabbitmq/maven-milestones/org/springframework/spring-test/5.0.4.RELEASE/spring-test-5.0.4.RELEASE.pom
[INFO] Downloading from central: https://repo.maven.apache.org/maven2/org/springframework/spring-test/5.0.4.RELEASE/spring-test-5.0.4.RELEASE.pom
[INFO] Downloaded from central: https://repo.maven.apache.org/maven2/org/springframework/spring-test/5.0.4.RELEASE/spring-test-5.0.4.RELEASE.pom (16 kB at 60 kB/s)
[INFO] Downloading from spring-milestone: https://repo.spring.io/milestone/org/xmlunit/xmlunit-core/2.5.1/xmlunit-core-2.5.1.pom
[INFO] Downloading from spring-snapshot: https://repo.spring.io/snapshot/org/xmlunit/xmlunit-core/2.5.1/xmlunit-core-2.5.1.pom
[INFO] Downloading from rabbit-milestone: https://dl.bintray.com/rabbitmq/maven-milestones/org/xmlunit/xmlunit-core/2.5.1/xmlunit-core-2.5.1.pom
[INFO] Downloading from central: https://repo.maven.apache.org/maven2/org/xmlunit/xmlunit-core/2.5.1/xmlunit-core-2.5.1.pom
[INFO] Downloaded from central: https://repo.maven.apache.org/maven2/org/xmlunit/xmlunit-core/2.5.1/xmlunit-core-2.5.1.pom (1.8 kB at 6.9 kB/s)
[INFO] Downloading from spring-milestone: https://repo.spring.io/milestone/org/xmlunit/xmlunit-parent/2.5.1/xmlunit-parent-2.5.1.pom
[INFO] Downloading from spring-snapshot: https://repo.spring.io/snapshot/org/xmlunit/xmlunit-parent/2.5.1/xmlunit-parent-2.5.1.pom
[INFO] Downloading from rabbit-milestone: https://dl.bintray.com/rabbitmq/maven-milestones/org/xmlunit/xmlunit-parent/2.5.1/xmlunit-parent-2.5.1.pom
[INFO] Downloading from central: https://repo.maven.apache.org/maven2/org/xmlunit/xmlunit-parent/2.5.1/xmlunit-parent-2.5.1.pom
[INFO] Downloaded from central: https://repo.maven.apache.org/maven2/org/xmlunit/xmlunit-parent/2.5.1/xmlunit-parent-2.5.1.pom (16 kB at 59 kB/s)
[INFO] Downloading from spring-milestone: https://repo.spring.io/milestone/com/alibaba/fastjson/1.2.83/fastjson-1.2.83.pom
[INFO] Downloading from spring-snapshot: https://repo.spring.io/snapshot/com/alibaba/fastjson/1.2.83/fastjson-1.2.83.pom
[INFO] Downloading from rabbit-milestone: https://dl.bintray.com/rabbitmq/maven-milestones/com/alibaba/fastjson/1.2.83/fastjson-1.2.83.pom
[INFO] Downloading from central: https://repo.maven.apache.org/maven2/com/alibaba/fastjson/1.2.83/fastjson-1.2.83.pom
[INFO] Downloaded from central: https://repo.maven.apache.org/maven2/com/alibaba/fastjson/1.2.83/fastjson-1.2.83.pom (11 kB at 40 kB/s)
[INFO] Downloading from spring-milestone: https://repo.spring.io/milestone/mysql/mysql-connector-java/8.0.33/mysql-connector-java-8.0.33.pom
[INFO] Downloading from spring-snapshot: https://repo.spring.io/snapshot/mysql/mysql-connector-java/8.0.33/mysql-connector-java-8.0.33.pom
[INFO] Downloading from rabbit-milestone: https://dl.bintray.com/rabbitmq/maven-milestones/mysql/mysql-connector-java/8.0.33/mysql-connector-java-8.0.33.pom
[INFO] Downloading from central: https://repo.maven.apache.org/maven2/mysql/mysql-connector-java/8.0.33/mysql-connector-java-8.0.33.pom
[INFO] Downloaded from central: https://repo.maven.apache.org/maven2/mysql/mysql-connector-java/8.0.33/mysql-connector-java-8.0.33.pom (2.1 kB at 8.0 kB/s)
[INFO] Downloading from spring-milestone: https://repo.spring.io/milestone/com/mysql/mysql-connector-j/8.0.33/mysql-connector-j-8.0.33.pom
[INFO] Downloading from spring-snapshot: https://repo.spring.io/snapshot/com/mysql/mysql-connector-j/8.0.33/mysql-connector-j-8.0.33.pom
[INFO] Downloading from rabbit-milestone: https://dl.bintray.com/rabbitmq/maven-milestones/com/mysql/mysql-connector-j/8.0.33/mysql-connector-j-8.0.33.pom
[INFO] Downloading from central: https://repo.maven.apache.org/maven2/com/mysql/mysql-connector-j/8.0.33/mysql-connector-j-8.0.33.pom
[INFO] Downloaded from central: https://repo.maven.apache.org/maven2/com/mysql/mysql-connector-j/8.0.33/mysql-connector-j-8.0.33.pom (3.2 kB at 12 kB/s)
[INFO] Downloading from spring-milestone: https://repo.spring.io/milestone/com/google/protobuf/protobuf-java/3.21.9/protobuf-java-3.21.9.pom
[INFO] Downloading from spring-snapshot: https://repo.spring.io/snapshot/com/google/protobuf/protobuf-java/3.21.9/protobuf-java-3.21.9.pom
[INFO] Downloading from rabbit-milestone: https://dl.bintray.com/rabbitmq/maven-milestones/com/google/protobuf/protobuf-java/3.21.9/protobuf-java-3.21.9.pom
[INFO] Downloading from central: https://repo.maven.apache.org/maven2/com/google/protobuf/protobuf-java/3.21.9/protobuf-java-3.21.9.pom
[INFO] Downloaded from central: https://repo.maven.apache.org/maven2/com/google/protobuf/protobuf-java/3.21.9/protobuf-java-3.21.9.pom (5.4 kB at 20 kB/s)
[INFO] Downloading from spring-milestone: https://repo.spring.io/milestone/com/google/protobuf/protobuf-parent/3.21.9/protobuf-parent-3.21.9.pom
[INFO] Downloading from spring-snapshot: https://repo.spring.io/snapshot/com/google/protobuf/protobuf-parent/3.21.9/protobuf-parent-3.21.9.pom
[INFO] Downloading from rabbit-milestone: https://dl.bintray.com/rabbitmq/maven-milestones/com/google/protobuf/protobuf-parent/3.21.9/protobuf-parent-3.21.9.pom
[INFO] Downloading from central: https://repo.maven.apache.org/maven2/com/google/protobuf/protobuf-parent/3.21.9/protobuf-parent-3.21.9.pom
[INFO] Downloaded from central: https://repo.maven.apache.org/maven2/com/google/protobuf/protobuf-parent/3.21.9/protobuf-parent-3.21.9.pom (9.0 kB at 33 kB/s)
[INFO] Downloading from spring-milestone: https://repo.spring.io/milestone/com/google/protobuf/protobuf-bom/3.21.9/protobuf-bom-3.21.9.pom
[INFO] Downloading from spring-snapshot: https://repo.spring.io/snapshot/com/google/protobuf/protobuf-bom/3.21.9/protobuf-bom-3.21.9.pom
[INFO] Downloading from rabbit-milestone: https://dl.bintray.com/rabbitmq/maven-milestones/com/google/protobuf/protobuf-bom/3.21.9/protobuf-bom-3.21.9.pom
[INFO] Downloading from central: https://repo.maven.apache.org/maven2/com/google/protobuf/protobuf-bom/3.21.9/protobuf-bom-3.21.9.pom
[INFO] Downloaded from central: https://repo.maven.apache.org/maven2/com/google/protobuf/protobuf-bom/3.21.9/protobuf-bom-3.21.9.pom (3.5 kB at 13 kB/s)
[INFO] Downloading from spring-milestone: https://repo.spring.io/milestone/org/apache/httpcomponents/httpclient/4.5.2/httpclient-4.5.2.pom
[INFO] Downloading from spring-snapshot: https://repo.spring.io/snapshot/org/apache/httpcomponents/httpclient/4.5.2/httpclient-4.5.2.pom
[INFO] Downloading from rabbit-milestone: https://dl.bintray.com/rabbitmq/maven-milestones/org/apache/httpcomponents/httpclient/4.5.2/httpclient-4.5.2.pom
[INFO] Downloading from central: https://repo.maven.apache.org/maven2/org/apache/httpcomponents/httpclient/4.5.2/httpclient-4.5.2.pom
[INFO] Downloaded from central: https://repo.maven.apache.org/maven2/org/apache/httpcomponents/httpclient/4.5.2/httpclient-4.5.2.pom (6.4 kB at 25 kB/s)
[INFO] Downloading from spring-milestone: https://repo.spring.io/milestone/org/apache/httpcomponents/httpcomponents-client/4.5.2/httpcomponents-client-4.5.2.pom
[INFO] Downloading from spring-snapshot: https://repo.spring.io/snapshot/org/apache/httpcomponents/httpcomponents-client/4.5.2/httpcomponents-client-4.5.2.pom
[INFO] Downloading from rabbit-milestone: https://dl.bintray.com/rabbitmq/maven-milestones/org/apache/httpcomponents/httpcomponents-client/4.5.2/httpcomponents-client-4.5.2.pom
[INFO] Downloading from central: https://repo.maven.apache.org/maven2/org/apache/httpcomponents/httpcomponents-client/4.5.2/httpcomponents-client-4.5.2.pom
[INFO] Downloaded from central: https://repo.maven.apache.org/maven2/org/apache/httpcomponents/httpcomponents-client/4.5.2/httpcomponents-client-4.5.2.pom (16 kB at 57 kB/s)
[INFO] Downloading from spring-milestone: https://repo.spring.io/milestone/org/apache/httpcomponents/project/7/project-7.pom
[INFO] Downloading from spring-snapshot: https://repo.spring.io/snapshot/org/apache/httpcomponents/project/7/project-7.pom
[INFO] Downloading from rabbit-milestone: https://dl.bintray.com/rabbitmq/maven-milestones/org/apache/httpcomponents/project/7/project-7.pom
[INFO] Downloading from central: https://repo.maven.apache.org/maven2/org/apache/httpcomponents/project/7/project-7.pom
[INFO] Downloaded from central: https://repo.maven.apache.org/maven2/org/apache/httpcomponents/project/7/project-7.pom (27 kB at 99 kB/s)
[INFO] Downloading from spring-milestone: https://repo.spring.io/milestone/org/apache/apache/13/apache-13.pom
[INFO] Downloading from spring-snapshot: https://repo.spring.io/snapshot/org/apache/apache/13/apache-13.pom
[INFO] Downloading from rabbit-milestone: https://dl.bintray.com/rabbitmq/maven-milestones/org/apache/apache/13/apache-13.pom
[INFO] Downloading from central: https://repo.maven.apache.org/maven2/org/apache/apache/13/apache-13.pom
[INFO] Downloaded from central: https://repo.maven.apache.org/maven2/org/apache/apache/13/apache-13.pom (14 kB at 53 kB/s)
[INFO] Downloading from spring-milestone: https://repo.spring.io/milestone/org/apache/httpcomponents/httpcore/4.4.9/httpcore-4.4.9.pom
[INFO] Downloading from spring-snapshot: https://repo.spring.io/snapshot/org/apache/httpcomponents/httpcore/4.4.9/httpcore-4.4.9.pom
[INFO] Downloading from rabbit-milestone: https://dl.bintray.com/rabbitmq/maven-milestones/org/apache/httpcomponents/httpcore/4.4.9/httpcore-4.4.9.pom
[INFO] Downloading from central: https://repo.maven.apache.org/maven2/org/apache/httpcomponents/httpcore/4.4.9/httpcore-4.4.9.pom
[INFO] Downloaded from central: https://repo.maven.apache.org/maven2/org/apache/httpcomponents/httpcore/4.4.9/httpcore-4.4.9.pom (5.1 kB at 20 kB/s)
[INFO] Downloading from spring-milestone: https://repo.spring.io/milestone/org/apache/httpcomponents/httpcomponents-core/4.4.9/httpcomponents-core-4.4.9.pom
[INFO] Downloading from spring-snapshot: https://repo.spring.io/snapshot/org/apache/httpcomponents/httpcomponents-core/4.4.9/httpcomponents-core-4.4.9.pom
[INFO] Downloading from rabbit-milestone: https://dl.bintray.com/rabbitmq/maven-milestones/org/apache/httpcomponents/httpcomponents-core/4.4.9/httpcomponents-core-4.4.9.pom
[INFO] Downloading from central: https://repo.maven.apache.org/maven2/org/apache/httpcomponents/httpcomponents-core/4.4.9/httpcomponents-core-4.4.9.pom
[INFO] Downloaded from central: https://repo.maven.apache.org/maven2/org/apache/httpcomponents/httpcomponents-core/4.4.9/httpcomponents-core-4.4.9.pom (13 kB at 49 kB/s)
[INFO] Downloading from spring-milestone: https://repo.spring.io/milestone/org/apache/httpcomponents/httpcomponents-parent/9/httpcomponents-parent-9.pom
[INFO] Downloading from spring-snapshot: https://repo.spring.io/snapshot/org/apache/httpcomponents/httpcomponents-parent/9/httpcomponents-parent-9.pom
[INFO] Downloading from rabbit-milestone: https://dl.bintray.com/rabbitmq/maven-milestones/org/apache/httpcomponents/httpcomponents-parent/9/httpcomponents-parent-9.pom
[INFO] Downloading from central: https://repo.maven.apache.org/maven2/org/apache/httpcomponents/httpcomponents-parent/9/httpcomponents-parent-9.pom
[INFO] Downloaded from central: https://repo.maven.apache.org/maven2/org/apache/httpcomponents/httpcomponents-parent/9/httpcomponents-parent-9.pom (34 kB at 123 kB/s)
[INFO] Downloading from spring-milestone: https://repo.spring.io/milestone/commons-codec/commons-codec/1.11/commons-codec-1.11.pom
[INFO] Downloading from spring-snapshot: https://repo.spring.io/snapshot/commons-codec/commons-codec/1.11/commons-codec-1.11.pom
[INFO] Downloading from rabbit-milestone: https://dl.bintray.com/rabbitmq/maven-milestones/commons-codec/commons-codec/1.11/commons-codec-1.11.pom
[INFO] Downloading from central: https://repo.maven.apache.org/maven2/commons-codec/commons-codec/1.11/commons-codec-1.11.pom
[INFO] Downloaded from central: https://repo.maven.apache.org/maven2/commons-codec/commons-codec/1.11/commons-codec-1.11.pom (14 kB at 52 kB/s)
[INFO] Downloading from spring-milestone: https://repo.spring.io/milestone/org/apache/commons/commons-parent/42/commons-parent-42.pom
[INFO] Downloading from spring-snapshot: https://repo.spring.io/snapshot/org/apache/commons/commons-parent/42/commons-parent-42.pom
[INFO] Downloading from rabbit-milestone: https://dl.bintray.com/rabbitmq/maven-milestones/org/apache/commons/commons-parent/42/commons-parent-42.pom
[INFO] Downloading from central: https://repo.maven.apache.org/maven2/org/apache/commons/commons-parent/42/commons-parent-42.pom
[INFO] Downloaded from central: https://repo.maven.apache.org/maven2/org/apache/commons/commons-parent/42/commons-parent-42.pom (68 kB at 244 kB/s)
[INFO] Downloading from spring-milestone: https://repo.spring.io/milestone/net/sourceforge/jexcelapi/jxl/2.6.12/jxl-2.6.12.pom
[INFO] Downloading from spring-snapshot: https://repo.spring.io/snapshot/net/sourceforge/jexcelapi/jxl/2.6.12/jxl-2.6.12.pom
[INFO] Downloading from rabbit-milestone: https://dl.bintray.com/rabbitmq/maven-milestones/net/sourceforge/jexcelapi/jxl/2.6.12/jxl-2.6.12.pom
[INFO] Downloading from central: https://repo.maven.apache.org/maven2/net/sourceforge/jexcelapi/jxl/2.6.12/jxl-2.6.12.pom
[INFO] Downloaded from central: https://repo.maven.apache.org/maven2/net/sourceforge/jexcelapi/jxl/2.6.12/jxl-2.6.12.pom (1.6 kB at 6.1 kB/s)
[INFO] Downloading from spring-milestone: https://repo.spring.io/milestone/log4j/log4j/1.2.14/log4j-1.2.14.pom
[INFO] Downloading from spring-snapshot: https://repo.spring.io/snapshot/log4j/log4j/1.2.14/log4j-1.2.14.pom
[INFO] Downloading from rabbit-milestone: https://dl.bintray.com/rabbitmq/maven-milestones/log4j/log4j/1.2.14/log4j-1.2.14.pom
[INFO] Downloading from central: https://repo.maven.apache.org/maven2/log4j/log4j/1.2.14/log4j-1.2.14.pom
[INFO] Downloaded from central: https://repo.maven.apache.org/maven2/log4j/log4j/1.2.14/log4j-1.2.14.pom (2.4 kB at 9.2 kB/s)
[INFO] Downloading from spring-milestone: https://repo.spring.io/milestone/org/projectlombok/lombok/1.18.12/lombok-1.18.12.pom
[INFO] Downloading from spring-snapshot: https://repo.spring.io/snapshot/org/projectlombok/lombok/1.18.12/lombok-1.18.12.pom
[INFO] Downloading from rabbit-milestone: https://dl.bintray.com/rabbitmq/maven-milestones/org/projectlombok/lombok/1.18.12/lombok-1.18.12.pom
[INFO] Downloading from central: https://repo.maven.apache.org/maven2/org/projectlombok/lombok/1.18.12/lombok-1.18.12.pom
[INFO] Downloaded from central: https://repo.maven.apache.org/maven2/org/projectlombok/lombok/1.18.12/lombok-1.18.12.pom (1.5 kB at 5.7 kB/s)
[INFO] Downloading from spring-milestone: https://repo.spring.io/milestone/org/apache/logging/log4j/log4j-to-slf4j/2.15.0/log4j-to-slf4j-2.15.0.pom
[INFO] Downloading from spring-snapshot: https://repo.spring.io/snapshot/org/apache/logging/log4j/log4j-to-slf4j/2.15.0/log4j-to-slf4j-2.15.0.pom
[INFO] Downloading from rabbit-milestone: https://dl.bintray.com/rabbitmq/maven-milestones/org/apache/logging/log4j/log4j-to-slf4j/2.15.0/log4j-to-slf4j-2.15.0.pom
[INFO] Downloading from central: https://repo.maven.apache.org/maven2/org/apache/logging/log4j/log4j-to-slf4j/2.15.0/log4j-to-slf4j-2.15.0.pom
[INFO] Downloaded from central: https://repo.maven.apache.org/maven2/org/apache/logging/log4j/log4j-to-slf4j/2.15.0/log4j-to-slf4j-2.15.0.pom (7.0 kB at 27 kB/s)
[INFO] Downloading from spring-milestone: https://repo.spring.io/milestone/org/apache/logging/log4j/log4j/2.15.0/log4j-2.15.0.pom
[INFO] Downloading from spring-snapshot: https://repo.spring.io/snapshot/org/apache/logging/log4j/log4j/2.15.0/log4j-2.15.0.pom
[INFO] Downloading from rabbit-milestone: https://dl.bintray.com/rabbitmq/maven-milestones/org/apache/logging/log4j/log4j/2.15.0/log4j-2.15.0.pom
[INFO] Downloading from central: https://repo.maven.apache.org/maven2/org/apache/logging/log4j/log4j/2.15.0/log4j-2.15.0.pom
[INFO] Downloaded from central: https://repo.maven.apache.org/maven2/org/apache/logging/log4j/log4j/2.15.0/log4j-2.15.0.pom (69 kB at 250 kB/s)
[INFO] Downloading from spring-milestone: https://repo.spring.io/milestone/org/apache/logging/logging-parent/3/logging-parent-3.pom
[INFO] Downloading from spring-snapshot: https://repo.spring.io/snapshot/org/apache/logging/logging-parent/3/logging-parent-3.pom
[INFO] Downloading from rabbit-milestone: https://dl.bintray.com/rabbitmq/maven-milestones/org/apache/logging/logging-parent/3/logging-parent-3.pom
[INFO] Downloading from central: https://repo.maven.apache.org/maven2/org/apache/logging/logging-parent/3/logging-parent-3.pom
[INFO] Downloaded from central: https://repo.maven.apache.org/maven2/org/apache/logging/logging-parent/3/logging-parent-3.pom (3.1 kB at 12 kB/s)
[INFO] Downloading from spring-milestone: https://repo.spring.io/milestone/org/apache/apache/23/apache-23.pom
[INFO] Downloading from spring-snapshot: https://repo.spring.io/snapshot/org/apache/apache/23/apache-23.pom
[INFO] Downloading from rabbit-milestone: https://dl.bintray.com/rabbitmq/maven-milestones/org/apache/apache/23/apache-23.pom
[INFO] Downloading from central: https://repo.maven.apache.org/maven2/org/apache/apache/23/apache-23.pom
[INFO] Downloaded from central: https://repo.maven.apache.org/maven2/org/apache/apache/23/apache-23.pom (18 kB at 68 kB/s)
[INFO] Downloading from spring-milestone: https://repo.spring.io/milestone/com/baomidou/mybatis-plus-boot-starter/3.0.7.1/mybatis-plus-boot-starter-3.0.7.1.pom
[INFO] Downloading from spring-snapshot: https://repo.spring.io/snapshot/com/baomidou/mybatis-plus-boot-starter/3.0.7.1/mybatis-plus-boot-starter-3.0.7.1.pom
[INFO] Downloading from rabbit-milestone: https://dl.bintray.com/rabbitmq/maven-milestones/com/baomidou/mybatis-plus-boot-starter/3.0.7.1/mybatis-plus-boot-starter-3.0.7.1.pom
[INFO] Downloading from central: https://repo.maven.apache.org/maven2/com/baomidou/mybatis-plus-boot-starter/3.0.7.1/mybatis-plus-boot-starter-3.0.7.1.pom
[INFO] Downloaded from central: https://repo.maven.apache.org/maven2/com/baomidou/mybatis-plus-boot-starter/3.0.7.1/mybatis-plus-boot-starter-3.0.7.1.pom (2.5 kB at 9.3 kB/s)
[INFO] Downloading from spring-milestone: https://repo.spring.io/milestone/org/springframework/boot/spring-boot-dependencies/2.1.0.RELEASE/spring-boot-dependencies-2.1.0.RELEASE.pom
[INFO] Downloading from spring-snapshot: https://repo.spring.io/snapshot/org/springframework/boot/spring-boot-dependencies/2.1.0.RELEASE/spring-boot-dependencies-2.1.0.RELEASE.pom
[INFO] Downloading from rabbit-milestone: https://dl.bintray.com/rabbitmq/maven-milestones/org/springframework/boot/spring-boot-dependencies/2.1.0.RELEASE/spring-boot-dependencies-2.1.0.RELEASE.pom
[INFO] Downloading from central: https://repo.maven.apache.org/maven2/org/springframework/boot/spring-boot-dependencies/2.1.0.RELEASE/spring-boot-dependencies-2.1.0.RELEASE.pom
[INFO] Downloaded from central: https://repo.maven.apache.org/maven2/org/springframework/boot/spring-boot-dependencies/2.1.0.RELEASE/spring-boot-dependencies-2.1.0.RELEASE.pom (142 kB at 525 kB/s)
[INFO] Downloading from spring-milestone: https://repo.spring.io/milestone/com/fasterxml/jackson/jackson-bom/2.9.7/jackson-bom-2.9.7.pom
[INFO] Downloading from spring-snapshot: https://repo.spring.io/snapshot/com/fasterxml/jackson/jackson-bom/2.9.7/jackson-bom-2.9.7.pom
[INFO] Downloading from rabbit-milestone: https://dl.bintray.com/rabbitmq/maven-milestones/com/fasterxml/jackson/jackson-bom/2.9.7/jackson-bom-2.9.7.pom
[INFO] Downloading from central: https://repo.maven.apache.org/maven2/com/fasterxml/jackson/jackson-bom/2.9.7/jackson-bom-2.9.7.pom
[INFO] Downloaded from central: https://repo.maven.apache.org/maven2/com/fasterxml/jackson/jackson-bom/2.9.7/jackson-bom-2.9.7.pom (12 kB at 46 kB/s)
[INFO] Downloading from spring-milestone: https://repo.spring.io/milestone/io/netty/netty-bom/4.1.29.Final/netty-bom-4.1.29.Final.pom
[INFO] Downloading from spring-snapshot: https://repo.spring.io/snapshot/io/netty/netty-bom/4.1.29.Final/netty-bom-4.1.29.Final.pom
[INFO] Downloading from rabbit-milestone: https://dl.bintray.com/rabbitmq/maven-milestones/io/netty/netty-bom/4.1.29.Final/netty-bom-4.1.29.Final.pom
[INFO] Downloading from central: https://repo.maven.apache.org/maven2/io/netty/netty-bom/4.1.29.Final/netty-bom-4.1.29.Final.pom
[INFO] Downloaded from central: https://repo.maven.apache.org/maven2/io/netty/netty-bom/4.1.29.Final/netty-bom-4.1.29.Final.pom (7.9 kB at 21 kB/s)
[INFO] Downloading from spring-milestone: https://repo.spring.io/milestone/io/projectreactor/reactor-bom/Californium-SR2/reactor-bom-Californium-SR2.pom
[INFO] Downloading from spring-snapshot: https://repo.spring.io/snapshot/io/projectreactor/reactor-bom/Californium-SR2/reactor-bom-Californium-SR2.pom
[INFO] Downloading from rabbit-milestone: https://dl.bintray.com/rabbitmq/maven-milestones/io/projectreactor/reactor-bom/Californium-SR2/reactor-bom-Californium-SR2.pom
[INFO] Downloading from central: https://repo.maven.apache.org/maven2/io/projectreactor/reactor-bom/Californium-SR2/reactor-bom-Californium-SR2.pom
[INFO] Downloaded from central: https://repo.maven.apache.org/maven2/io/projectreactor/reactor-bom/Californium-SR2/reactor-bom-Californium-SR2.pom (3.6 kB at 14 kB/s)
[INFO] Downloading from spring-milestone: https://repo.spring.io/milestone/org/apache/logging/log4j/log4j-bom/2.11.1/log4j-bom-2.11.1.pom
[INFO] Downloading from spring-snapshot: https://repo.spring.io/snapshot/org/apache/logging/log4j/log4j-bom/2.11.1/log4j-bom-2.11.1.pom
[INFO] Downloading from rabbit-milestone: https://dl.bintray.com/rabbitmq/maven-milestones/org/apache/logging/log4j/log4j-bom/2.11.1/log4j-bom-2.11.1.pom
[INFO] Downloading from central: https://repo.maven.apache.org/maven2/org/apache/logging/log4j/log4j-bom/2.11.1/log4j-bom-2.11.1.pom
[INFO] Downloaded from central: https://repo.maven.apache.org/maven2/org/apache/logging/log4j/log4j-bom/2.11.1/log4j-bom-2.11.1.pom (6.1 kB at 23 kB/s)
[INFO] Downloading from spring-milestone: https://repo.spring.io/milestone/org/eclipse/jetty/jetty-bom/9.4.12.v20180830/jetty-bom-9.4.12.v20180830.pom
[INFO] Downloading from spring-snapshot: https://repo.spring.io/snapshot/org/eclipse/jetty/jetty-bom/9.4.12.v20180830/jetty-bom-9.4.12.v20180830.pom
[INFO] Downloading from rabbit-milestone: https://dl.bintray.com/rabbitmq/maven-milestones/org/eclipse/jetty/jetty-bom/9.4.12.v20180830/jetty-bom-9.4.12.v20180830.pom
[INFO] Downloading from central: https://repo.maven.apache.org/maven2/org/eclipse/jetty/jetty-bom/9.4.12.v20180830/jetty-bom-9.4.12.v20180830.pom
[INFO] Downloaded from central: https://repo.maven.apache.org/maven2/org/eclipse/jetty/jetty-bom/9.4.12.v20180830/jetty-bom-9.4.12.v20180830.pom (18 kB at 66 kB/s)
[INFO] Downloading from spring-milestone: https://repo.spring.io/milestone/org/glassfish/jersey/jersey-bom/2.27/jersey-bom-2.27.pom
[INFO] Downloading from spring-snapshot: https://repo.spring.io/snapshot/org/glassfish/jersey/jersey-bom/2.27/jersey-bom-2.27.pom
[INFO] Downloading from rabbit-milestone: https://dl.bintray.com/rabbitmq/maven-milestones/org/glassfish/jersey/jersey-bom/2.27/jersey-bom-2.27.pom
[INFO] Downloading from central: https://repo.maven.apache.org/maven2/org/glassfish/jersey/jersey-bom/2.27/jersey-bom-2.27.pom
[INFO] Downloaded from central: https://repo.maven.apache.org/maven2/org/glassfish/jersey/jersey-bom/2.27/jersey-bom-2.27.pom (22 kB at 79 kB/s)
[INFO] Downloading from spring-milestone: https://repo.spring.io/milestone/net/java/jvnet-parent/4/jvnet-parent-4.pom
[INFO] Downloading from spring-snapshot: https://repo.spring.io/snapshot/net/java/jvnet-parent/4/jvnet-parent-4.pom
[INFO] Downloading from rabbit-milestone: https://dl.bintray.com/rabbitmq/maven-milestones/net/java/jvnet-parent/4/jvnet-parent-4.pom
[INFO] Downloading from central: https://repo.maven.apache.org/maven2/net/java/jvnet-parent/4/jvnet-parent-4.pom
[INFO] Downloaded from central: https://repo.maven.apache.org/maven2/net/java/jvnet-parent/4/jvnet-parent-4.pom (7.8 kB at 30 kB/s)
[INFO] Downloading from spring-milestone: https://repo.spring.io/milestone/org/junit/junit-bom/5.3.1/junit-bom-5.3.1.pom
[INFO] Downloading from spring-snapshot: https://repo.spring.io/snapshot/org/junit/junit-bom/5.3.1/junit-bom-5.3.1.pom
[INFO] Downloading from rabbit-milestone: https://dl.bintray.com/rabbitmq/maven-milestones/org/junit/junit-bom/5.3.1/junit-bom-5.3.1.pom
[INFO] Downloading from central: https://repo.maven.apache.org/maven2/org/junit/junit-bom/5.3.1/junit-bom-5.3.1.pom
[INFO] Downloaded from central: https://repo.maven.apache.org/maven2/org/junit/junit-bom/5.3.1/junit-bom-5.3.1.pom (4.1 kB at 15 kB/s)
[INFO] Downloading from spring-milestone: https://repo.spring.io/milestone/org/springframework/spring-framework-bom/5.1.2.RELEASE/spring-framework-bom-5.1.2.RELEASE.pom
[INFO] Downloading from spring-snapshot: https://repo.spring.io/snapshot/org/springframework/spring-framework-bom/5.1.2.RELEASE/spring-framework-bom-5.1.2.RELEASE.pom
[INFO] Downloading from rabbit-milestone: https://dl.bintray.com/rabbitmq/maven-milestones/org/springframework/spring-framework-bom/5.1.2.RELEASE/spring-framework-bom-5.1.2.RELEASE.pom
[INFO] Downloading from central: https://repo.maven.apache.org/maven2/org/springframework/spring-framework-bom/5.1.2.RELEASE/spring-framework-bom-5.1.2.RELEASE.pom
[INFO] Downloaded from central: https://repo.maven.apache.org/maven2/org/springframework/spring-framework-bom/5.1.2.RELEASE/spring-framework-bom-5.1.2.RELEASE.pom (5.3 kB at 20 kB/s)
[INFO] Downloading from spring-milestone: https://repo.spring.io/milestone/org/springframework/data/spring-data-releasetrain/Lovelace-SR2/spring-data-releasetrain-Lovelace-SR2.pom
[INFO] Downloading from spring-snapshot: https://repo.spring.io/snapshot/org/springframework/data/spring-data-releasetrain/Lovelace-SR2/spring-data-releasetrain-Lovelace-SR2.pom
[INFO] Downloading from rabbit-milestone: https://dl.bintray.com/rabbitmq/maven-milestones/org/springframework/data/spring-data-releasetrain/Lovelace-SR2/spring-data-releasetrain-Lovelace-SR2.pom
[INFO] Downloading from central: https://repo.maven.apache.org/maven2/org/springframework/data/spring-data-releasetrain/Lovelace-SR2/spring-data-releasetrain-Lovelace-SR2.pom
[INFO] Downloaded from central: https://repo.maven.apache.org/maven2/org/springframework/data/spring-data-releasetrain/Lovelace-SR2/spring-data-releasetrain-Lovelace-SR2.pom (4.6 kB at 18 kB/s)
[INFO] Downloading from spring-milestone: https://repo.spring.io/milestone/org/springframework/data/build/spring-data-build/2.1.2.RELEASE/spring-data-build-2.1.2.RELEASE.pom
[INFO] Downloading from spring-snapshot: https://repo.spring.io/snapshot/org/springframework/data/build/spring-data-build/2.1.2.RELEASE/spring-data-build-2.1.2.RELEASE.pom
[INFO] Downloading from rabbit-milestone: https://dl.bintray.com/rabbitmq/maven-milestones/org/springframework/data/build/spring-data-build/2.1.2.RELEASE/spring-data-build-2.1.2.RELEASE.pom
[INFO] Downloading from central: https://repo.maven.apache.org/maven2/org/springframework/data/build/spring-data-build/2.1.2.RELEASE/spring-data-build-2.1.2.RELEASE.pom
[INFO] Downloaded from central: https://repo.maven.apache.org/maven2/org/springframework/data/build/spring-data-build/2.1.2.RELEASE/spring-data-build-2.1.2.RELEASE.pom (6.6 kB at 25 kB/s)
[INFO] Downloading from spring-milestone: https://repo.spring.io/milestone/org/springframework/integration/spring-integration-bom/5.1.0.RELEASE/spring-integration-bom-5.1.0.RELEASE.pom
[INFO] Downloading from spring-snapshot: https://repo.spring.io/snapshot/org/springframework/integration/spring-integration-bom/5.1.0.RELEASE/spring-integration-bom-5.1.0.RELEASE.pom
[INFO] Downloading from rabbit-milestone: https://dl.bintray.com/rabbitmq/maven-milestones/org/springframework/integration/spring-integration-bom/5.1.0.RELEASE/spring-integration-bom-5.1.0.RELEASE.pom
[INFO] Downloading from central: https://repo.maven.apache.org/maven2/org/springframework/integration/spring-integration-bom/5.1.0.RELEASE/spring-integration-bom-5.1.0.RELEASE.pom
[INFO] Downloaded from central: https://repo.maven.apache.org/maven2/org/springframework/integration/spring-integration-bom/5.1.0.RELEASE/spring-integration-bom-5.1.0.RELEASE.pom (8.7 kB at 33 kB/s)
[INFO] Downloading from spring-milestone: https://repo.spring.io/milestone/org/springframework/security/spring-security-bom/5.1.1.RELEASE/spring-security-bom-5.1.1.RELEASE.pom
[INFO] Downloading from spring-snapshot: https://repo.spring.io/snapshot/org/springframework/security/spring-security-bom/5.1.1.RELEASE/spring-security-bom-5.1.1.RELEASE.pom
[INFO] Downloading from rabbit-milestone: https://dl.bintray.com/rabbitmq/maven-milestones/org/springframework/security/spring-security-bom/5.1.1.RELEASE/spring-security-bom-5.1.1.RELEASE.pom
[INFO] Downloading from central: https://repo.maven.apache.org/maven2/org/springframework/security/spring-security-bom/5.1.1.RELEASE/spring-security-bom-5.1.1.RELEASE.pom
[INFO] Downloaded from central: https://repo.maven.apache.org/maven2/org/springframework/security/spring-security-bom/5.1.1.RELEASE/spring-security-bom-5.1.1.RELEASE.pom (5.0 kB at 19 kB/s)
[INFO] Downloading from spring-milestone: https://repo.spring.io/milestone/org/springframework/session/spring-session-bom/Bean-RELEASE/spring-session-bom-Bean-RELEASE.pom
[INFO] Downloading from spring-snapshot: https://repo.spring.io/snapshot/org/springframework/session/spring-session-bom/Bean-RELEASE/spring-session-bom-Bean-RELEASE.pom
[INFO] Downloading from rabbit-milestone: https://dl.bintray.com/rabbitmq/maven-milestones/org/springframework/session/spring-session-bom/Bean-RELEASE/spring-session-bom-Bean-RELEASE.pom
[INFO] Downloading from central: https://repo.maven.apache.org/maven2/org/springframework/session/spring-session-bom/Bean-RELEASE/spring-session-bom-Bean-RELEASE.pom
[INFO] Downloaded from central: https://repo.maven.apache.org/maven2/org/springframework/session/spring-session-bom/Bean-RELEASE/spring-session-bom-Bean-RELEASE.pom (3.0 kB at 11 kB/s)
[INFO] Downloading from spring-milestone: https://repo.spring.io/milestone/com/baomidou/mybatis-plus/3.0.7.1/mybatis-plus-3.0.7.1.pom
[INFO] Downloading from spring-snapshot: https://repo.spring.io/snapshot/com/baomidou/mybatis-plus/3.0.7.1/mybatis-plus-3.0.7.1.pom
[INFO] Downloading from rabbit-milestone: https://dl.bintray.com/rabbitmq/maven-milestones/com/baomidou/mybatis-plus/3.0.7.1/mybatis-plus-3.0.7.1.pom
[INFO] Downloading from central: https://repo.maven.apache.org/maven2/com/baomidou/mybatis-plus/3.0.7.1/mybatis-plus-3.0.7.1.pom
[INFO] Downloaded from central: https://repo.maven.apache.org/maven2/com/baomidou/mybatis-plus/3.0.7.1/mybatis-plus-3.0.7.1.pom (1.8 kB at 6.8 kB/s)
[INFO] Downloading from spring-milestone: https://repo.spring.io/milestone/com/baomidou/mybatis-plus-extension/3.0.7.1/mybatis-plus-extension-3.0.7.1.pom
[INFO] Downloading from spring-snapshot: https://repo.spring.io/snapshot/com/baomidou/mybatis-plus-extension/3.0.7.1/mybatis-plus-extension-3.0.7.1.pom
[INFO] Downloading from rabbit-milestone: https://dl.bintray.com/rabbitmq/maven-milestones/com/baomidou/mybatis-plus-extension/3.0.7.1/mybatis-plus-extension-3.0.7.1.pom
[INFO] Downloading from central: https://repo.maven.apache.org/maven2/com/baomidou/mybatis-plus-extension/3.0.7.1/mybatis-plus-extension-3.0.7.1.pom
[INFO] Downloaded from central: https://repo.maven.apache.org/maven2/com/baomidou/mybatis-plus-extension/3.0.7.1/mybatis-plus-extension-3.0.7.1.pom (3.1 kB at 12 kB/s)
[INFO] Downloading from spring-milestone: https://repo.spring.io/milestone/com/baomidou/mybatis-plus-core/3.0.7.1/mybatis-plus-core-3.0.7.1.pom
[INFO] Downloading from spring-snapshot: https://repo.spring.io/snapshot/com/baomidou/mybatis-plus-core/3.0.7.1/mybatis-plus-core-3.0.7.1.pom
[INFO] Downloading from rabbit-milestone: https://dl.bintray.com/rabbitmq/maven-milestones/com/baomidou/mybatis-plus-core/3.0.7.1/mybatis-plus-core-3.0.7.1.pom
[INFO] Downloading from central: https://repo.maven.apache.org/maven2/com/baomidou/mybatis-plus-core/3.0.7.1/mybatis-plus-core-3.0.7.1.pom
[INFO] Downloaded from central: https://repo.maven.apache.org/maven2/com/baomidou/mybatis-plus-core/3.0.7.1/mybatis-plus-core-3.0.7.1.pom (2.4 kB at 9.0 kB/s)
[INFO] Downloading from spring-milestone: https://repo.spring.io/milestone/com/baomidou/mybatis-plus-annotation/3.0.7.1/mybatis-plus-annotation-3.0.7.1.pom
[INFO] Downloading from spring-snapshot: https://repo.spring.io/snapshot/com/baomidou/mybatis-plus-annotation/3.0.7.1/mybatis-plus-annotation-3.0.7.1.pom
[INFO] Downloading from rabbit-milestone: https://dl.bintray.com/rabbitmq/maven-milestones/com/baomidou/mybatis-plus-annotation/3.0.7.1/mybatis-plus-annotation-3.0.7.1.pom
[INFO] Downloading from central: https://repo.maven.apache.org/maven2/com/baomidou/mybatis-plus-annotation/3.0.7.1/mybatis-plus-annotation-3.0.7.1.pom
[INFO] Downloaded from central: https://repo.maven.apache.org/maven2/com/baomidou/mybatis-plus-annotation/3.0.7.1/mybatis-plus-annotation-3.0.7.1.pom (1.4 kB at 2.5 kB/s)
[INFO] Downloading from spring-milestone: https://repo.spring.io/milestone/org/mybatis/mybatis/3.4.6/mybatis-3.4.6.pom
[INFO] Downloading from spring-snapshot: https://repo.spring.io/snapshot/org/mybatis/mybatis/3.4.6/mybatis-3.4.6.pom
[INFO] Downloading from rabbit-milestone: https://dl.bintray.com/rabbitmq/maven-milestones/org/mybatis/mybatis/3.4.6/mybatis-3.4.6.pom
[INFO] Downloading from central: https://repo.maven.apache.org/maven2/org/mybatis/mybatis/3.4.6/mybatis-3.4.6.pom
[INFO] Downloaded from central: https://repo.maven.apache.org/maven2/org/mybatis/mybatis/3.4.6/mybatis-3.4.6.pom (15 kB at 54 kB/s)
[INFO] Downloading from spring-milestone: https://repo.spring.io/milestone/org/mybatis/mybatis-parent/29/mybatis-parent-29.pom
[INFO] Downloading from spring-snapshot: https://repo.spring.io/snapshot/org/mybatis/mybatis-parent/29/mybatis-parent-29.pom
[INFO] Downloading from rabbit-milestone: https://dl.bintray.com/rabbitmq/maven-milestones/org/mybatis/mybatis-parent/29/mybatis-parent-29.pom
[INFO] Downloading from central: https://repo.maven.apache.org/maven2/org/mybatis/mybatis-parent/29/mybatis-parent-29.pom
[INFO] Downloaded from central: https://repo.maven.apache.org/maven2/org/mybatis/mybatis-parent/29/mybatis-parent-29.pom (38 kB at 139 kB/s)
[INFO] Downloading from spring-milestone: https://repo.spring.io/milestone/com/github/jsqlparser/jsqlparser/1.3/jsqlparser-1.3.pom
[INFO] Downloading from spring-snapshot: https://repo.spring.io/snapshot/com/github/jsqlparser/jsqlparser/1.3/jsqlparser-1.3.pom
[INFO] Downloading from rabbit-milestone: https://dl.bintray.com/rabbitmq/maven-milestones/com/github/jsqlparser/jsqlparser/1.3/jsqlparser-1.3.pom
[INFO] Downloading from central: https://repo.maven.apache.org/maven2/com/github/jsqlparser/jsqlparser/1.3/jsqlparser-1.3.pom
[INFO] Downloaded from central: https://repo.maven.apache.org/maven2/com/github/jsqlparser/jsqlparser/1.3/jsqlparser-1.3.pom (18 kB at 67 kB/s)
[INFO] Downloading from spring-milestone: https://repo.spring.io/milestone/org/mybatis/mybatis-spring/1.3.2/mybatis-spring-1.3.2.pom
[INFO] Downloading from spring-snapshot: https://repo.spring.io/snapshot/org/mybatis/mybatis-spring/1.3.2/mybatis-spring-1.3.2.pom
[INFO] Downloading from rabbit-milestone: https://dl.bintray.com/rabbitmq/maven-milestones/org/mybatis/mybatis-spring/1.3.2/mybatis-spring-1.3.2.pom
[INFO] Downloading from central: https://repo.maven.apache.org/maven2/org/mybatis/mybatis-spring/1.3.2/mybatis-spring-1.3.2.pom
[INFO] Downloaded from central: https://repo.maven.apache.org/maven2/org/mybatis/mybatis-spring/1.3.2/mybatis-spring-1.3.2.pom (9.8 kB at 36 kB/s)
[INFO] Downloading from spring-milestone: https://repo.spring.io/milestone/org/springframework/boot/spring-boot-starter-jdbc/2.0.0.RELEASE/spring-boot-starter-jdbc-2.0.0.RELEASE.pom
[INFO] Downloading from spring-snapshot: https://repo.spring.io/snapshot/org/springframework/boot/spring-boot-starter-jdbc/2.0.0.RELEASE/spring-boot-starter-jdbc-2.0.0.RELEASE.pom
[INFO] Downloading from rabbit-milestone: https://dl.bintray.com/rabbitmq/maven-milestones/org/springframework/boot/spring-boot-starter-jdbc/2.0.0.RELEASE/spring-boot-starter-jdbc-2.0.0.RELEASE.pom
[INFO] Downloading from central: https://repo.maven.apache.org/maven2/org/springframework/boot/spring-boot-starter-jdbc/2.0.0.RELEASE/spring-boot-starter-jdbc-2.0.0.RELEASE.pom
[INFO] Downloaded from central: https://repo.maven.apache.org/maven2/org/springframework/boot/spring-boot-starter-jdbc/2.0.0.RELEASE/spring-boot-starter-jdbc-2.0.0.RELEASE.pom (2.5 kB at 9.5 kB/s)
[INFO] Downloading from spring-milestone: https://repo.spring.io/milestone/com/zaxxer/HikariCP/2.7.8/HikariCP-2.7.8.pom
[INFO] Downloading from spring-snapshot: https://repo.spring.io/snapshot/com/zaxxer/HikariCP/2.7.8/HikariCP-2.7.8.pom
[INFO] Downloading from rabbit-milestone: https://dl.bintray.com/rabbitmq/maven-milestones/com/zaxxer/HikariCP/2.7.8/HikariCP-2.7.8.pom
[INFO] Downloading from central: https://repo.maven.apache.org/maven2/com/zaxxer/HikariCP/2.7.8/HikariCP-2.7.8.pom
[INFO] Downloaded from central: https://repo.maven.apache.org/maven2/com/zaxxer/HikariCP/2.7.8/HikariCP-2.7.8.pom (19 kB at 73 kB/s)
[INFO] Downloading from spring-milestone: https://repo.spring.io/milestone/org/springframework/spring-jdbc/5.0.4.RELEASE/spring-jdbc-5.0.4.RELEASE.pom
[INFO] Downloading from spring-snapshot: https://repo.spring.io/snapshot/org/springframework/spring-jdbc/5.0.4.RELEASE/spring-jdbc-5.0.4.RELEASE.pom
[INFO] Downloading from rabbit-milestone: https://dl.bintray.com/rabbitmq/maven-milestones/org/springframework/spring-jdbc/5.0.4.RELEASE/spring-jdbc-5.0.4.RELEASE.pom
[INFO] Downloading from central: https://repo.maven.apache.org/maven2/org/springframework/spring-jdbc/5.0.4.RELEASE/spring-jdbc-5.0.4.RELEASE.pom
[INFO] Downloaded from central: https://repo.maven.apache.org/maven2/org/springframework/spring-jdbc/5.0.4.RELEASE/spring-jdbc-5.0.4.RELEASE.pom (5.6 kB at 21 kB/s)
[INFO] Downloading from spring-milestone: https://repo.spring.io/milestone/org/springframework/spring-tx/5.0.4.RELEASE/spring-tx-5.0.4.RELEASE.pom
[INFO] Downloading from spring-snapshot: https://repo.spring.io/snapshot/org/springframework/spring-tx/5.0.4.RELEASE/spring-tx-5.0.4.RELEASE.pom
[INFO] Downloading from rabbit-milestone: https://dl.bintray.com/rabbitmq/maven-milestones/org/springframework/spring-tx/5.0.4.RELEASE/spring-tx-5.0.4.RELEASE.pom
[INFO] Downloading from central: https://repo.maven.apache.org/maven2/org/springframework/spring-tx/5.0.4.RELEASE/spring-tx-5.0.4.RELEASE.pom
[INFO] Downloaded from central: https://repo.maven.apache.org/maven2/org/springframework/spring-tx/5.0.4.RELEASE/spring-tx-5.0.4.RELEASE.pom (4.9 kB at 19 kB/s)
[INFO] Downloading from spring-milestone: https://repo.spring.io/milestone/org/springframework/boot/spring-boot-starter-redis/1.4.1.RELEASE/spring-boot-starter-redis-1.4.1.RELEASE.pom
[INFO] Downloading from spring-snapshot: https://repo.spring.io/snapshot/org/springframework/boot/spring-boot-starter-redis/1.4.1.RELEASE/spring-boot-starter-redis-1.4.1.RELEASE.pom
[INFO] Downloading from rabbit-milestone: https://dl.bintray.com/rabbitmq/maven-milestones/org/springframework/boot/spring-boot-starter-redis/1.4.1.RELEASE/spring-boot-starter-redis-1.4.1.RELEASE.pom
[INFO] Downloading from central: https://repo.maven.apache.org/maven2/org/springframework/boot/spring-boot-starter-redis/1.4.1.RELEASE/spring-boot-starter-redis-1.4.1.RELEASE.pom
[INFO] Downloaded from central: https://repo.maven.apache.org/maven2/org/springframework/boot/spring-boot-starter-redis/1.4.1.RELEASE/spring-boot-starter-redis-1.4.1.RELEASE.pom (1.9 kB at 7.1 kB/s)
[INFO] Downloading from spring-milestone: https://repo.spring.io/milestone/org/springframework/boot/spring-boot-starters/1.4.1.RELEASE/spring-boot-starters-1.4.1.RELEASE.pom
[INFO] Downloading from spring-snapshot: https://repo.spring.io/snapshot/org/springframework/boot/spring-boot-starters/1.4.1.RELEASE/spring-boot-starters-1.4.1.RELEASE.pom
[INFO] Downloading from rabbit-milestone: https://dl.bintray.com/rabbitmq/maven-milestones/org/springframework/boot/spring-boot-starters/1.4.1.RELEASE/spring-boot-starters-1.4.1.RELEASE.pom
[INFO] Downloading from central: https://repo.maven.apache.org/maven2/org/springframework/boot/spring-boot-starters/1.4.1.RELEASE/spring-boot-starters-1.4.1.RELEASE.pom
[INFO] Downloaded from central: https://repo.maven.apache.org/maven2/org/springframework/boot/spring-boot-starters/1.4.1.RELEASE/spring-boot-starters-1.4.1.RELEASE.pom (6.6 kB at 25 kB/s)
[INFO] Downloading from spring-milestone: https://repo.spring.io/milestone/org/springframework/boot/spring-boot-parent/1.4.1.RELEASE/spring-boot-parent-1.4.1.RELEASE.pom
[INFO] Downloading from spring-snapshot: https://repo.spring.io/snapshot/org/springframework/boot/spring-boot-parent/1.4.1.RELEASE/spring-boot-parent-1.4.1.RELEASE.pom
[INFO] Downloading from rabbit-milestone: https://dl.bintray.com/rabbitmq/maven-milestones/org/springframework/boot/spring-boot-parent/1.4.1.RELEASE/spring-boot-parent-1.4.1.RELEASE.pom
[INFO] Downloading from central: https://repo.maven.apache.org/maven2/org/springframework/boot/spring-boot-parent/1.4.1.RELEASE/spring-boot-parent-1.4.1.RELEASE.pom
[INFO] Downloaded from central: https://repo.maven.apache.org/maven2/org/springframework/boot/spring-boot-parent/1.4.1.RELEASE/spring-boot-parent-1.4.1.RELEASE.pom (26 kB at 96 kB/s)
[INFO] Downloading from spring-milestone: https://repo.spring.io/milestone/org/springframework/boot/spring-boot-dependencies/1.4.1.RELEASE/spring-boot-dependencies-1.4.1.RELEASE.pom
[INFO] Downloading from spring-snapshot: https://repo.spring.io/snapshot/org/springframework/boot/spring-boot-dependencies/1.4.1.RELEASE/spring-boot-dependencies-1.4.1.RELEASE.pom
[INFO] Downloading from rabbit-milestone: https://dl.bintray.com/rabbitmq/maven-milestones/org/springframework/boot/spring-boot-dependencies/1.4.1.RELEASE/spring-boot-dependencies-1.4.1.RELEASE.pom
[INFO] Downloading from central: https://repo.maven.apache.org/maven2/org/springframework/boot/spring-boot-dependencies/1.4.1.RELEASE/spring-boot-dependencies-1.4.1.RELEASE.pom
[INFO] Downloaded from central: https://repo.maven.apache.org/maven2/org/springframework/boot/spring-boot-dependencies/1.4.1.RELEASE/spring-boot-dependencies-1.4.1.RELEASE.pom (88 kB at 322 kB/s)
[INFO] Downloading from spring-milestone: https://repo.spring.io/milestone/org/springframework/spring-framework-bom/4.3.3.RELEASE/spring-framework-bom-4.3.3.RELEASE.pom
[INFO] Downloading from spring-snapshot: https://repo.spring.io/snapshot/org/springframework/spring-framework-bom/4.3.3.RELEASE/spring-framework-bom-4.3.3.RELEASE.pom
[INFO] Downloading from rabbit-milestone: https://dl.bintray.com/rabbitmq/maven-milestones/org/springframework/spring-framework-bom/4.3.3.RELEASE/spring-framework-bom-4.3.3.RELEASE.pom
[INFO] Downloading from central: https://repo.maven.apache.org/maven2/org/springframework/spring-framework-bom/4.3.3.RELEASE/spring-framework-bom-4.3.3.RELEASE.pom
[INFO] Downloaded from central: https://repo.maven.apache.org/maven2/org/springframework/spring-framework-bom/4.3.3.RELEASE/spring-framework-bom-4.3.3.RELEASE.pom (5.1 kB at 20 kB/s)
[INFO] Downloading from spring-milestone: https://repo.spring.io/milestone/org/springframework/data/spring-data-releasetrain/Hopper-SR3/spring-data-releasetrain-Hopper-SR3.pom
[INFO] Downloading from spring-snapshot: https://repo.spring.io/snapshot/org/springframework/data/spring-data-releasetrain/Hopper-SR3/spring-data-releasetrain-Hopper-SR3.pom
[INFO] Downloading from rabbit-milestone: https://dl.bintray.com/rabbitmq/maven-milestones/org/springframework/data/spring-data-releasetrain/Hopper-SR3/spring-data-releasetrain-Hopper-SR3.pom
[INFO] Downloading from central: https://repo.maven.apache.org/maven2/org/springframework/data/spring-data-releasetrain/Hopper-SR3/spring-data-releasetrain-Hopper-SR3.pom
[INFO] Downloaded from central: https://repo.maven.apache.org/maven2/org/springframework/data/spring-data-releasetrain/Hopper-SR3/spring-data-releasetrain-Hopper-SR3.pom (4.4 kB at 17 kB/s)
[INFO] Downloading from spring-milestone: https://repo.spring.io/milestone/org/springframework/data/build/spring-data-build/1.8.3.RELEASE/spring-data-build-1.8.3.RELEASE.pom
[INFO] Downloading from spring-snapshot: https://repo.spring.io/snapshot/org/springframework/data/build/spring-data-build/1.8.3.RELEASE/spring-data-build-1.8.3.RELEASE.pom
[INFO] Downloading from rabbit-milestone: https://dl.bintray.com/rabbitmq/maven-milestones/org/springframework/data/build/spring-data-build/1.8.3.RELEASE/spring-data-build-1.8.3.RELEASE.pom
[INFO] Downloading from central: https://repo.maven.apache.org/maven2/org/springframework/data/build/spring-data-build/1.8.3.RELEASE/spring-data-build-1.8.3.RELEASE.pom
[INFO] Downloaded from central: https://repo.maven.apache.org/maven2/org/springframework/data/build/spring-data-build/1.8.3.RELEASE/spring-data-build-1.8.3.RELEASE.pom (5.4 kB at 20 kB/s)
[INFO] Downloading from spring-milestone: https://repo.spring.io/milestone/org/springframework/integration/spring-integration-bom/4.3.2.RELEASE/spring-integration-bom-4.3.2.RELEASE.pom
[INFO] Downloading from spring-snapshot: https://repo.spring.io/snapshot/org/springframework/integration/spring-integration-bom/4.3.2.RELEASE/spring-integration-bom-4.3.2.RELEASE.pom
[INFO] Downloading from rabbit-milestone: https://dl.bintray.com/rabbitmq/maven-milestones/org/springframework/integration/spring-integration-bom/4.3.2.RELEASE/spring-integration-bom-4.3.2.RELEASE.pom
[INFO] Downloading from central: https://repo.maven.apache.org/maven2/org/springframework/integration/spring-integration-bom/4.3.2.RELEASE/spring-integration-bom-4.3.2.RELEASE.pom
[INFO] Downloaded from central: https://repo.maven.apache.org/maven2/org/springframework/integration/spring-integration-bom/4.3.2.RELEASE/spring-integration-bom-4.3.2.RELEASE.pom (8.5 kB at 31 kB/s)
[INFO] Downloading from spring-milestone: https://repo.spring.io/milestone/org/springframework/security/spring-security-bom/4.1.3.RELEASE/spring-security-bom-4.1.3.RELEASE.pom
[INFO] Downloading from spring-snapshot: https://repo.spring.io/snapshot/org/springframework/security/spring-security-bom/4.1.3.RELEASE/spring-security-bom-4.1.3.RELEASE.pom
[INFO] Downloading from rabbit-milestone: https://dl.bintray.com/rabbitmq/maven-milestones/org/springframework/security/spring-security-bom/4.1.3.RELEASE/spring-security-bom-4.1.3.RELEASE.pom
[INFO] Downloading from central: https://repo.maven.apache.org/maven2/org/springframework/security/spring-security-bom/4.1.3.RELEASE/spring-security-bom-4.1.3.RELEASE.pom
[INFO] Downloaded from central: https://repo.maven.apache.org/maven2/org/springframework/security/spring-security-bom/4.1.3.RELEASE/spring-security-bom-4.1.3.RELEASE.pom (4.3 kB at 17 kB/s)
[INFO] Downloading from spring-milestone: https://repo.spring.io/milestone/org/springframework/data/spring-data-redis/2.0.5.RELEASE/spring-data-redis-2.0.5.RELEASE.pom
[INFO] Downloading from spring-snapshot: https://repo.spring.io/snapshot/org/springframework/data/spring-data-redis/2.0.5.RELEASE/spring-data-redis-2.0.5.RELEASE.pom
[INFO] Downloading from rabbit-milestone: https://dl.bintray.com/rabbitmq/maven-milestones/org/springframework/data/spring-data-redis/2.0.5.RELEASE/spring-data-redis-2.0.5.RELEASE.pom
[INFO] Downloading from central: https://repo.maven.apache.org/maven2/org/springframework/data/spring-data-redis/2.0.5.RELEASE/spring-data-redis-2.0.5.RELEASE.pom
[INFO] Downloaded from central: https://repo.maven.apache.org/maven2/org/springframework/data/spring-data-redis/2.0.5.RELEASE/spring-data-redis-2.0.5.RELEASE.pom (6.4 kB at 24 kB/s)
[INFO] Downloading from spring-milestone: https://repo.spring.io/milestone/org/springframework/data/build/spring-data-parent/2.0.5.RELEASE/spring-data-parent-2.0.5.RELEASE.pom
[INFO] Downloading from spring-snapshot: https://repo.spring.io/snapshot/org/springframework/data/build/spring-data-parent/2.0.5.RELEASE/spring-data-parent-2.0.5.RELEASE.pom
[INFO] Downloading from rabbit-milestone: https://dl.bintray.com/rabbitmq/maven-milestones/org/springframework/data/build/spring-data-parent/2.0.5.RELEASE/spring-data-parent-2.0.5.RELEASE.pom
[INFO] Downloading from central: https://repo.maven.apache.org/maven2/org/springframework/data/build/spring-data-parent/2.0.5.RELEASE/spring-data-parent-2.0.5.RELEASE.pom
[INFO] Downloaded from central: https://repo.maven.apache.org/maven2/org/springframework/data/build/spring-data-parent/2.0.5.RELEASE/spring-data-parent-2.0.5.RELEASE.pom (27 kB at 99 kB/s)
[INFO] Downloading from spring-milestone: https://repo.spring.io/milestone/org/springframework/data/spring-data-keyvalue/2.0.5.RELEASE/spring-data-keyvalue-2.0.5.RELEASE.pom
[INFO] Downloading from spring-snapshot: https://repo.spring.io/snapshot/org/springframework/data/spring-data-keyvalue/2.0.5.RELEASE/spring-data-keyvalue-2.0.5.RELEASE.pom
[INFO] Downloading from rabbit-milestone: https://dl.bintray.com/rabbitmq/maven-milestones/org/springframework/data/spring-data-keyvalue/2.0.5.RELEASE/spring-data-keyvalue-2.0.5.RELEASE.pom
[INFO] Downloading from central: https://repo.maven.apache.org/maven2/org/springframework/data/spring-data-keyvalue/2.0.5.RELEASE/spring-data-keyvalue-2.0.5.RELEASE.pom
[INFO] Downloaded from central: https://repo.maven.apache.org/maven2/org/springframework/data/spring-data-keyvalue/2.0.5.RELEASE/spring-data-keyvalue-2.0.5.RELEASE.pom (3.6 kB at 14 kB/s)
[INFO] Downloading from spring-milestone: https://repo.spring.io/milestone/org/springframework/data/spring-data-commons/2.0.5.RELEASE/spring-data-commons-2.0.5.RELEASE.pom
[INFO] Downloading from spring-snapshot: https://repo.spring.io/snapshot/org/springframework/data/spring-data-commons/2.0.5.RELEASE/spring-data-commons-2.0.5.RELEASE.pom
[INFO] Downloading from rabbit-milestone: https://dl.bintray.com/rabbitmq/maven-milestones/org/springframework/data/spring-data-commons/2.0.5.RELEASE/spring-data-commons-2.0.5.RELEASE.pom
[INFO] Downloading from central: https://repo.maven.apache.org/maven2/org/springframework/data/spring-data-commons/2.0.5.RELEASE/spring-data-commons-2.0.5.RELEASE.pom
[INFO] Downloaded from central: https://repo.maven.apache.org/maven2/org/springframework/data/spring-data-commons/2.0.5.RELEASE/spring-data-commons-2.0.5.RELEASE.pom (10 kB at 38 kB/s)
[INFO] Downloading from spring-milestone: https://repo.spring.io/milestone/org/springframework/spring-oxm/5.0.4.RELEASE/spring-oxm-5.0.4.RELEASE.pom
[INFO] Downloading from spring-snapshot: https://repo.spring.io/snapshot/org/springframework/spring-oxm/5.0.4.RELEASE/spring-oxm-5.0.4.RELEASE.pom
[INFO] Downloading from rabbit-milestone: https://dl.bintray.com/rabbitmq/maven-milestones/org/springframework/spring-oxm/5.0.4.RELEASE/spring-oxm-5.0.4.RELEASE.pom
[INFO] Downloading from central: https://repo.maven.apache.org/maven2/org/springframework/spring-oxm/5.0.4.RELEASE/spring-oxm-5.0.4.RELEASE.pom
[INFO] Downloaded from central: https://repo.maven.apache.org/maven2/org/springframework/spring-oxm/5.0.4.RELEASE/spring-oxm-5.0.4.RELEASE.pom (4.8 kB at 18 kB/s)
[INFO] Downloading from spring-milestone: https://repo.spring.io/milestone/org/springframework/spring-context-support/5.0.4.RELEASE/spring-context-support-5.0.4.RELEASE.pom
[INFO] Downloading from spring-snapshot: https://repo.spring.io/snapshot/org/springframework/spring-context-support/5.0.4.RELEASE/spring-context-support-5.0.4.RELEASE.pom
[INFO] Downloading from rabbit-milestone: https://dl.bintray.com/rabbitmq/maven-milestones/org/springframework/spring-context-support/5.0.4.RELEASE/spring-context-support-5.0.4.RELEASE.pom
[INFO] Downloading from central: https://repo.maven.apache.org/maven2/org/springframework/spring-context-support/5.0.4.RELEASE/spring-context-support-5.0.4.RELEASE.pom
[INFO] Downloaded from central: https://repo.maven.apache.org/maven2/org/springframework/spring-context-support/5.0.4.RELEASE/spring-context-support-5.0.4.RELEASE.pom (6.4 kB at 24 kB/s)
[INFO] Downloading from spring-milestone: https://repo.spring.io/milestone/redis/clients/jedis/2.9.0/jedis-2.9.0.pom
[INFO] Downloading from spring-snapshot: https://repo.spring.io/snapshot/redis/clients/jedis/2.9.0/jedis-2.9.0.pom
[INFO] Downloading from rabbit-milestone: https://dl.bintray.com/rabbitmq/maven-milestones/redis/clients/jedis/2.9.0/jedis-2.9.0.pom
[INFO] Downloading from central: https://repo.maven.apache.org/maven2/redis/clients/jedis/2.9.0/jedis-2.9.0.pom
[INFO] Downloaded from central: https://repo.maven.apache.org/maven2/redis/clients/jedis/2.9.0/jedis-2.9.0.pom (5.9 kB at 22 kB/s)
[INFO] Downloading from spring-milestone: https://repo.spring.io/milestone/org/apache/commons/commons-pool2/2.5.0/commons-pool2-2.5.0.pom
[INFO] Downloading from spring-snapshot: https://repo.spring.io/snapshot/org/apache/commons/commons-pool2/2.5.0/commons-pool2-2.5.0.pom
[INFO] Downloading from rabbit-milestone: https://dl.bintray.com/rabbitmq/maven-milestones/org/apache/commons/commons-pool2/2.5.0/commons-pool2-2.5.0.pom
[INFO] Downloading from central: https://repo.maven.apache.org/maven2/org/apache/commons/commons-pool2/2.5.0/commons-pool2-2.5.0.pom
[INFO] Downloaded from central: https://repo.maven.apache.org/maven2/org/apache/commons/commons-pool2/2.5.0/commons-pool2-2.5.0.pom (12 kB at 46 kB/s)
[INFO] Downloading from spring-milestone: https://repo.spring.io/milestone/io/springfox/springfox-swagger2/2.7.0/springfox-swagger2-2.7.0.pom
[INFO] Downloading from spring-snapshot: https://repo.spring.io/snapshot/io/springfox/springfox-swagger2/2.7.0/springfox-swagger2-2.7.0.pom
[INFO] Downloading from rabbit-milestone: https://dl.bintray.com/rabbitmq/maven-milestones/io/springfox/springfox-swagger2/2.7.0/springfox-swagger2-2.7.0.pom
[INFO] Downloading from central: https://repo.maven.apache.org/maven2/io/springfox/springfox-swagger2/2.7.0/springfox-swagger2-2.7.0.pom
[INFO] Downloaded from central: https://repo.maven.apache.org/maven2/io/springfox/springfox-swagger2/2.7.0/springfox-swagger2-2.7.0.pom (5.4 kB at 20 kB/s)
[INFO] Downloading from spring-milestone: https://repo.spring.io/milestone/io/swagger/swagger-annotations/1.5.13/swagger-annotations-1.5.13.pom
[INFO] Downloading from spring-snapshot: https://repo.spring.io/snapshot/io/swagger/swagger-annotations/1.5.13/swagger-annotations-1.5.13.pom
[INFO] Downloading from rabbit-milestone: https://dl.bintray.com/rabbitmq/maven-milestones/io/swagger/swagger-annotations/1.5.13/swagger-annotations-1.5.13.pom
[INFO] Downloading from central: https://repo.maven.apache.org/maven2/io/swagger/swagger-annotations/1.5.13/swagger-annotations-1.5.13.pom
[INFO] Downloaded from central: https://repo.maven.apache.org/maven2/io/swagger/swagger-annotations/1.5.13/swagger-annotations-1.5.13.pom (6.2 kB at 24 kB/s)
[INFO] Downloading from spring-milestone: https://repo.spring.io/milestone/io/swagger/swagger-project/1.5.13/swagger-project-1.5.13.pom
[INFO] Downloading from spring-snapshot: https://repo.spring.io/snapshot/io/swagger/swagger-project/1.5.13/swagger-project-1.5.13.pom
[INFO] Downloading from rabbit-milestone: https://dl.bintray.com/rabbitmq/maven-milestones/io/swagger/swagger-project/1.5.13/swagger-project-1.5.13.pom
[INFO] Downloading from central: https://repo.maven.apache.org/maven2/io/swagger/swagger-project/1.5.13/swagger-project-1.5.13.pom
[INFO] Downloaded from central: https://repo.maven.apache.org/maven2/io/swagger/swagger-project/1.5.13/swagger-project-1.5.13.pom (21 kB at 79 kB/s)
[INFO] Downloading from spring-milestone: https://repo.spring.io/milestone/org/sonatype/oss/oss-parent/5/oss-parent-5.pom
[INFO] Downloading from spring-snapshot: https://repo.spring.io/snapshot/org/sonatype/oss/oss-parent/5/oss-parent-5.pom
[INFO] Downloading from rabbit-milestone: https://dl.bintray.com/rabbitmq/maven-milestones/org/sonatype/oss/oss-parent/5/oss-parent-5.pom
[INFO] Downloading from central: https://repo.maven.apache.org/maven2/org/sonatype/oss/oss-parent/5/oss-parent-5.pom
[INFO] Downloaded from central: https://repo.maven.apache.org/maven2/org/sonatype/oss/oss-parent/5/oss-parent-5.pom (4.1 kB at 15 kB/s)
[INFO] Downloading from spring-milestone: https://repo.spring.io/milestone/io/swagger/swagger-models/1.5.13/swagger-models-1.5.13.pom
[INFO] Downloading from spring-snapshot: https://repo.spring.io/snapshot/io/swagger/swagger-models/1.5.13/swagger-models-1.5.13.pom
[INFO] Downloading from rabbit-milestone: https://dl.bintray.com/rabbitmq/maven-milestones/io/swagger/swagger-models/1.5.13/swagger-models-1.5.13.pom
[INFO] Downloading from central: https://repo.maven.apache.org/maven2/io/swagger/swagger-models/1.5.13/swagger-models-1.5.13.pom
[INFO] Downloaded from central: https://repo.maven.apache.org/maven2/io/swagger/swagger-models/1.5.13/swagger-models-1.5.13.pom (4.9 kB at 18 kB/s)
[INFO] Downloading from spring-milestone: https://repo.spring.io/milestone/io/springfox/springfox-spi/2.7.0/springfox-spi-2.7.0.pom
[INFO] Downloading from spring-snapshot: https://repo.spring.io/snapshot/io/springfox/springfox-spi/2.7.0/springfox-spi-2.7.0.pom
[INFO] Downloading from rabbit-milestone: https://dl.bintray.com/rabbitmq/maven-milestones/io/springfox/springfox-spi/2.7.0/springfox-spi-2.7.0.pom
[INFO] Downloading from central: https://repo.maven.apache.org/maven2/io/springfox/springfox-spi/2.7.0/springfox-spi-2.7.0.pom
[INFO] Downloaded from central: https://repo.maven.apache.org/maven2/io/springfox/springfox-spi/2.7.0/springfox-spi-2.7.0.pom (1.9 kB at 7.1 kB/s)
[INFO] Downloading from spring-milestone: https://repo.spring.io/milestone/io/springfox/springfox-core/2.7.0/springfox-core-2.7.0.pom
[INFO] Downloading from spring-snapshot: https://repo.spring.io/snapshot/io/springfox/springfox-core/2.7.0/springfox-core-2.7.0.pom
[INFO] Downloading from rabbit-milestone: https://dl.bintray.com/rabbitmq/maven-milestones/io/springfox/springfox-core/2.7.0/springfox-core-2.7.0.pom
[INFO] Downloading from central: https://repo.maven.apache.org/maven2/io/springfox/springfox-core/2.7.0/springfox-core-2.7.0.pom
[INFO] Downloaded from central: https://repo.maven.apache.org/maven2/io/springfox/springfox-core/2.7.0/springfox-core-2.7.0.pom (4.3 kB at 16 kB/s)
[INFO] Downloading from spring-milestone: https://repo.spring.io/milestone/com/google/guava/guava/18.0/guava-18.0.pom
[INFO] Downloading from spring-snapshot: https://repo.spring.io/snapshot/com/google/guava/guava/18.0/guava-18.0.pom
[INFO] Downloading from rabbit-milestone: https://dl.bintray.com/rabbitmq/maven-milestones/com/google/guava/guava/18.0/guava-18.0.pom
[INFO] Downloading from central: https://repo.maven.apache.org/maven2/com/google/guava/guava/18.0/guava-18.0.pom
[INFO] Downloaded from central: https://repo.maven.apache.org/maven2/com/google/guava/guava/18.0/guava-18.0.pom (5.7 kB at 22 kB/s)
[INFO] Downloading from spring-milestone: https://repo.spring.io/milestone/com/google/guava/guava-parent/18.0/guava-parent-18.0.pom
[INFO] Downloading from spring-snapshot: https://repo.spring.io/snapshot/com/google/guava/guava-parent/18.0/guava-parent-18.0.pom
[INFO] Downloading from rabbit-milestone: https://dl.bintray.com/rabbitmq/maven-milestones/com/google/guava/guava-parent/18.0/guava-parent-18.0.pom
[INFO] Downloading from central: https://repo.maven.apache.org/maven2/com/google/guava/guava-parent/18.0/guava-parent-18.0.pom
[INFO] Downloaded from central: https://repo.maven.apache.org/maven2/com/google/guava/guava-parent/18.0/guava-parent-18.0.pom (7.7 kB at 30 kB/s)
[INFO] Downloading from spring-milestone: https://repo.spring.io/milestone/org/springframework/plugin/spring-plugin-core/1.2.0.RELEASE/spring-plugin-core-1.2.0.RELEASE.pom
[INFO] Downloading from spring-snapshot: https://repo.spring.io/snapshot/org/springframework/plugin/spring-plugin-core/1.2.0.RELEASE/spring-plugin-core-1.2.0.RELEASE.pom
[INFO] Downloading from rabbit-milestone: https://dl.bintray.com/rabbitmq/maven-milestones/org/springframework/plugin/spring-plugin-core/1.2.0.RELEASE/spring-plugin-core-1.2.0.RELEASE.pom
[INFO] Downloading from central: https://repo.maven.apache.org/maven2/org/springframework/plugin/spring-plugin-core/1.2.0.RELEASE/spring-plugin-core-1.2.0.RELEASE.pom
[INFO] Downloaded from central: https://repo.maven.apache.org/maven2/org/springframework/plugin/spring-plugin-core/1.2.0.RELEASE/spring-plugin-core-1.2.0.RELEASE.pom (1.4 kB at 5.4 kB/s)
[INFO] Downloading from spring-milestone: https://repo.spring.io/milestone/org/springframework/plugin/spring-plugin/1.2.0.RELEASE/spring-plugin-1.2.0.RELEASE.pom
[INFO] Downloading from spring-snapshot: https://repo.spring.io/snapshot/org/springframework/plugin/spring-plugin/1.2.0.RELEASE/spring-plugin-1.2.0.RELEASE.pom
[INFO] Downloading from rabbit-milestone: https://dl.bintray.com/rabbitmq/maven-milestones/org/springframework/plugin/spring-plugin/1.2.0.RELEASE/spring-plugin-1.2.0.RELEASE.pom
[INFO] Downloading from central: https://repo.maven.apache.org/maven2/org/springframework/plugin/spring-plugin/1.2.0.RELEASE/spring-plugin-1.2.0.RELEASE.pom
[INFO] Downloaded from central: https://repo.maven.apache.org/maven2/org/springframework/plugin/spring-plugin/1.2.0.RELEASE/spring-plugin-1.2.0.RELEASE.pom (5.7 kB at 22 kB/s)
[INFO] Downloading from spring-milestone: https://repo.spring.io/milestone/org/springframework/plugin/spring-plugin-metadata/1.2.0.RELEASE/spring-plugin-metadata-1.2.0.RELEASE.pom
[INFO] Downloading from spring-snapshot: https://repo.spring.io/snapshot/org/springframework/plugin/spring-plugin-metadata/1.2.0.RELEASE/spring-plugin-metadata-1.2.0.RELEASE.pom
[INFO] Downloading from rabbit-milestone: https://dl.bintray.com/rabbitmq/maven-milestones/org/springframework/plugin/spring-plugin-metadata/1.2.0.RELEASE/spring-plugin-metadata-1.2.0.RELEASE.pom
[INFO] Downloading from central: https://repo.maven.apache.org/maven2/org/springframework/plugin/spring-plugin-metadata/1.2.0.RELEASE/spring-plugin-metadata-1.2.0.RELEASE.pom
[INFO] Downloaded from central: https://repo.maven.apache.org/maven2/org/springframework/plugin/spring-plugin-metadata/1.2.0.RELEASE/spring-plugin-metadata-1.2.0.RELEASE.pom (803 B at 3.1 kB/s)
[INFO] Downloading from spring-milestone: https://repo.spring.io/milestone/io/springfox/springfox-schema/2.7.0/springfox-schema-2.7.0.pom
[INFO] Downloading from spring-snapshot: https://repo.spring.io/snapshot/io/springfox/springfox-schema/2.7.0/springfox-schema-2.7.0.pom
[INFO] Downloading from rabbit-milestone: https://dl.bintray.com/rabbitmq/maven-milestones/io/springfox/springfox-schema/2.7.0/springfox-schema-2.7.0.pom
[INFO] Downloading from central: https://repo.maven.apache.org/maven2/io/springfox/springfox-schema/2.7.0/springfox-schema-2.7.0.pom
[INFO] Downloaded from central: https://repo.maven.apache.org/maven2/io/springfox/springfox-schema/2.7.0/springfox-schema-2.7.0.pom (2.0 kB at 7.8 kB/s)
[INFO] Downloading from spring-milestone: https://repo.spring.io/milestone/io/springfox/springfox-swagger-common/2.7.0/springfox-swagger-common-2.7.0.pom
[INFO] Downloading from spring-snapshot: https://repo.spring.io/snapshot/io/springfox/springfox-swagger-common/2.7.0/springfox-swagger-common-2.7.0.pom
[INFO] Downloading from rabbit-milestone: https://dl.bintray.com/rabbitmq/maven-milestones/io/springfox/springfox-swagger-common/2.7.0/springfox-swagger-common-2.7.0.pom
[INFO] Downloading from central: https://repo.maven.apache.org/maven2/io/springfox/springfox-swagger-common/2.7.0/springfox-swagger-common-2.7.0.pom
[INFO] Downloaded from central: https://repo.maven.apache.org/maven2/io/springfox/springfox-swagger-common/2.7.0/springfox-swagger-common-2.7.0.pom (5.0 kB at 19 kB/s)
[INFO] Downloading from spring-milestone: https://repo.spring.io/milestone/io/springfox/springfox-spring-web/2.7.0/springfox-spring-web-2.7.0.pom
[INFO] Downloading from spring-snapshot: https://repo.spring.io/snapshot/io/springfox/springfox-spring-web/2.7.0/springfox-spring-web-2.7.0.pom
[INFO] Downloading from rabbit-milestone: https://dl.bintray.com/rabbitmq/maven-milestones/io/springfox/springfox-spring-web/2.7.0/springfox-spring-web-2.7.0.pom
[INFO] Downloading from central: https://repo.maven.apache.org/maven2/io/springfox/springfox-spring-web/2.7.0/springfox-spring-web-2.7.0.pom
[INFO] Downloaded from central: https://repo.maven.apache.org/maven2/io/springfox/springfox-spring-web/2.7.0/springfox-spring-web-2.7.0.pom (4.5 kB at 17 kB/s)
[INFO] Downloading from spring-milestone: https://repo.spring.io/milestone/org/reflections/reflections/0.9.11/reflections-0.9.11.pom
[INFO] Downloading from spring-snapshot: https://repo.spring.io/snapshot/org/reflections/reflections/0.9.11/reflections-0.9.11.pom
[INFO] Downloading from rabbit-milestone: https://dl.bintray.com/rabbitmq/maven-milestones/org/reflections/reflections/0.9.11/reflections-0.9.11.pom
[INFO] Downloading from central: https://repo.maven.apache.org/maven2/org/reflections/reflections/0.9.11/reflections-0.9.11.pom
[INFO] Downloaded from central: https://repo.maven.apache.org/maven2/org/reflections/reflections/0.9.11/reflections-0.9.11.pom (9.9 kB at 37 kB/s)
[INFO] Downloading from spring-milestone: https://repo.spring.io/milestone/com/google/guava/guava/20.0/guava-20.0.pom
[INFO] Downloading from spring-snapshot: https://repo.spring.io/snapshot/com/google/guava/guava/20.0/guava-20.0.pom
[INFO] Downloading from rabbit-milestone: https://dl.bintray.com/rabbitmq/maven-milestones/com/google/guava/guava/20.0/guava-20.0.pom
[INFO] Downloading from central: https://repo.maven.apache.org/maven2/com/google/guava/guava/20.0/guava-20.0.pom
[INFO] Downloaded from central: https://repo.maven.apache.org/maven2/com/google/guava/guava/20.0/guava-20.0.pom (6.8 kB at 26 kB/s)
[INFO] Downloading from spring-milestone: https://repo.spring.io/milestone/com/google/guava/guava-parent/20.0/guava-parent-20.0.pom
[INFO] Downloading from spring-snapshot: https://repo.spring.io/snapshot/com/google/guava/guava-parent/20.0/guava-parent-20.0.pom
[INFO] Downloading from rabbit-milestone: https://dl.bintray.com/rabbitmq/maven-milestones/com/google/guava/guava-parent/20.0/guava-parent-20.0.pom
[INFO] Downloading from central: https://repo.maven.apache.org/maven2/com/google/guava/guava-parent/20.0/guava-parent-20.0.pom
[INFO] Downloaded from central: https://repo.maven.apache.org/maven2/com/google/guava/guava-parent/20.0/guava-parent-20.0.pom (9.9 kB at 38 kB/s)
[INFO] Downloading from spring-milestone: https://repo.spring.io/milestone/org/javassist/javassist/3.21.0-GA/javassist-3.21.0-GA.pom
[INFO] Downloading from spring-snapshot: https://repo.spring.io/snapshot/org/javassist/javassist/3.21.0-GA/javassist-3.21.0-GA.pom
[INFO] Downloading from rabbit-milestone: https://dl.bintray.com/rabbitmq/maven-milestones/org/javassist/javassist/3.21.0-GA/javassist-3.21.0-GA.pom
[INFO] Downloading from central: https://repo.maven.apache.org/maven2/org/javassist/javassist/3.21.0-GA/javassist-3.21.0-GA.pom
[INFO] Downloaded from central: https://repo.maven.apache.org/maven2/org/javassist/javassist/3.21.0-GA/javassist-3.21.0-GA.pom (9.8 kB at 37 kB/s)
[INFO] Downloading from spring-milestone: https://repo.spring.io/milestone/org/mapstruct/mapstruct/1.1.0.Final/mapstruct-1.1.0.Final.pom
[INFO] Downloading from spring-snapshot: https://repo.spring.io/snapshot/org/mapstruct/mapstruct/1.1.0.Final/mapstruct-1.1.0.Final.pom
[INFO] Downloading from rabbit-milestone: https://dl.bintray.com/rabbitmq/maven-milestones/org/mapstruct/mapstruct/1.1.0.Final/mapstruct-1.1.0.Final.pom
[INFO] Downloading from central: https://repo.maven.apache.org/maven2/org/mapstruct/mapstruct/1.1.0.Final/mapstruct-1.1.0.Final.pom
[INFO] Downloaded from central: https://repo.maven.apache.org/maven2/org/mapstruct/mapstruct/1.1.0.Final/mapstruct-1.1.0.Final.pom (6.4 kB at 25 kB/s)
[INFO] Downloading from spring-milestone: https://repo.spring.io/milestone/org/mapstruct/mapstruct-parent/1.1.0.Final/mapstruct-parent-1.1.0.Final.pom
[INFO] Downloading from spring-snapshot: https://repo.spring.io/snapshot/org/mapstruct/mapstruct-parent/1.1.0.Final/mapstruct-parent-1.1.0.Final.pom
[INFO] Downloading from rabbit-milestone: https://dl.bintray.com/rabbitmq/maven-milestones/org/mapstruct/mapstruct-parent/1.1.0.Final/mapstruct-parent-1.1.0.Final.pom
[INFO] Downloading from central: https://repo.maven.apache.org/maven2/org/mapstruct/mapstruct-parent/1.1.0.Final/mapstruct-parent-1.1.0.Final.pom
[INFO] Downloaded from central: https://repo.maven.apache.org/maven2/org/mapstruct/mapstruct-parent/1.1.0.Final/mapstruct-parent-1.1.0.Final.pom (29 kB at 108 kB/s)
[INFO] Downloading from spring-milestone: https://repo.spring.io/milestone/org/jboss/arquillian/arquillian-bom/1.0.2.Final/arquillian-bom-1.0.2.Final.pom
[INFO] Downloading from spring-snapshot: https://repo.spring.io/snapshot/org/jboss/arquillian/arquillian-bom/1.0.2.Final/arquillian-bom-1.0.2.Final.pom
[INFO] Downloading from rabbit-milestone: https://dl.bintray.com/rabbitmq/maven-milestones/org/jboss/arquillian/arquillian-bom/1.0.2.Final/arquillian-bom-1.0.2.Final.pom
[INFO] Downloading from central: https://repo.maven.apache.org/maven2/org/jboss/arquillian/arquillian-bom/1.0.2.Final/arquillian-bom-1.0.2.Final.pom
[INFO] Downloaded from central: https://repo.maven.apache.org/maven2/org/jboss/arquillian/arquillian-bom/1.0.2.Final/arquillian-bom-1.0.2.Final.pom (11 kB at 39 kB/s)
[INFO] Downloading from spring-milestone: https://repo.spring.io/milestone/org/jboss/shrinkwrap/shrinkwrap-bom/1.0.1/shrinkwrap-bom-1.0.1.pom
[INFO] Downloading from spring-snapshot: https://repo.spring.io/snapshot/org/jboss/shrinkwrap/shrinkwrap-bom/1.0.1/shrinkwrap-bom-1.0.1.pom
[INFO] Downloading from rabbit-milestone: https://dl.bintray.com/rabbitmq/maven-milestones/org/jboss/shrinkwrap/shrinkwrap-bom/1.0.1/shrinkwrap-bom-1.0.1.pom
[INFO] Downloading from central: https://repo.maven.apache.org/maven2/org/jboss/shrinkwrap/shrinkwrap-bom/1.0.1/shrinkwrap-bom-1.0.1.pom
[INFO] Downloaded from central: https://repo.maven.apache.org/maven2/org/jboss/shrinkwrap/shrinkwrap-bom/1.0.1/shrinkwrap-bom-1.0.1.pom (3.2 kB at 12 kB/s)
[INFO] Downloading from spring-milestone: https://repo.spring.io/milestone/org/jboss/shrinkwrap/resolver/shrinkwrap-resolver-bom/1.0.0-beta-7/shrinkwrap-resolver-bom-1.0.0-beta-7.pom
[INFO] Downloading from spring-snapshot: https://repo.spring.io/snapshot/org/jboss/shrinkwrap/resolver/shrinkwrap-resolver-bom/1.0.0-beta-7/shrinkwrap-resolver-bom-1.0.0-beta-7.pom
[INFO] Downloading from rabbit-milestone: https://dl.bintray.com/rabbitmq/maven-milestones/org/jboss/shrinkwrap/resolver/shrinkwrap-resolver-bom/1.0.0-beta-7/shrinkwrap-resolver-bom-1.0.0-beta-7.pom
[INFO] Downloading from central: https://repo.maven.apache.org/maven2/org/jboss/shrinkwrap/resolver/shrinkwrap-resolver-bom/1.0.0-beta-7/shrinkwrap-resolver-bom-1.0.0-beta-7.pom
[INFO] Downloaded from central: https://repo.maven.apache.org/maven2/org/jboss/shrinkwrap/resolver/shrinkwrap-resolver-bom/1.0.0-beta-7/shrinkwrap-resolver-bom-1.0.0-beta-7.pom (3.3 kB at 12 kB/s)
[INFO] Downloading from spring-milestone: https://repo.spring.io/milestone/org/jboss/shrinkwrap/descriptors/shrinkwrap-descriptors-bom/2.0.0-alpha-3/shrinkwrap-descriptors-bom-2.0.0-alpha-3.pom
[INFO] Downloading from spring-snapshot: https://repo.spring.io/snapshot/org/jboss/shrinkwrap/descriptors/shrinkwrap-descriptors-bom/2.0.0-alpha-3/shrinkwrap-descriptors-bom-2.0.0-alpha-3.pom
[INFO] Downloading from rabbit-milestone: https://dl.bintray.com/rabbitmq/maven-milestones/org/jboss/shrinkwrap/descriptors/shrinkwrap-descriptors-bom/2.0.0-alpha-3/shrinkwrap-descriptors-bom-2.0.0-alpha-3.pom
[INFO] Downloading from central: https://repo.maven.apache.org/maven2/org/jboss/shrinkwrap/descriptors/shrinkwrap-descriptors-bom/2.0.0-alpha-3/shrinkwrap-descriptors-bom-2.0.0-alpha-3.pom
[INFO] Downloaded from central: https://repo.maven.apache.org/maven2/org/jboss/shrinkwrap/descriptors/shrinkwrap-descriptors-bom/2.0.0-alpha-3/shrinkwrap-descriptors-bom-2.0.0-alpha-3.pom (4.4 kB at 17 kB/s)
[INFO] Downloading from spring-milestone: https://repo.spring.io/milestone/com/github/xiaoymin/swagger-bootstrap-ui/1.6/swagger-bootstrap-ui-1.6.pom
[INFO] Downloading from spring-snapshot: https://repo.spring.io/snapshot/com/github/xiaoymin/swagger-bootstrap-ui/1.6/swagger-bootstrap-ui-1.6.pom
[INFO] Downloading from rabbit-milestone: https://dl.bintray.com/rabbitmq/maven-milestones/com/github/xiaoymin/swagger-bootstrap-ui/1.6/swagger-bootstrap-ui-1.6.pom
[INFO] Downloading from central: https://repo.maven.apache.org/maven2/com/github/xiaoymin/swagger-bootstrap-ui/1.6/swagger-bootstrap-ui-1.6.pom
[INFO] Downloaded from central: https://repo.maven.apache.org/maven2/com/github/xiaoymin/swagger-bootstrap-ui/1.6/swagger-bootstrap-ui-1.6.pom (6.8 kB at 26 kB/s)
[INFO] Downloading from spring-milestone: https://repo.spring.io/milestone/com/aliyun/oss/aliyun-sdk-oss/3.10.1/aliyun-sdk-oss-3.10.1.pom
[INFO] Downloading from spring-snapshot: https://repo.spring.io/snapshot/com/aliyun/oss/aliyun-sdk-oss/3.10.1/aliyun-sdk-oss-3.10.1.pom
[INFO] Downloading from rabbit-milestone: https://dl.bintray.com/rabbitmq/maven-milestones/com/aliyun/oss/aliyun-sdk-oss/3.10.1/aliyun-sdk-oss-3.10.1.pom
[INFO] Downloading from central: https://repo.maven.apache.org/maven2/com/aliyun/oss/aliyun-sdk-oss/3.10.1/aliyun-sdk-oss-3.10.1.pom
[INFO] Downloaded from central: https://repo.maven.apache.org/maven2/com/aliyun/oss/aliyun-sdk-oss/3.10.1/aliyun-sdk-oss-3.10.1.pom (8.8 kB at 32 kB/s)
[INFO] Downloading from spring-milestone: https://repo.spring.io/milestone/org/apache/httpcomponents/httpclient/4.5.5/httpclient-4.5.5.pom
[INFO] Downloading from spring-snapshot: https://repo.spring.io/snapshot/org/apache/httpcomponents/httpclient/4.5.5/httpclient-4.5.5.pom
[INFO] Downloading from rabbit-milestone: https://dl.bintray.com/rabbitmq/maven-milestones/org/apache/httpcomponents/httpclient/4.5.5/httpclient-4.5.5.pom
[INFO] Downloading from central: https://repo.maven.apache.org/maven2/org/apache/httpcomponents/httpclient/4.5.5/httpclient-4.5.5.pom
[INFO] Downloaded from central: https://repo.maven.apache.org/maven2/org/apache/httpcomponents/httpclient/4.5.5/httpclient-4.5.5.pom (6.2 kB at 24 kB/s)
[INFO] Downloading from spring-milestone: https://repo.spring.io/milestone/org/apache/httpcomponents/httpcomponents-client/4.5.5/httpcomponents-client-4.5.5.pom
[INFO] Downloading from spring-snapshot: https://repo.spring.io/snapshot/org/apache/httpcomponents/httpcomponents-client/4.5.5/httpcomponents-client-4.5.5.pom
[INFO] Downloading from rabbit-milestone: https://dl.bintray.com/rabbitmq/maven-milestones/org/apache/httpcomponents/httpcomponents-client/4.5.5/httpcomponents-client-4.5.5.pom
[INFO] Downloading from central: https://repo.maven.apache.org/maven2/org/apache/httpcomponents/httpcomponents-client/4.5.5/httpcomponents-client-4.5.5.pom
[INFO] Downloaded from central: https://repo.maven.apache.org/maven2/org/apache/httpcomponents/httpcomponents-client/4.5.5/httpcomponents-client-4.5.5.pom (15 kB at 57 kB/s)
[INFO] Downloading from spring-milestone: https://repo.spring.io/milestone/org/apache/httpcomponents/httpcomponents-parent/10/httpcomponents-parent-10.pom
[INFO] Downloading from spring-snapshot: https://repo.spring.io/snapshot/org/apache/httpcomponents/httpcomponents-parent/10/httpcomponents-parent-10.pom
[INFO] Downloading from rabbit-milestone: https://dl.bintray.com/rabbitmq/maven-milestones/org/apache/httpcomponents/httpcomponents-parent/10/httpcomponents-parent-10.pom
[INFO] Downloading from central: https://repo.maven.apache.org/maven2/org/apache/httpcomponents/httpcomponents-parent/10/httpcomponents-parent-10.pom
[INFO] Downloaded from central: https://repo.maven.apache.org/maven2/org/apache/httpcomponents/httpcomponents-parent/10/httpcomponents-parent-10.pom (34 kB at 125 kB/s)
[INFO] Downloading from spring-milestone: https://repo.spring.io/milestone/org/jdom/jdom/1.1/jdom-1.1.pom
[INFO] Downloading from spring-snapshot: https://repo.spring.io/snapshot/org/jdom/jdom/1.1/jdom-1.1.pom
[INFO] Downloading from rabbit-milestone: https://dl.bintray.com/rabbitmq/maven-milestones/org/jdom/jdom/1.1/jdom-1.1.pom
[INFO] Downloading from central: https://repo.maven.apache.org/maven2/org/jdom/jdom/1.1/jdom-1.1.pom
[INFO] Downloaded from central: https://repo.maven.apache.org/maven2/org/jdom/jdom/1.1/jdom-1.1.pom (2.2 kB at 8.4 kB/s)
[INFO] Downloading from spring-milestone: https://repo.spring.io/milestone/org/codehaus/jettison/jettison/1.1/jettison-1.1.pom
[INFO] Downloading from spring-snapshot: https://repo.spring.io/snapshot/org/codehaus/jettison/jettison/1.1/jettison-1.1.pom
[INFO] Downloading from rabbit-milestone: https://dl.bintray.com/rabbitmq/maven-milestones/org/codehaus/jettison/jettison/1.1/jettison-1.1.pom
[INFO] Downloading from central: https://repo.maven.apache.org/maven2/org/codehaus/jettison/jettison/1.1/jettison-1.1.pom
[INFO] Downloaded from central: https://repo.maven.apache.org/maven2/org/codehaus/jettison/jettison/1.1/jettison-1.1.pom (3.4 kB at 13 kB/s)
[INFO] Downloading from spring-milestone: https://repo.spring.io/milestone/stax/stax-api/1.0.1/stax-api-1.0.1.pom
[INFO] Downloading from spring-snapshot: https://repo.spring.io/snapshot/stax/stax-api/1.0.1/stax-api-1.0.1.pom
[INFO] Downloading from rabbit-milestone: https://dl.bintray.com/rabbitmq/maven-milestones/stax/stax-api/1.0.1/stax-api-1.0.1.pom
[INFO] Downloading from central: https://repo.maven.apache.org/maven2/stax/stax-api/1.0.1/stax-api-1.0.1.pom
[INFO] Downloaded from central: https://repo.maven.apache.org/maven2/stax/stax-api/1.0.1/stax-api-1.0.1.pom (1.5 kB at 5.9 kB/s)
[INFO] Downloading from spring-milestone: https://repo.spring.io/milestone/com/aliyun/aliyun-java-sdk-core/3.4.0/aliyun-java-sdk-core-3.4.0.pom
[INFO] Downloading from spring-snapshot: https://repo.spring.io/snapshot/com/aliyun/aliyun-java-sdk-core/3.4.0/aliyun-java-sdk-core-3.4.0.pom
[INFO] Downloading from rabbit-milestone: https://dl.bintray.com/rabbitmq/maven-milestones/com/aliyun/aliyun-java-sdk-core/3.4.0/aliyun-java-sdk-core-3.4.0.pom
[INFO] Downloading from central: https://repo.maven.apache.org/maven2/com/aliyun/aliyun-java-sdk-core/3.4.0/aliyun-java-sdk-core-3.4.0.pom
[INFO] Downloaded from central: https://repo.maven.apache.org/maven2/com/aliyun/aliyun-java-sdk-core/3.4.0/aliyun-java-sdk-core-3.4.0.pom (3.4 kB at 12 kB/s)
[INFO] Downloading from spring-milestone: https://repo.spring.io/milestone/com/aliyun/aliyun-java-sdk-ram/3.0.0/aliyun-java-sdk-ram-3.0.0.pom
[INFO] Downloading from spring-snapshot: https://repo.spring.io/snapshot/com/aliyun/aliyun-java-sdk-ram/3.0.0/aliyun-java-sdk-ram-3.0.0.pom
[INFO] Downloading from rabbit-milestone: https://dl.bintray.com/rabbitmq/maven-milestones/com/aliyun/aliyun-java-sdk-ram/3.0.0/aliyun-java-sdk-ram-3.0.0.pom
[INFO] Downloading from central: https://repo.maven.apache.org/maven2/com/aliyun/aliyun-java-sdk-ram/3.0.0/aliyun-java-sdk-ram-3.0.0.pom
[INFO] Downloaded from central: https://repo.maven.apache.org/maven2/com/aliyun/aliyun-java-sdk-ram/3.0.0/aliyun-java-sdk-ram-3.0.0.pom (3.3 kB at 13 kB/s)
[INFO] Downloading from spring-milestone: https://repo.spring.io/milestone/com/aliyun/aliyun-java-sdk-sts/3.0.0/aliyun-java-sdk-sts-3.0.0.pom
[INFO] Downloading from spring-snapshot: https://repo.spring.io/snapshot/com/aliyun/aliyun-java-sdk-sts/3.0.0/aliyun-java-sdk-sts-3.0.0.pom
[INFO] Downloading from rabbit-milestone: https://dl.bintray.com/rabbitmq/maven-milestones/com/aliyun/aliyun-java-sdk-sts/3.0.0/aliyun-java-sdk-sts-3.0.0.pom
[INFO] Downloading from central: https://repo.maven.apache.org/maven2/com/aliyun/aliyun-java-sdk-sts/3.0.0/aliyun-java-sdk-sts-3.0.0.pom
[INFO] Downloaded from central: https://repo.maven.apache.org/maven2/com/aliyun/aliyun-java-sdk-sts/3.0.0/aliyun-java-sdk-sts-3.0.0.pom (3.3 kB at 12 kB/s)
[INFO] Downloading from spring-milestone: https://repo.spring.io/milestone/com/aliyun/aliyun-java-sdk-ecs/4.2.0/aliyun-java-sdk-ecs-4.2.0.pom
[INFO] Downloading from spring-snapshot: https://repo.spring.io/snapshot/com/aliyun/aliyun-java-sdk-ecs/4.2.0/aliyun-java-sdk-ecs-4.2.0.pom
[INFO] Downloading from rabbit-milestone: https://dl.bintray.com/rabbitmq/maven-milestones/com/aliyun/aliyun-java-sdk-ecs/4.2.0/aliyun-java-sdk-ecs-4.2.0.pom
[INFO] Downloading from central: https://repo.maven.apache.org/maven2/com/aliyun/aliyun-java-sdk-ecs/4.2.0/aliyun-java-sdk-ecs-4.2.0.pom
[INFO] Downloaded from central: https://repo.maven.apache.org/maven2/com/aliyun/aliyun-java-sdk-ecs/4.2.0/aliyun-java-sdk-ecs-4.2.0.pom (3.3 kB at 12 kB/s)
[INFO] Downloading from spring-milestone: https://repo.spring.io/milestone/com/aliyun/aliyun-java-sdk-kms/2.7.0/aliyun-java-sdk-kms-2.7.0.pom
[INFO] Downloading from spring-snapshot: https://repo.spring.io/snapshot/com/aliyun/aliyun-java-sdk-kms/2.7.0/aliyun-java-sdk-kms-2.7.0.pom
[INFO] Downloading from rabbit-milestone: https://dl.bintray.com/rabbitmq/maven-milestones/com/aliyun/aliyun-java-sdk-kms/2.7.0/aliyun-java-sdk-kms-2.7.0.pom
[INFO] Downloading from central: https://repo.maven.apache.org/maven2/com/aliyun/aliyun-java-sdk-kms/2.7.0/aliyun-java-sdk-kms-2.7.0.pom
[INFO] Downloaded from central: https://repo.maven.apache.org/maven2/com/aliyun/aliyun-java-sdk-kms/2.7.0/aliyun-java-sdk-kms-2.7.0.pom (4.0 kB at 15 kB/s)
[INFO] Downloading from spring-milestone: https://repo.spring.io/milestone/com/google/code/gson/gson/2.8.2/gson-2.8.2.pom
[INFO] Downloading from spring-snapshot: https://repo.spring.io/snapshot/com/google/code/gson/gson/2.8.2/gson-2.8.2.pom
[INFO] Downloading from rabbit-milestone: https://dl.bintray.com/rabbitmq/maven-milestones/com/google/code/gson/gson/2.8.2/gson-2.8.2.pom
[INFO] Downloading from central: https://repo.maven.apache.org/maven2/com/google/code/gson/gson/2.8.2/gson-2.8.2.pom
[INFO] Downloaded from central: https://repo.maven.apache.org/maven2/com/google/code/gson/gson/2.8.2/gson-2.8.2.pom (1.9 kB at 7.3 kB/s)
[INFO] Downloading from spring-milestone: https://repo.spring.io/milestone/com/google/code/gson/gson-parent/2.8.2/gson-parent-2.8.2.pom
[INFO] Downloading from spring-snapshot: https://repo.spring.io/snapshot/com/google/code/gson/gson-parent/2.8.2/gson-parent-2.8.2.pom
[INFO] Downloading from rabbit-milestone: https://dl.bintray.com/rabbitmq/maven-milestones/com/google/code/gson/gson-parent/2.8.2/gson-parent-2.8.2.pom
[INFO] Downloading from central: https://repo.maven.apache.org/maven2/com/google/code/gson/gson-parent/2.8.2/gson-parent-2.8.2.pom
[INFO] Downloaded from central: https://repo.maven.apache.org/maven2/com/google/code/gson/gson-parent/2.8.2/gson-parent-2.8.2.pom (3.7 kB at 14 kB/s)
[INFO] Downloading from spring-milestone: https://repo.spring.io/milestone/com/itextpdf/itextpdf/5.5.13.1/itextpdf-5.5.13.1.pom
[INFO] Downloading from spring-snapshot: https://repo.spring.io/snapshot/com/itextpdf/itextpdf/5.5.13.1/itextpdf-5.5.13.1.pom
[INFO] Downloading from rabbit-milestone: https://dl.bintray.com/rabbitmq/maven-milestones/com/itextpdf/itextpdf/5.5.13.1/itextpdf-5.5.13.1.pom
[INFO] Downloading from central: https://repo.maven.apache.org/maven2/com/itextpdf/itextpdf/5.5.13.1/itextpdf-5.5.13.1.pom
[INFO] Downloaded from central: https://repo.maven.apache.org/maven2/com/itextpdf/itextpdf/5.5.13.1/itextpdf-5.5.13.1.pom (11 kB at 42 kB/s)
[INFO] Downloading from spring-milestone: https://repo.spring.io/milestone/com/itextpdf/itext-parent/1.0.0/itext-parent-1.0.0.pom
[INFO] Downloading from spring-snapshot: https://repo.spring.io/snapshot/com/itextpdf/itext-parent/1.0.0/itext-parent-1.0.0.pom
[INFO] Downloading from rabbit-milestone: https://dl.bintray.com/rabbitmq/maven-milestones/com/itextpdf/itext-parent/1.0.0/itext-parent-1.0.0.pom
[INFO] Downloading from central: https://repo.maven.apache.org/maven2/com/itextpdf/itext-parent/1.0.0/itext-parent-1.0.0.pom
[INFO] Downloaded from central: https://repo.maven.apache.org/maven2/com/itextpdf/itext-parent/1.0.0/itext-parent-1.0.0.pom (3.6 kB at 14 kB/s)
[INFO] Downloading from spring-milestone: https://repo.spring.io/milestone/org/apache/commons/commons-io/1.3.2/commons-io-1.3.2.pom
[INFO] Downloading from spring-snapshot: https://repo.spring.io/snapshot/org/apache/commons/commons-io/1.3.2/commons-io-1.3.2.pom
[INFO] Downloading from rabbit-milestone: https://dl.bintray.com/rabbitmq/maven-milestones/org/apache/commons/commons-io/1.3.2/commons-io-1.3.2.pom
[INFO] Downloading from central: https://repo.maven.apache.org/maven2/org/apache/commons/commons-io/1.3.2/commons-io-1.3.2.pom
[INFO] Downloaded from central: https://repo.maven.apache.org/maven2/org/apache/commons/commons-io/1.3.2/commons-io-1.3.2.pom (640 B at 2.5 kB/s)
[INFO] Downloading from spring-milestone: https://repo.spring.io/milestone/commons-io/commons-io/1.3.2/commons-io-1.3.2.pom
[INFO] Downloading from spring-snapshot: https://repo.spring.io/snapshot/commons-io/commons-io/1.3.2/commons-io-1.3.2.pom
[INFO] Downloading from rabbit-milestone: https://dl.bintray.com/rabbitmq/maven-milestones/commons-io/commons-io/1.3.2/commons-io-1.3.2.pom
[INFO] Downloading from central: https://repo.maven.apache.org/maven2/commons-io/commons-io/1.3.2/commons-io-1.3.2.pom
[INFO] Downloaded from central: https://repo.maven.apache.org/maven2/commons-io/commons-io/1.3.2/commons-io-1.3.2.pom (9.7 kB at 37 kB/s)
[INFO] Downloading from spring-milestone: https://repo.spring.io/milestone/org/apache/commons/commons-parent/3/commons-parent-3.pom
[INFO] Downloading from spring-snapshot: https://repo.spring.io/snapshot/org/apache/commons/commons-parent/3/commons-parent-3.pom
[INFO] Downloading from rabbit-milestone: https://dl.bintray.com/rabbitmq/maven-milestones/org/apache/commons/commons-parent/3/commons-parent-3.pom
[INFO] Downloading from central: https://repo.maven.apache.org/maven2/org/apache/commons/commons-parent/3/commons-parent-3.pom
[INFO] Downloaded from central: https://repo.maven.apache.org/maven2/org/apache/commons/commons-parent/3/commons-parent-3.pom (12 kB at 44 kB/s)
[INFO] Downloading from spring-milestone: https://repo.spring.io/milestone/org/apache/apache/4/apache-4.pom
[INFO] Downloading from spring-snapshot: https://repo.spring.io/snapshot/org/apache/apache/4/apache-4.pom
[INFO] Downloading from rabbit-milestone: https://dl.bintray.com/rabbitmq/maven-milestones/org/apache/apache/4/apache-4.pom
[INFO] Downloading from central: https://repo.maven.apache.org/maven2/org/apache/apache/4/apache-4.pom
[INFO] Downloaded from central: https://repo.maven.apache.org/maven2/org/apache/apache/4/apache-4.pom (4.5 kB at 17 kB/s)
[INFO] Downloading from spring-milestone: https://repo.spring.io/milestone/com/belerweb/pinyin4j/2.5.1/pinyin4j-2.5.1.pom
[INFO] Downloading from spring-snapshot: https://repo.spring.io/snapshot/com/belerweb/pinyin4j/2.5.1/pinyin4j-2.5.1.pom
[INFO] Downloading from rabbit-milestone: https://dl.bintray.com/rabbitmq/maven-milestones/com/belerweb/pinyin4j/2.5.1/pinyin4j-2.5.1.pom
[INFO] Downloading from central: https://repo.maven.apache.org/maven2/com/belerweb/pinyin4j/2.5.1/pinyin4j-2.5.1.pom
[INFO] Downloaded from central: https://repo.maven.apache.org/maven2/com/belerweb/pinyin4j/2.5.1/pinyin4j-2.5.1.pom (5.7 kB at 22 kB/s)
[INFO] Downloading from spring-milestone: https://repo.spring.io/milestone/com/github/pagehelper/pagehelper-spring-boot-starter/1.2.13/pagehelper-spring-boot-starter-1.2.13.pom
[INFO] Downloading from spring-snapshot: https://repo.spring.io/snapshot/com/github/pagehelper/pagehelper-spring-boot-starter/1.2.13/pagehelper-spring-boot-starter-1.2.13.pom
[INFO] Downloading from rabbit-milestone: https://dl.bintray.com/rabbitmq/maven-milestones/com/github/pagehelper/pagehelper-spring-boot-starter/1.2.13/pagehelper-spring-boot-starter-1.2.13.pom
[INFO] Downloading from central: https://repo.maven.apache.org/maven2/com/github/pagehelper/pagehelper-spring-boot-starter/1.2.13/pagehelper-spring-boot-starter-1.2.13.pom
[INFO] Downloaded from central: https://repo.maven.apache.org/maven2/com/github/pagehelper/pagehelper-spring-boot-starter/1.2.13/pagehelper-spring-boot-starter-1.2.13.pom (2.5 kB at 9.4 kB/s)
[INFO] Downloading from spring-milestone: https://repo.spring.io/milestone/com/github/pagehelper/pagehelper-spring-boot/1.2.13/pagehelper-spring-boot-1.2.13.pom
[INFO] Downloading from spring-snapshot: https://repo.spring.io/snapshot/com/github/pagehelper/pagehelper-spring-boot/1.2.13/pagehelper-spring-boot-1.2.13.pom
[INFO] Downloading from rabbit-milestone: https://dl.bintray.com/rabbitmq/maven-milestones/com/github/pagehelper/pagehelper-spring-boot/1.2.13/pagehelper-spring-boot-1.2.13.pom
[INFO] Downloading from central: https://repo.maven.apache.org/maven2/com/github/pagehelper/pagehelper-spring-boot/1.2.13/pagehelper-spring-boot-1.2.13.pom
[INFO] Downloaded from central: https://repo.maven.apache.org/maven2/com/github/pagehelper/pagehelper-spring-boot/1.2.13/pagehelper-spring-boot-1.2.13.pom (8.0 kB at 31 kB/s)
[INFO] Downloading from spring-milestone: https://repo.spring.io/milestone/org/springframework/boot/spring-boot-dependencies/2.2.1.RELEASE/spring-boot-dependencies-2.2.1.RELEASE.pom
[INFO] Downloading from spring-snapshot: https://repo.spring.io/snapshot/org/springframework/boot/spring-boot-dependencies/2.2.1.RELEASE/spring-boot-dependencies-2.2.1.RELEASE.pom
[INFO] Downloading from rabbit-milestone: https://dl.bintray.com/rabbitmq/maven-milestones/org/springframework/boot/spring-boot-dependencies/2.2.1.RELEASE/spring-boot-dependencies-2.2.1.RELEASE.pom
[INFO] Downloading from central: https://repo.maven.apache.org/maven2/org/springframework/boot/spring-boot-dependencies/2.2.1.RELEASE/spring-boot-dependencies-2.2.1.RELEASE.pom
[INFO] Downloaded from central: https://repo.maven.apache.org/maven2/org/springframework/boot/spring-boot-dependencies/2.2.1.RELEASE/spring-boot-dependencies-2.2.1.RELEASE.pom (127 kB at 459 kB/s)
[INFO] Downloading from spring-milestone: https://repo.spring.io/milestone/com/fasterxml/jackson/jackson-bom/2.10.0/jackson-bom-2.10.0.pom
[INFO] Downloading from spring-snapshot: https://repo.spring.io/snapshot/com/fasterxml/jackson/jackson-bom/2.10.0/jackson-bom-2.10.0.pom
[INFO] Downloading from rabbit-milestone: https://dl.bintray.com/rabbitmq/maven-milestones/com/fasterxml/jackson/jackson-bom/2.10.0/jackson-bom-2.10.0.pom
[INFO] Downloading from central: https://repo.maven.apache.org/maven2/com/fasterxml/jackson/jackson-bom/2.10.0/jackson-bom-2.10.0.pom
[INFO] Downloaded from central: https://repo.maven.apache.org/maven2/com/fasterxml/jackson/jackson-bom/2.10.0/jackson-bom-2.10.0.pom (13 kB at 47 kB/s)
[INFO] Downloading from spring-milestone: https://repo.spring.io/milestone/com/fasterxml/jackson/jackson-parent/2.10/jackson-parent-2.10.pom
[INFO] Downloading from spring-snapshot: https://repo.spring.io/snapshot/com/fasterxml/jackson/jackson-parent/2.10/jackson-parent-2.10.pom
[INFO] Downloading from rabbit-milestone: https://dl.bintray.com/rabbitmq/maven-milestones/com/fasterxml/jackson/jackson-parent/2.10/jackson-parent-2.10.pom
[INFO] Downloading from central: https://repo.maven.apache.org/maven2/com/fasterxml/jackson/jackson-parent/2.10/jackson-parent-2.10.pom
[INFO] Downloaded from central: https://repo.maven.apache.org/maven2/com/fasterxml/jackson/jackson-parent/2.10/jackson-parent-2.10.pom (8.3 kB at 31 kB/s)
[INFO] Downloading from spring-milestone: https://repo.spring.io/milestone/com/fasterxml/oss-parent/38/oss-parent-38.pom
[INFO] Downloading from spring-snapshot: https://repo.spring.io/snapshot/com/fasterxml/oss-parent/38/oss-parent-38.pom
[INFO] Downloading from rabbit-milestone: https://dl.bintray.com/rabbitmq/maven-milestones/com/fasterxml/oss-parent/38/oss-parent-38.pom
[INFO] Downloading from central: https://repo.maven.apache.org/maven2/com/fasterxml/oss-parent/38/oss-parent-38.pom
[INFO] Downloaded from central: https://repo.maven.apache.org/maven2/com/fasterxml/oss-parent/38/oss-parent-38.pom (23 kB at 86 kB/s)
[INFO] Downloading from spring-milestone: https://repo.spring.io/milestone/io/micrometer/micrometer-bom/1.3.1/micrometer-bom-1.3.1.pom
[INFO] Downloading from spring-snapshot: https://repo.spring.io/snapshot/io/micrometer/micrometer-bom/1.3.1/micrometer-bom-1.3.1.pom
[INFO] Downloading from rabbit-milestone: https://dl.bintray.com/rabbitmq/maven-milestones/io/micrometer/micrometer-bom/1.3.1/micrometer-bom-1.3.1.pom
[INFO] Downloading from central: https://repo.maven.apache.org/maven2/io/micrometer/micrometer-bom/1.3.1/micrometer-bom-1.3.1.pom
[INFO] Downloaded from central: https://repo.maven.apache.org/maven2/io/micrometer/micrometer-bom/1.3.1/micrometer-bom-1.3.1.pom (6.6 kB at 25 kB/s)
[INFO] Downloading from spring-milestone: https://repo.spring.io/milestone/io/netty/netty-bom/4.1.43.Final/netty-bom-4.1.43.Final.pom
[INFO] Downloading from spring-snapshot: https://repo.spring.io/snapshot/io/netty/netty-bom/4.1.43.Final/netty-bom-4.1.43.Final.pom
[INFO] Downloading from rabbit-milestone: https://dl.bintray.com/rabbitmq/maven-milestones/io/netty/netty-bom/4.1.43.Final/netty-bom-4.1.43.Final.pom
[INFO] Downloading from central: https://repo.maven.apache.org/maven2/io/netty/netty-bom/4.1.43.Final/netty-bom-4.1.43.Final.pom
[INFO] Downloaded from central: https://repo.maven.apache.org/maven2/io/netty/netty-bom/4.1.43.Final/netty-bom-4.1.43.Final.pom (7.9 kB at 30 kB/s)
[INFO] Downloading from spring-milestone: https://repo.spring.io/milestone/io/projectreactor/reactor-bom/Dysprosium-SR1/reactor-bom-Dysprosium-SR1.pom
[INFO] Downloading from spring-snapshot: https://repo.spring.io/snapshot/io/projectreactor/reactor-bom/Dysprosium-SR1/reactor-bom-Dysprosium-SR1.pom
[INFO] Downloading from rabbit-milestone: https://dl.bintray.com/rabbitmq/maven-milestones/io/projectreactor/reactor-bom/Dysprosium-SR1/reactor-bom-Dysprosium-SR1.pom
[INFO] Downloading from central: https://repo.maven.apache.org/maven2/io/projectreactor/reactor-bom/Dysprosium-SR1/reactor-bom-Dysprosium-SR1.pom
[INFO] Downloaded from central: https://repo.maven.apache.org/maven2/io/projectreactor/reactor-bom/Dysprosium-SR1/reactor-bom-Dysprosium-SR1.pom (4.1 kB at 15 kB/s)
[INFO] Downloading from spring-milestone: https://repo.spring.io/milestone/io/rsocket/rsocket-bom/1.0.0-RC5/rsocket-bom-1.0.0-RC5.pom
[INFO] Downloading from spring-snapshot: https://repo.spring.io/snapshot/io/rsocket/rsocket-bom/1.0.0-RC5/rsocket-bom-1.0.0-RC5.pom
[INFO] Downloading from rabbit-milestone: https://dl.bintray.com/rabbitmq/maven-milestones/io/rsocket/rsocket-bom/1.0.0-RC5/rsocket-bom-1.0.0-RC5.pom
[INFO] Downloading from central: https://repo.maven.apache.org/maven2/io/rsocket/rsocket-bom/1.0.0-RC5/rsocket-bom-1.0.0-RC5.pom
[INFO] Downloaded from central: https://repo.maven.apache.org/maven2/io/rsocket/rsocket-bom/1.0.0-RC5/rsocket-bom-1.0.0-RC5.pom (3.0 kB at 11 kB/s)
[INFO] Downloading from spring-milestone: https://repo.spring.io/milestone/org/apache/logging/log4j/log4j-bom/2.12.1/log4j-bom-2.12.1.pom
[INFO] Downloading from spring-snapshot: https://repo.spring.io/snapshot/org/apache/logging/log4j/log4j-bom/2.12.1/log4j-bom-2.12.1.pom
[INFO] Downloading from rabbit-milestone: https://dl.bintray.com/rabbitmq/maven-milestones/org/apache/logging/log4j/log4j-bom/2.12.1/log4j-bom-2.12.1.pom
[INFO] Downloading from central: https://repo.maven.apache.org/maven2/org/apache/logging/log4j/log4j-bom/2.12.1/log4j-bom-2.12.1.pom
[INFO] Downloaded from central: https://repo.maven.apache.org/maven2/org/apache/logging/log4j/log4j-bom/2.12.1/log4j-bom-2.12.1.pom (7.2 kB at 28 kB/s)
[INFO] Downloading from spring-milestone: https://repo.spring.io/milestone/org/eclipse/jetty/jetty-bom/9.4.22.v20191022/jetty-bom-9.4.22.v20191022.pom
[INFO] Downloading from spring-snapshot: https://repo.spring.io/snapshot/org/eclipse/jetty/jetty-bom/9.4.22.v20191022/jetty-bom-9.4.22.v20191022.pom
[INFO] Downloading from rabbit-milestone: https://dl.bintray.com/rabbitmq/maven-milestones/org/eclipse/jetty/jetty-bom/9.4.22.v20191022/jetty-bom-9.4.22.v20191022.pom
[INFO] Downloading from central: https://repo.maven.apache.org/maven2/org/eclipse/jetty/jetty-bom/9.4.22.v20191022/jetty-bom-9.4.22.v20191022.pom
[INFO] Downloaded from central: https://repo.maven.apache.org/maven2/org/eclipse/jetty/jetty-bom/9.4.22.v20191022/jetty-bom-9.4.22.v20191022.pom (17 kB at 63 kB/s)
[INFO] Downloading from spring-milestone: https://repo.spring.io/milestone/org/glassfish/jersey/jersey-bom/2.29.1/jersey-bom-2.29.1.pom
[INFO] Downloading from spring-snapshot: https://repo.spring.io/snapshot/org/glassfish/jersey/jersey-bom/2.29.1/jersey-bom-2.29.1.pom
[INFO] Downloading from rabbit-milestone: https://dl.bintray.com/rabbitmq/maven-milestones/org/glassfish/jersey/jersey-bom/2.29.1/jersey-bom-2.29.1.pom
[INFO] Downloading from central: https://repo.maven.apache.org/maven2/org/glassfish/jersey/jersey-bom/2.29.1/jersey-bom-2.29.1.pom
[INFO] Downloaded from central: https://repo.maven.apache.org/maven2/org/glassfish/jersey/jersey-bom/2.29.1/jersey-bom-2.29.1.pom (19 kB at 71 kB/s)
[INFO] Downloading from spring-milestone: https://repo.spring.io/milestone/org/eclipse/ee4j/project/1.0.5/project-1.0.5.pom
[INFO] Downloading from spring-snapshot: https://repo.spring.io/snapshot/org/eclipse/ee4j/project/1.0.5/project-1.0.5.pom
[INFO] Downloading from rabbit-milestone: https://dl.bintray.com/rabbitmq/maven-milestones/org/eclipse/ee4j/project/1.0.5/project-1.0.5.pom
[INFO] Downloading from central: https://repo.maven.apache.org/maven2/org/eclipse/ee4j/project/1.0.5/project-1.0.5.pom
[INFO] Downloaded from central: https://repo.maven.apache.org/maven2/org/eclipse/ee4j/project/1.0.5/project-1.0.5.pom (13 kB at 49 kB/s)
[INFO] Downloading from spring-milestone: https://repo.spring.io/milestone/org/jetbrains/kotlin/kotlin-bom/1.3.50/kotlin-bom-1.3.50.pom
[INFO] Downloading from spring-snapshot: https://repo.spring.io/snapshot/org/jetbrains/kotlin/kotlin-bom/1.3.50/kotlin-bom-1.3.50.pom
[INFO] Downloading from rabbit-milestone: https://dl.bintray.com/rabbitmq/maven-milestones/org/jetbrains/kotlin/kotlin-bom/1.3.50/kotlin-bom-1.3.50.pom
[INFO] Downloading from central: https://repo.maven.apache.org/maven2/org/jetbrains/kotlin/kotlin-bom/1.3.50/kotlin-bom-1.3.50.pom
[INFO] Downloaded from central: https://repo.maven.apache.org/maven2/org/jetbrains/kotlin/kotlin-bom/1.3.50/kotlin-bom-1.3.50.pom (8.8 kB at 33 kB/s)
[INFO] Downloading from spring-milestone: https://repo.spring.io/milestone/org/jetbrains/kotlinx/kotlinx-coroutines-bom/1.3.2/kotlinx-coroutines-bom-1.3.2.pom
[INFO] Downloading from spring-snapshot: https://repo.spring.io/snapshot/org/jetbrains/kotlinx/kotlinx-coroutines-bom/1.3.2/kotlinx-coroutines-bom-1.3.2.pom
[INFO] Downloading from rabbit-milestone: https://dl.bintray.com/rabbitmq/maven-milestones/org/jetbrains/kotlinx/kotlinx-coroutines-bom/1.3.2/kotlinx-coroutines-bom-1.3.2.pom
[INFO] Downloading from central: https://repo.maven.apache.org/maven2/org/jetbrains/kotlinx/kotlinx-coroutines-bom/1.3.2/kotlinx-coroutines-bom-1.3.2.pom
[INFO] Downloaded from central: https://repo.maven.apache.org/maven2/org/jetbrains/kotlinx/kotlinx-coroutines-bom/1.3.2/kotlinx-coroutines-bom-1.3.2.pom (4.3 kB at 16 kB/s)
[INFO] Downloading from spring-milestone: https://repo.spring.io/milestone/org/junit/junit-bom/5.5.2/junit-bom-5.5.2.pom
[INFO] Downloading from spring-snapshot: https://repo.spring.io/snapshot/org/junit/junit-bom/5.5.2/junit-bom-5.5.2.pom
[INFO] Downloading from rabbit-milestone: https://dl.bintray.com/rabbitmq/maven-milestones/org/junit/junit-bom/5.5.2/junit-bom-5.5.2.pom
[INFO] Downloading from central: https://repo.maven.apache.org/maven2/org/junit/junit-bom/5.5.2/junit-bom-5.5.2.pom
[INFO] Downloaded from central: https://repo.maven.apache.org/maven2/org/junit/junit-bom/5.5.2/junit-bom-5.5.2.pom (4.4 kB at 17 kB/s)
[INFO] Downloading from spring-milestone: https://repo.spring.io/milestone/org/springframework/spring-framework-bom/5.2.1.RELEASE/spring-framework-bom-5.2.1.RELEASE.pom
[INFO] Downloading from spring-snapshot: https://repo.spring.io/snapshot/org/springframework/spring-framework-bom/5.2.1.RELEASE/spring-framework-bom-5.2.1.RELEASE.pom
[INFO] Downloading from rabbit-milestone: https://dl.bintray.com/rabbitmq/maven-milestones/org/springframework/spring-framework-bom/5.2.1.RELEASE/spring-framework-bom-5.2.1.RELEASE.pom
[INFO] Downloading from central: https://repo.maven.apache.org/maven2/org/springframework/spring-framework-bom/5.2.1.RELEASE/spring-framework-bom-5.2.1.RELEASE.pom
[INFO] Downloaded from central: https://repo.maven.apache.org/maven2/org/springframework/spring-framework-bom/5.2.1.RELEASE/spring-framework-bom-5.2.1.RELEASE.pom (5.3 kB at 20 kB/s)
[INFO] Downloading from spring-milestone: https://repo.spring.io/milestone/org/springframework/data/spring-data-releasetrain/Moore-SR1/spring-data-releasetrain-Moore-SR1.pom
[INFO] Downloading from spring-snapshot: https://repo.spring.io/snapshot/org/springframework/data/spring-data-releasetrain/Moore-SR1/spring-data-releasetrain-Moore-SR1.pom
[INFO] Downloading from rabbit-milestone: https://dl.bintray.com/rabbitmq/maven-milestones/org/springframework/data/spring-data-releasetrain/Moore-SR1/spring-data-releasetrain-Moore-SR1.pom
[INFO] Downloading from central: https://repo.maven.apache.org/maven2/org/springframework/data/spring-data-releasetrain/Moore-SR1/spring-data-releasetrain-Moore-SR1.pom
[INFO] Downloaded from central: https://repo.maven.apache.org/maven2/org/springframework/data/spring-data-releasetrain/Moore-SR1/spring-data-releasetrain-Moore-SR1.pom (4.8 kB at 18 kB/s)
[INFO] Downloading from spring-milestone: https://repo.spring.io/milestone/org/springframework/data/build/spring-data-build/2.2.1.RELEASE/spring-data-build-2.2.1.RELEASE.pom
[INFO] Downloading from spring-snapshot: https://repo.spring.io/snapshot/org/springframework/data/build/spring-data-build/2.2.1.RELEASE/spring-data-build-2.2.1.RELEASE.pom
[INFO] Downloading from rabbit-milestone: https://dl.bintray.com/rabbitmq/maven-milestones/org/springframework/data/build/spring-data-build/2.2.1.RELEASE/spring-data-build-2.2.1.RELEASE.pom
[INFO] Downloading from central: https://repo.maven.apache.org/maven2/org/springframework/data/build/spring-data-build/2.2.1.RELEASE/spring-data-build-2.2.1.RELEASE.pom
[INFO] Downloaded from central: https://repo.maven.apache.org/maven2/org/springframework/data/build/spring-data-build/2.2.1.RELEASE/spring-data-build-2.2.1.RELEASE.pom (7.1 kB at 27 kB/s)
[INFO] Downloading from spring-milestone: https://repo.spring.io/milestone/org/springframework/integration/spring-integration-bom/5.2.1.RELEASE/spring-integration-bom-5.2.1.RELEASE.pom
[INFO] Downloading from spring-snapshot: https://repo.spring.io/snapshot/org/springframework/integration/spring-integration-bom/5.2.1.RELEASE/spring-integration-bom-5.2.1.RELEASE.pom
[INFO] Downloading from rabbit-milestone: https://dl.bintray.com/rabbitmq/maven-milestones/org/springframework/integration/spring-integration-bom/5.2.1.RELEASE/spring-integration-bom-5.2.1.RELEASE.pom
[INFO] Downloading from central: https://repo.maven.apache.org/maven2/org/springframework/integration/spring-integration-bom/5.2.1.RELEASE/spring-integration-bom-5.2.1.RELEASE.pom
[INFO] Downloaded from central: https://repo.maven.apache.org/maven2/org/springframework/integration/spring-integration-bom/5.2.1.RELEASE/spring-integration-bom-5.2.1.RELEASE.pom (8.9 kB at 33 kB/s)
[INFO] Downloading from spring-milestone: https://repo.spring.io/milestone/org/springframework/security/spring-security-bom/5.2.1.RELEASE/spring-security-bom-5.2.1.RELEASE.pom
[INFO] Downloading from spring-snapshot: https://repo.spring.io/snapshot/org/springframework/security/spring-security-bom/5.2.1.RELEASE/spring-security-bom-5.2.1.RELEASE.pom
[INFO] Downloading from rabbit-milestone: https://dl.bintray.com/rabbitmq/maven-milestones/org/springframework/security/spring-security-bom/5.2.1.RELEASE/spring-security-bom-5.2.1.RELEASE.pom
[INFO] Downloading from central: https://repo.maven.apache.org/maven2/org/springframework/security/spring-security-bom/5.2.1.RELEASE/spring-security-bom-5.2.1.RELEASE.pom
[INFO] Downloaded from central: https://repo.maven.apache.org/maven2/org/springframework/security/spring-security-bom/5.2.1.RELEASE/spring-security-bom-5.2.1.RELEASE.pom (5.4 kB at 21 kB/s)
[INFO] Downloading from spring-milestone: https://repo.spring.io/milestone/org/springframework/session/spring-session-bom/Corn-RELEASE/spring-session-bom-Corn-RELEASE.pom
[INFO] Downloading from spring-snapshot: https://repo.spring.io/snapshot/org/springframework/session/spring-session-bom/Corn-RELEASE/spring-session-bom-Corn-RELEASE.pom
[INFO] Downloading from rabbit-milestone: https://dl.bintray.com/rabbitmq/maven-milestones/org/springframework/session/spring-session-bom/Corn-RELEASE/spring-session-bom-Corn-RELEASE.pom
[INFO] Downloading from central: https://repo.maven.apache.org/maven2/org/springframework/session/spring-session-bom/Corn-RELEASE/spring-session-bom-Corn-RELEASE.pom
[INFO] Downloaded from central: https://repo.maven.apache.org/maven2/org/springframework/session/spring-session-bom/Corn-RELEASE/spring-session-bom-Corn-RELEASE.pom (2.8 kB at 11 kB/s)
[INFO] Downloading from spring-milestone: https://repo.spring.io/milestone/org/mybatis/spring/boot/mybatis-spring-boot-starter/2.1.1/mybatis-spring-boot-starter-2.1.1.pom
[INFO] Downloading from spring-snapshot: https://repo.spring.io/snapshot/org/mybatis/spring/boot/mybatis-spring-boot-starter/2.1.1/mybatis-spring-boot-starter-2.1.1.pom
[INFO] Downloading from rabbit-milestone: https://dl.bintray.com/rabbitmq/maven-milestones/org/mybatis/spring/boot/mybatis-spring-boot-starter/2.1.1/mybatis-spring-boot-starter-2.1.1.pom
[INFO] Downloading from central: https://repo.maven.apache.org/maven2/org/mybatis/spring/boot/mybatis-spring-boot-starter/2.1.1/mybatis-spring-boot-starter-2.1.1.pom
[INFO] Downloaded from central: https://repo.maven.apache.org/maven2/org/mybatis/spring/boot/mybatis-spring-boot-starter/2.1.1/mybatis-spring-boot-starter-2.1.1.pom (2.0 kB at 7.3 kB/s)
[INFO] Downloading from spring-milestone: https://repo.spring.io/milestone/org/mybatis/spring/boot/mybatis-spring-boot/2.1.1/mybatis-spring-boot-2.1.1.pom
[INFO] Downloading from spring-snapshot: https://repo.spring.io/snapshot/org/mybatis/spring/boot/mybatis-spring-boot/2.1.1/mybatis-spring-boot-2.1.1.pom
[INFO] Downloading from rabbit-milestone: https://dl.bintray.com/rabbitmq/maven-milestones/org/mybatis/spring/boot/mybatis-spring-boot/2.1.1/mybatis-spring-boot-2.1.1.pom
[INFO] Downloading from central: https://repo.maven.apache.org/maven2/org/mybatis/spring/boot/mybatis-spring-boot/2.1.1/mybatis-spring-boot-2.1.1.pom
[INFO] Downloaded from central: https://repo.maven.apache.org/maven2/org/mybatis/spring/boot/mybatis-spring-boot/2.1.1/mybatis-spring-boot-2.1.1.pom (6.4 kB at 24 kB/s)
[INFO] Downloading from spring-milestone: https://repo.spring.io/milestone/org/mybatis/mybatis-parent/31/mybatis-parent-31.pom
[INFO] Downloading from spring-snapshot: https://repo.spring.io/snapshot/org/mybatis/mybatis-parent/31/mybatis-parent-31.pom
[INFO] Downloading from rabbit-milestone: https://dl.bintray.com/rabbitmq/maven-milestones/org/mybatis/mybatis-parent/31/mybatis-parent-31.pom
[INFO] Downloading from central: https://repo.maven.apache.org/maven2/org/mybatis/mybatis-parent/31/mybatis-parent-31.pom
[INFO] Downloaded from central: https://repo.maven.apache.org/maven2/org/mybatis/mybatis-parent/31/mybatis-parent-31.pom (42 kB at 158 kB/s)
[INFO] Downloading from rabbit-milestone: https://dl.bintray.com/rabbitmq/maven-milestones/org/springframework/boot/spring-boot-dependencies/2.1.9.RELEASE/spring-boot-dependencies-2.1.9.RELEASE.pom
[INFO] Downloading from central: https://repo.maven.apache.org/maven2/org/springframework/boot/spring-boot-dependencies/2.1.9.RELEASE/spring-boot-dependencies-2.1.9.RELEASE.pom
[INFO] Downloaded from central: https://repo.maven.apache.org/maven2/org/springframework/boot/spring-boot-dependencies/2.1.9.RELEASE/spring-boot-dependencies-2.1.9.RELEASE.pom (123 kB at 444 kB/s)
[INFO] Downloading from rabbit-milestone: https://dl.bintray.com/rabbitmq/maven-milestones/com/fasterxml/jackson/jackson-bom/2.9.9.20190807/jackson-bom-2.9.9.20190807.pom
[INFO] Downloading from sonatype-oss-snapshots: https://oss.sonatype.org/content/repositories/snapshots/com/fasterxml/jackson/jackson-bom/2.9.9.20190807/jackson-bom-2.9.9.20190807.pom
[INFO] Downloading from spring-milestone: https://repo.spring.io/milestone/com/fasterxml/jackson/jackson-bom/2.9.9.20190807/jackson-bom-2.9.9.20190807.pom
[INFO] Downloading from spring-snapshot: https://repo.spring.io/snapshot/com/fasterxml/jackson/jackson-bom/2.9.9.20190807/jackson-bom-2.9.9.20190807.pom
[INFO] Downloading from central: https://repo.maven.apache.org/maven2/com/fasterxml/jackson/jackson-bom/2.9.9.20190807/jackson-bom-2.9.9.20190807.pom
[INFO] Downloaded from central: https://repo.maven.apache.org/maven2/com/fasterxml/jackson/jackson-bom/2.9.9.20190807/jackson-bom-2.9.9.20190807.pom (12 kB at 46 kB/s)
[INFO] Downloading from rabbit-milestone: https://dl.bintray.com/rabbitmq/maven-milestones/com/fasterxml/jackson/jackson-parent/2.9.1.2/jackson-parent-2.9.1.2.pom
[INFO] Downloading from sonatype-oss-snapshots: https://oss.sonatype.org/content/repositories/snapshots/com/fasterxml/jackson/jackson-parent/2.9.1.2/jackson-parent-2.9.1.2.pom
[INFO] Downloading from spring-milestone: https://repo.spring.io/milestone/com/fasterxml/jackson/jackson-parent/2.9.1.2/jackson-parent-2.9.1.2.pom
[INFO] Downloading from spring-snapshot: https://repo.spring.io/snapshot/com/fasterxml/jackson/jackson-parent/2.9.1.2/jackson-parent-2.9.1.2.pom
[INFO] Downloading from central: https://repo.maven.apache.org/maven2/com/fasterxml/jackson/jackson-parent/2.9.1.2/jackson-parent-2.9.1.2.pom
[INFO] Downloaded from central: https://repo.maven.apache.org/maven2/com/fasterxml/jackson/jackson-parent/2.9.1.2/jackson-parent-2.9.1.2.pom (7.9 kB at 30 kB/s)
[INFO] Downloading from rabbit-milestone: https://dl.bintray.com/rabbitmq/maven-milestones/com/fasterxml/oss-parent/34/oss-parent-34.pom
[INFO] Downloading from sonatype-oss-snapshots: https://oss.sonatype.org/content/repositories/snapshots/com/fasterxml/oss-parent/34/oss-parent-34.pom
[INFO] Downloading from spring-milestone: https://repo.spring.io/milestone/com/fasterxml/oss-parent/34/oss-parent-34.pom
[INFO] Downloading from spring-snapshot: https://repo.spring.io/snapshot/com/fasterxml/oss-parent/34/oss-parent-34.pom
[INFO] Downloading from central: https://repo.maven.apache.org/maven2/com/fasterxml/oss-parent/34/oss-parent-34.pom
[INFO] Downloaded from central: https://repo.maven.apache.org/maven2/com/fasterxml/oss-parent/34/oss-parent-34.pom (23 kB at 84 kB/s)
[INFO] Downloading from rabbit-milestone: https://dl.bintray.com/rabbitmq/maven-milestones/io/netty/netty-bom/4.1.39.Final/netty-bom-4.1.39.Final.pom
[INFO] Downloading from sonatype-oss-snapshots: https://oss.sonatype.org/content/repositories/snapshots/io/netty/netty-bom/4.1.39.Final/netty-bom-4.1.39.Final.pom
[INFO] Downloading from spring-milestone: https://repo.spring.io/milestone/io/netty/netty-bom/4.1.39.Final/netty-bom-4.1.39.Final.pom
[INFO] Downloading from spring-snapshot: https://repo.spring.io/snapshot/io/netty/netty-bom/4.1.39.Final/netty-bom-4.1.39.Final.pom
[INFO] Downloading from central: https://repo.maven.apache.org/maven2/io/netty/netty-bom/4.1.39.Final/netty-bom-4.1.39.Final.pom
[INFO] Downloaded from central: https://repo.maven.apache.org/maven2/io/netty/netty-bom/4.1.39.Final/netty-bom-4.1.39.Final.pom (7.9 kB at 30 kB/s)
[INFO] Downloading from rabbit-milestone: https://dl.bintray.com/rabbitmq/maven-milestones/io/projectreactor/reactor-bom/Californium-SR12/reactor-bom-Californium-SR12.pom
[INFO] Downloading from sonatype-oss-snapshots: https://oss.sonatype.org/content/repositories/snapshots/io/projectreactor/reactor-bom/Californium-SR12/reactor-bom-Californium-SR12.pom
[INFO] Downloading from spring-milestone: https://repo.spring.io/milestone/io/projectreactor/reactor-bom/Californium-SR12/reactor-bom-Californium-SR12.pom
[INFO] Downloading from spring-snapshot: https://repo.spring.io/snapshot/io/projectreactor/reactor-bom/Californium-SR12/reactor-bom-Californium-SR12.pom
[INFO] Downloading from central: https://repo.maven.apache.org/maven2/io/projectreactor/reactor-bom/Californium-SR12/reactor-bom-Californium-SR12.pom
[INFO] Downloaded from central: https://repo.maven.apache.org/maven2/io/projectreactor/reactor-bom/Californium-SR12/reactor-bom-Californium-SR12.pom (4.0 kB at 15 kB/s)
[INFO] Downloading from rabbit-milestone: https://dl.bintray.com/rabbitmq/maven-milestones/org/apache/logging/log4j/log4j-bom/2.11.2/log4j-bom-2.11.2.pom
[INFO] Downloading from sonatype-oss-snapshots: https://oss.sonatype.org/content/repositories/snapshots/org/apache/logging/log4j/log4j-bom/2.11.2/log4j-bom-2.11.2.pom
[INFO] Downloading from spring-milestone: https://repo.spring.io/milestone/org/apache/logging/log4j/log4j-bom/2.11.2/log4j-bom-2.11.2.pom
[INFO] Downloading from spring-snapshot: https://repo.spring.io/snapshot/org/apache/logging/log4j/log4j-bom/2.11.2/log4j-bom-2.11.2.pom
[INFO] Downloading from central: https://repo.maven.apache.org/maven2/org/apache/logging/log4j/log4j-bom/2.11.2/log4j-bom-2.11.2.pom
[INFO] Downloaded from central: https://repo.maven.apache.org/maven2/org/apache/logging/log4j/log4j-bom/2.11.2/log4j-bom-2.11.2.pom (6.5 kB at 25 kB/s)
[INFO] Downloading from rabbit-milestone: https://dl.bintray.com/rabbitmq/maven-milestones/org/eclipse/jetty/jetty-bom/9.4.19.v20190610/jetty-bom-9.4.19.v20190610.pom
[INFO] Downloading from sonatype-oss-snapshots: https://oss.sonatype.org/content/repositories/snapshots/org/eclipse/jetty/jetty-bom/9.4.19.v20190610/jetty-bom-9.4.19.v20190610.pom
[INFO] Downloading from spring-milestone: https://repo.spring.io/milestone/org/eclipse/jetty/jetty-bom/9.4.19.v20190610/jetty-bom-9.4.19.v20190610.pom
[INFO] Downloading from spring-snapshot: https://repo.spring.io/snapshot/org/eclipse/jetty/jetty-bom/9.4.19.v20190610/jetty-bom-9.4.19.v20190610.pom
[INFO] Downloading from central: https://repo.maven.apache.org/maven2/org/eclipse/jetty/jetty-bom/9.4.19.v20190610/jetty-bom-9.4.19.v20190610.pom
[INFO] Downloaded from central: https://repo.maven.apache.org/maven2/org/eclipse/jetty/jetty-bom/9.4.19.v20190610/jetty-bom-9.4.19.v20190610.pom (18 kB at 64 kB/s)
[INFO] Downloading from rabbit-milestone: https://dl.bintray.com/rabbitmq/maven-milestones/org/junit/junit-bom/5.3.2/junit-bom-5.3.2.pom
[INFO] Downloading from sonatype-oss-snapshots: https://oss.sonatype.org/content/repositories/snapshots/org/junit/junit-bom/5.3.2/junit-bom-5.3.2.pom
[INFO] Downloading from spring-milestone: https://repo.spring.io/milestone/org/junit/junit-bom/5.3.2/junit-bom-5.3.2.pom
[INFO] Downloading from spring-snapshot: https://repo.spring.io/snapshot/org/junit/junit-bom/5.3.2/junit-bom-5.3.2.pom
[INFO] Downloading from central: https://repo.maven.apache.org/maven2/org/junit/junit-bom/5.3.2/junit-bom-5.3.2.pom
[INFO] Downloaded from central: https://repo.maven.apache.org/maven2/org/junit/junit-bom/5.3.2/junit-bom-5.3.2.pom (4.1 kB at 15 kB/s)
[INFO] Downloading from rabbit-milestone: https://dl.bintray.com/rabbitmq/maven-milestones/org/springframework/spring-framework-bom/5.1.10.RELEASE/spring-framework-bom-5.1.10.RELEASE.pom
[INFO] Downloading from sonatype-oss-snapshots: https://oss.sonatype.org/content/repositories/snapshots/org/springframework/spring-framework-bom/5.1.10.RELEASE/spring-framework-bom-5.1.10.RELEASE.pom
[INFO] Downloading from spring-milestone: https://repo.spring.io/milestone/org/springframework/spring-framework-bom/5.1.10.RELEASE/spring-framework-bom-5.1.10.RELEASE.pom
[INFO] Downloading from spring-snapshot: https://repo.spring.io/snapshot/org/springframework/spring-framework-bom/5.1.10.RELEASE/spring-framework-bom-5.1.10.RELEASE.pom
[INFO] Downloading from central: https://repo.maven.apache.org/maven2/org/springframework/spring-framework-bom/5.1.10.RELEASE/spring-framework-bom-5.1.10.RELEASE.pom
[INFO] Downloaded from central: https://repo.maven.apache.org/maven2/org/springframework/spring-framework-bom/5.1.10.RELEASE/spring-framework-bom-5.1.10.RELEASE.pom (5.3 kB at 20 kB/s)
[INFO] Downloading from rabbit-milestone: https://dl.bintray.com/rabbitmq/maven-milestones/org/springframework/data/spring-data-releasetrain/Lovelace-SR11/spring-data-releasetrain-Lovelace-SR11.pom
[INFO] Downloading from sonatype-oss-snapshots: https://oss.sonatype.org/content/repositories/snapshots/org/springframework/data/spring-data-releasetrain/Lovelace-SR11/spring-data-releasetrain-Lovelace-SR11.pom
[INFO] Downloading from spring-milestone: https://repo.spring.io/milestone/org/springframework/data/spring-data-releasetrain/Lovelace-SR11/spring-data-releasetrain-Lovelace-SR11.pom
[INFO] Downloading from spring-snapshot: https://repo.spring.io/snapshot/org/springframework/data/spring-data-releasetrain/Lovelace-SR11/spring-data-releasetrain-Lovelace-SR11.pom
[INFO] Downloading from central: https://repo.maven.apache.org/maven2/org/springframework/data/spring-data-releasetrain/Lovelace-SR11/spring-data-releasetrain-Lovelace-SR11.pom
[INFO] Downloaded from central: https://repo.maven.apache.org/maven2/org/springframework/data/spring-data-releasetrain/Lovelace-SR11/spring-data-releasetrain-Lovelace-SR11.pom (4.7 kB at 17 kB/s)
[INFO] Downloading from rabbit-milestone: https://dl.bintray.com/rabbitmq/maven-milestones/org/springframework/data/build/spring-data-build/2.1.11.RELEASE/spring-data-build-2.1.11.RELEASE.pom
[INFO] Downloading from sonatype-oss-snapshots: https://oss.sonatype.org/content/repositories/snapshots/org/springframework/data/build/spring-data-build/2.1.11.RELEASE/spring-data-build-2.1.11.RELEASE.pom
[INFO] Downloading from spring-milestone: https://repo.spring.io/milestone/org/springframework/data/build/spring-data-build/2.1.11.RELEASE/spring-data-build-2.1.11.RELEASE.pom
[INFO] Downloading from spring-snapshot: https://repo.spring.io/snapshot/org/springframework/data/build/spring-data-build/2.1.11.RELEASE/spring-data-build-2.1.11.RELEASE.pom
[INFO] Downloading from central: https://repo.maven.apache.org/maven2/org/springframework/data/build/spring-data-build/2.1.11.RELEASE/spring-data-build-2.1.11.RELEASE.pom
[INFO] Downloaded from central: https://repo.maven.apache.org/maven2/org/springframework/data/build/spring-data-build/2.1.11.RELEASE/spring-data-build-2.1.11.RELEASE.pom (6.8 kB at 25 kB/s)
[INFO] Downloading from rabbit-milestone: https://dl.bintray.com/rabbitmq/maven-milestones/org/springframework/integration/spring-integration-bom/5.1.8.RELEASE/spring-integration-bom-5.1.8.RELEASE.pom
[INFO] Downloading from sonatype-oss-snapshots: https://oss.sonatype.org/content/repositories/snapshots/org/springframework/integration/spring-integration-bom/5.1.8.RELEASE/spring-integration-bom-5.1.8.RELEASE.pom
[INFO] Downloading from spring-milestone: https://repo.spring.io/milestone/org/springframework/integration/spring-integration-bom/5.1.8.RELEASE/spring-integration-bom-5.1.8.RELEASE.pom
[INFO] Downloading from spring-snapshot: https://repo.spring.io/snapshot/org/springframework/integration/spring-integration-bom/5.1.8.RELEASE/spring-integration-bom-5.1.8.RELEASE.pom
[INFO] Downloading from central: https://repo.maven.apache.org/maven2/org/springframework/integration/spring-integration-bom/5.1.8.RELEASE/spring-integration-bom-5.1.8.RELEASE.pom
[INFO] Downloaded from central: https://repo.maven.apache.org/maven2/org/springframework/integration/spring-integration-bom/5.1.8.RELEASE/spring-integration-bom-5.1.8.RELEASE.pom (8.7 kB at 11 kB/s)
[INFO] Downloading from rabbit-milestone: https://dl.bintray.com/rabbitmq/maven-milestones/org/springframework/security/spring-security-bom/5.1.6.RELEASE/spring-security-bom-5.1.6.RELEASE.pom
[INFO] Downloading from sonatype-oss-snapshots: https://oss.sonatype.org/content/repositories/snapshots/org/springframework/security/spring-security-bom/5.1.6.RELEASE/spring-security-bom-5.1.6.RELEASE.pom
[INFO] Downloading from spring-milestone: https://repo.spring.io/milestone/org/springframework/security/spring-security-bom/5.1.6.RELEASE/spring-security-bom-5.1.6.RELEASE.pom
[INFO] Downloading from spring-snapshot: https://repo.spring.io/snapshot/org/springframework/security/spring-security-bom/5.1.6.RELEASE/spring-security-bom-5.1.6.RELEASE.pom
[INFO] Downloading from central: https://repo.maven.apache.org/maven2/org/springframework/security/spring-security-bom/5.1.6.RELEASE/spring-security-bom-5.1.6.RELEASE.pom
[INFO] Downloaded from central: https://repo.maven.apache.org/maven2/org/springframework/security/spring-security-bom/5.1.6.RELEASE/spring-security-bom-5.1.6.RELEASE.pom (5.0 kB at 20 kB/s)
[INFO] Downloading from rabbit-milestone: https://dl.bintray.com/rabbitmq/maven-milestones/org/springframework/session/spring-session-bom/Bean-SR8/spring-session-bom-Bean-SR8.pom
[INFO] Downloading from sonatype-oss-snapshots: https://oss.sonatype.org/content/repositories/snapshots/org/springframework/session/spring-session-bom/Bean-SR8/spring-session-bom-Bean-SR8.pom
[INFO] Downloading from spring-milestone: https://repo.spring.io/milestone/org/springframework/session/spring-session-bom/Bean-SR8/spring-session-bom-Bean-SR8.pom
[INFO] Downloading from spring-snapshot: https://repo.spring.io/snapshot/org/springframework/session/spring-session-bom/Bean-SR8/spring-session-bom-Bean-SR8.pom
[INFO] Downloading from central: https://repo.maven.apache.org/maven2/org/springframework/session/spring-session-bom/Bean-SR8/spring-session-bom-Bean-SR8.pom
[INFO] Downloaded from central: https://repo.maven.apache.org/maven2/org/springframework/session/spring-session-bom/Bean-SR8/spring-session-bom-Bean-SR8.pom (3.0 kB at 12 kB/s)
[INFO] Downloading from spring-milestone: https://repo.spring.io/milestone/org/mybatis/spring/boot/mybatis-spring-boot-autoconfigure/2.1.1/mybatis-spring-boot-autoconfigure-2.1.1.pom
[INFO] Downloading from spring-snapshot: https://repo.spring.io/snapshot/org/mybatis/spring/boot/mybatis-spring-boot-autoconfigure/2.1.1/mybatis-spring-boot-autoconfigure-2.1.1.pom
[INFO] Downloading from rabbit-milestone: https://dl.bintray.com/rabbitmq/maven-milestones/org/mybatis/spring/boot/mybatis-spring-boot-autoconfigure/2.1.1/mybatis-spring-boot-autoconfigure-2.1.1.pom
[INFO] Downloading from central: https://repo.maven.apache.org/maven2/org/mybatis/spring/boot/mybatis-spring-boot-autoconfigure/2.1.1/mybatis-spring-boot-autoconfigure-2.1.1.pom
[INFO] Downloaded from central: https://repo.maven.apache.org/maven2/org/mybatis/spring/boot/mybatis-spring-boot-autoconfigure/2.1.1/mybatis-spring-boot-autoconfigure-2.1.1.pom (3.8 kB at 15 kB/s)
[INFO] Downloading from spring-milestone: https://repo.spring.io/milestone/org/mybatis/mybatis/3.5.3/mybatis-3.5.3.pom
[INFO] Downloading from spring-snapshot: https://repo.spring.io/snapshot/org/mybatis/mybatis/3.5.3/mybatis-3.5.3.pom
[INFO] Downloading from rabbit-milestone: https://dl.bintray.com/rabbitmq/maven-milestones/org/mybatis/mybatis/3.5.3/mybatis-3.5.3.pom
[INFO] Downloading from central: https://repo.maven.apache.org/maven2/org/mybatis/mybatis/3.5.3/mybatis-3.5.3.pom
[INFO] Downloaded from central: https://repo.maven.apache.org/maven2/org/mybatis/mybatis/3.5.3/mybatis-3.5.3.pom (13 kB at 50 kB/s)
[INFO] Downloading from spring-milestone: https://repo.spring.io/milestone/org/mybatis/mybatis-spring/2.0.3/mybatis-spring-2.0.3.pom
